id_cliente,edad,ciudad,antiguedad_meses,ingreso_mensual,segmento_riesgo,cupo_tdc,saldo_actual,mora_dias,producto_principal,antiguedad_inconsistente
1,64,Medellin,35,9659581.0,Medio,2000000,708664,90,Tarjeta,False
2,63,Cali,130,12787686.0,Bajo,8000000,992066,90,Tarjeta,False
3,45,Cali,9,7700021.0,Alto,4000000,1814795,90,Tarjeta,False
4,42,no_especificada,77,7350183.0,Medio,8000000,2147356,0,Libre Destino,False
5,45,no_especificada,36,2691228.0,Bajo,12000000,4846971,0,Tarjeta,False
6,50,Medellin,174,7294174.0,Medio,12000000,10225071,90,Tarjeta,False
7,18,no_especificada,66,5725567.0,Alto,8000000,2353886,0,Libre Destino,True
8,26,Medellin,64,4272160.0,Medio,1000000,905909,90,Tarjeta,False
9,44,Barranquilla,163,4761803.0,Alto,2000000,1489028,30,Tarjeta,False
10,61,Bogota,110,11274462.0,Alto,4000000,3885807,0,Tarjeta,False
11,36,Cali,177,7074933.0,Bajo,4000000,2577187,60,Tarjeta,False
12,58,Barranquilla,172,12464564.0,Alto,1000000,465770,60,Tarjeta,False
13,36,Medellin,44,13574017.0,Bajo,12000000,9652751,60,Libre Destino,False
14,38,Bucaramanga,180,1518986.0,Bajo,1000000,149488,30,Tarjeta,False
15,42,Barranquilla,27,5666942.0,Medio,2000000,1527826,30,Tarjeta,False
16,59,Bogota,118,3800696.0,Medio,12000000,2660662,0,Tarjeta,False
17,39,Barranquilla,127,6953584.0,Alto,4000000,3567725,0,Libre Destino,False
18,40,no_especificada,139,5475728.0,Medio,1000000,782458,0,Tarjeta,False
19,23,no_especificada,49,7765969.0,Alto,8000000,1528220,0,Tarjeta,False
20,56,Bogota,3,3407022.0,Alto,8000000,6718197,0,Tarjeta,False
21,36,no_especificada,166,11715396.0,Alto,8000000,1201195,0,Tarjeta,False
22,25,Medellin,64,10983341.0,Medio,12000000,3549020,0,Libre Destino,False
23,53,Bucaramanga,50,9247514.0,Alto,8000000,6781568,30,Tarjeta,False
24,34,no_especificada,138,1588711.0,Bajo,12000000,6259827,0,Tarjeta,False
25,28,no_especificada,47,9858152.0,Alto,1000000,647517,0,Libre Destino,False
26,36,Bogota,99,7858875.0,Bajo,2000000,863018,0,Tarjeta,False
27,38,Bucaramanga,106,4917570.0,Alto,8000000,6511600,0,Tarjeta,False
28,27,Barranquilla,171,10824712.0,Medio,2000000,1500702,60,Tarjeta,True
29,30,Cali,2,14174212.0,Bajo,1000000,432628,90,Tarjeta,False
30,61,Cali,38,6494221.0,Bajo,4000000,2067031,0,Tarjeta,False
31,59,Bogota,5,4008167.0,Medio,12000000,2852950,0,Tarjeta,False
32,39,Bucaramanga,179,12933304.0,Bajo,2000000,882154,0,Libre Destino,False
33,28,Bogota,60,7464032.0,Medio,1000000,888427,60,Tarjeta,False
34,61,Bucaramanga,179,12691045.0,Alto,2000000,975048,90,Libre Destino,False
35,55,Cali,89,8617093.0,Alto,2000000,924696,90,Tarjeta,False
36,61,Cali,22,7304084.0,Alto,2000000,1401792,60,Tarjeta,False
37,49,Cali,74,10903965.0,Alto,1000000,763284,90,Tarjeta,False
38,37,Medellin,61,3527550.0,Alto,4000000,2612578,30,Tarjeta,False
39,53,Bogota,170,2672398.0,Bajo,1000000,799101,0,Tarjeta,False
40,40,Medellin,17,9919627.0,Bajo,4000000,1173439,30,Tarjeta,False
41,19,Bogota,180,3026505.0,Medio,8000000,7863466,0,Tarjeta,True
42,35,Medellin,27,5777767.0,Medio,8000000,93422,0,Tarjeta,False
43,46,no_especificada,155,7877986.0,Medio,4000000,3391481,0,Tarjeta,False
44,47,no_especificada,102,7658300.0,Medio,2000000,211744,30,Tarjeta,False
45,35,Medellin,65,5056624.0,Alto,12000000,2856490,30,Libre Destino,False
46,25,no_especificada,146,12336024.0,Alto,1000000,181220,90,Tarjeta,True
47,70,Barranquilla,108,10493213.0,Bajo,12000000,7651646,0,Libre Destino,False
48,38,Medellin,96,3237576.0,Bajo,12000000,2842016,0,Libre Destino,False
49,30,Barranquilla,150,6699855.0,Medio,8000000,7692011,0,Tarjeta,True
50,21,Bogota,176,8483219.0,Bajo,2000000,1087927,30,Tarjeta,True
51,71,Barranquilla,171,8755264.0,Alto,12000000,10658258,0,Libre Destino,False
52,37,Cali,73,13201933.0,Alto,12000000,725096,90,Tarjeta,False
53,45,no_especificada,13,6944428.0,Medio,8000000,1117687,60,Tarjeta,False
54,55,Cali,148,1988637.0,Alto,12000000,10824732,0,Tarjeta,False
55,53,Cali,22,13374152.0,Medio,100000000,28242488,0,Tarjeta,False
56,74,no_especificada,137,13611241.0,Medio,4000000,2980829,90,Libre Destino,False
57,65,Bogota,60,2084634.0,Bajo,4000000,1945202,30,Libre Destino,False
58,60,no_especificada,59,2754032.0,Alto,1000000,806632,30,Tarjeta,False
59,62,Cali,55,8870920.0,Medio,2000000,1332327,0,Tarjeta,False
60,54,Cali,62,14167021.0,Medio,4000000,525636,30,Libre Destino,False
61,42,no_especificada,143,5491195.0,Alto,1000000,856970,30,Tarjeta,False
62,57,no_especificada,109,14468541.0,Medio,12000000,6841249,0,Tarjeta,False
63,18,Cali,40,7937689.0,Alto,12000000,1511261,30,Libre Destino,True
64,66,Bucaramanga,15,5851994.0,Alto,2000000,1798518,0,Tarjeta,False
65,32,Barranquilla,24,2138301.0,Alto,4000000,1923632,0,Tarjeta,False
66,33,no_especificada,51,4036437.0,Alto,12000000,3065378,0,Tarjeta,False
67,60,Medellin,63,2173896.0,Alto,4000000,3957497,90,Tarjeta,False
68,26,no_especificada,120,9292630.0,Alto,4000000,2643141,30,Tarjeta,True
69,33,Medellin,138,9605245.0,Bajo,1000000,825986,0,Libre Destino,False
70,29,Bucaramanga,85,13676306.0,Bajo,2000000,1093845,0,Libre Destino,False
71,45,Barranquilla,100,2124087.0,Medio,4000000,1880541,0,Tarjeta,False
72,67,Bogota,139,1970308.0,Medio,2000000,620922,0,Tarjeta,False
73,61,Bogota,49,1541707.0,Bajo,2000000,1789725,90,Tarjeta,False
74,20,Bogota,119,5028575.0,Alto,12000000,8214696,0,Tarjeta,True
75,68,Bucaramanga,82,4306907.0,Bajo,8000000,558165,90,Libre Destino,False
76,48,no_especificada,160,12785687.0,Alto,2000000,373023,0,Tarjeta,False
77,23,Bogota,157,120000000.0,Medio,1000000,813989,90,Tarjeta,True
78,71,Barranquilla,70,4676797.0,Alto,1000000,307250,90,Tarjeta,False
79,67,Cali,180,14446743.0,Alto,2000000,398076,0,Tarjeta,False
80,64,Barranquilla,1,8887444.0,Alto,1000000,35524,60,Tarjeta,False
81,23,no_especificada,82,3205097.0,Alto,8000000,854198,0,Tarjeta,True
82,47,Medellin,15,13208356.0,Medio,2000000,1743775,0,Tarjeta,False
83,24,Barranquilla,134,6774091.0,Alto,2000000,537140,60,Tarjeta,True
84,38,Cali,130,13188572.0,Bajo,12000000,3154677,30,Libre Destino,False
85,26,Bogota,17,8123910.0,Bajo,12000000,8827899,30,Tarjeta,False
86,26,Bogota,168,10030920.0,Bajo,8000000,4817523,30,Libre Destino,True
87,30,Medellin,110,9178635.0,Bajo,12000000,1741677,90,Libre Destino,False
88,61,Bucaramanga,62,14622497.0,Bajo,4000000,3892429,0,Tarjeta,False
89,38,no_especificada,50,12664806.0,Medio,1000000,411537,90,Tarjeta,False
90,47,Cali,27,4960544.0,Medio,12000000,11291947,90,Tarjeta,False
91,72,Barranquilla,31,6952314.0,Alto,8000000,697823,30,Tarjeta,False
92,64,Barranquilla,127,10623127.0,Medio,1000000,695052,60,Tarjeta,False
93,32,Cali,161,9185663.0,Bajo,2000000,1337615,0,Tarjeta,False
94,67,no_especificada,132,2839740.0,Bajo,8000000,1522908,90,Tarjeta,False
95,69,Bucaramanga,101,6476995.0,Medio,8000000,67503,0,Tarjeta,False
96,41,Cali,7,14712574.0,Bajo,12000000,9007750,30,Tarjeta,False
97,53,Bogota,160,8356173.0,Medio,8000000,5088155,0,Libre Destino,False
98,60,Cali,165,10205275.0,Medio,1000000,648230,0,Tarjeta,False
99,54,Bogota,110,5590949.0,Alto,1000000,128664,60,Tarjeta,False
100,37,Barranquilla,180,6810599.0,Medio,4000000,1215980,0,Tarjeta,False
101,39,Barranquilla,13,5330264.0,Medio,2000000,1344734,0,Tarjeta,False
102,70,Medellin,117,6402762.0,Bajo,1000000,792971,0,Tarjeta,False
103,50,Barranquilla,90,14653943.0,Medio,1000000,611444,0,Libre Destino,False
104,25,Medellin,119,1208661.0,Bajo,8000000,7468857,30,Tarjeta,True
105,64,Bogota,169,13062747.0,Medio,2000000,777550,60,Tarjeta,False
106,61,Barranquilla,45,10740200.0,Medio,1000000,256208,0,Tarjeta,False
107,20,Cali,20,4555700.0,Alto,4000000,3775768,60,Tarjeta,False
108,57,Barranquilla,125,14986688.0,Medio,12000000,8051073,30,Tarjeta,False
109,58,Medellin,39,14477473.0,Bajo,8000000,3961825,90,Tarjeta,False
110,58,Cali,125,9820300.0,Medio,4000000,3310874,30,Tarjeta,False
111,69,Bucaramanga,135,6098771.0,Bajo,2000000,1652530,0,Tarjeta,False
112,48,Bucaramanga,27,4591910.0,Bajo,12000000,6283481,0,Libre Destino,False
113,24,no_especificada,53,13586095.0,Alto,12000000,299564,0,Libre Destino,False
114,69,Bogota,84,13734661.0,Alto,4000000,858902,60,Tarjeta,False
115,47,no_especificada,171,8446561.0,Alto,8000000,6305616,0,Tarjeta,False
116,43,Bogota,140,7239447.0,Alto,4000000,1642831,0,Libre Destino,False
117,23,Barranquilla,172,11309210.0,Alto,12000000,2786470,0,Libre Destino,True
118,31,Bucaramanga,115,4164373.0,Alto,4000000,627647,0,Libre Destino,False
119,72,no_especificada,31,11820927.0,Alto,8000000,4237771,0,Libre Destino,False
120,36,Barranquilla,21,11618048.0,Alto,1000000,857242,30,Tarjeta,False
121,46,Barranquilla,135,14289124.0,Alto,12000000,5054315,30,Tarjeta,False
122,70,no_especificada,59,13600041.0,Alto,1000000,90178,0,Tarjeta,False
123,70,no_especificada,165,7607449.0,Alto,8000000,2801159,0,Tarjeta,False
124,71,Bucaramanga,145,11982931.0,Alto,12000000,10070605,60,Tarjeta,False
125,47,Medellin,79,9201869.0,Bajo,4000000,2058769,60,Libre Destino,False
126,33,Cali,60,2035824.0,Alto,4000000,2553627,0,Tarjeta,False
127,63,Bucaramanga,135,12509610.0,Alto,12000000,4725953,30,Libre Destino,False
128,72,no_especificada,127,12655821.0,Bajo,8000000,1599810,30,Tarjeta,False
129,60,Barranquilla,133,2822304.0,Medio,4000000,1410326,60,Tarjeta,False
130,35,Cali,172,12257498.0,Bajo,1000000,710349,0,Tarjeta,False
131,36,Cali,92,8204504.0,Bajo,8000000,144558,30,Tarjeta,False
132,74,Bogota,66,1603502.0,Alto,2000000,1467185,0,Tarjeta,False
133,25,Bogota,155,1436757.0,Medio,4000000,2499565,0,Tarjeta,True
134,54,no_especificada,107,9601227.0,Medio,8000000,5093823,30,Tarjeta,False
135,37,Bucaramanga,125,11654462.0,Bajo,4000000,208518,30,Tarjeta,False
136,65,Medellin,125,10141573.0,Alto,8000000,3742906,60,Tarjeta,False
137,25,Bucaramanga,86,,Medio,8000000,2688607,0,Tarjeta,True
138,44,Medellin,129,9724829.0,Medio,2000000,818123,90,Libre Destino,False
139,60,Cali,7,11885490.0,Bajo,2000000,1443333,60,Libre Destino,False
140,67,Bucaramanga,90,12286184.0,Medio,1000000,132881,0,Tarjeta,False
141,39,Bogota,144,2031150.0,Bajo,2000000,707324,0,Tarjeta,False
142,35,Medellin,149,6467606.0,Alto,8000000,6646026,0,Tarjeta,False
143,47,no_especificada,100,8156282.0,Bajo,12000000,10152268,0,Tarjeta,False
144,47,Cali,151,5470949.0,Bajo,2000000,734458,90,Tarjeta,False
145,60,Bucaramanga,51,1889407.0,Medio,8000000,819250,60,Tarjeta,False
146,58,Bucaramanga,6,11292647.0,Medio,2000000,1325223,60,Libre Destino,False
147,18,Bogota,154,2033526.0,Bajo,2000000,1352407,0,Tarjeta,True
148,33,Medellin,10,7192562.0,Alto,12000000,2099816,30,Tarjeta,False
149,42,Barranquilla,152,11071897.0,Medio,1000000,909011,90,Libre Destino,False
150,51,Cali,10,1927017.0,Bajo,1000000,964221,90,Tarjeta,False
151,39,Bogota,103,13982679.0,Alto,2000000,535363,0,Tarjeta,False
152,58,Cali,176,5347093.0,Bajo,12000000,1323686,0,Libre Destino,False
153,62,Bucaramanga,64,7690691.0,Alto,4000000,2402137,0,Tarjeta,False
154,37,Cali,106,13032062.0,Alto,8000000,6589220,0,Libre Destino,False
155,36,Cali,23,10191804.0,Bajo,1000000,222820,0,Libre Destino,False
156,63,Bogota,58,1830807.0,Bajo,1000000,883400,0,Libre Destino,False
157,27,Cali,93,10564649.0,Medio,8000000,3012550,0,Libre Destino,False
158,44,Bogota,115,2822618.0,Medio,8000000,7234328,90,Tarjeta,False
159,61,Bogota,178,8110372.0,Bajo,1000000,844851,30,Libre Destino,False
160,18,Cali,159,2493131.0,Alto,4000000,3192748,90,Tarjeta,True
161,49,Barranquilla,24,4666570.0,Bajo,2000000,1451039,0,Tarjeta,False
162,24,Barranquilla,39,11183827.0,Bajo,12000000,11377094,60,Tarjeta,False
163,50,Cali,108,11198816.0,Bajo,8000000,510750,60,Tarjeta,False
164,47,Medellin,154,9873983.0,Bajo,4000000,3944146,60,Libre Destino,False
165,56,Medellin,105,2870937.0,Bajo,1000000,376530,0,Tarjeta,False
166,29,Cali,38,3629470.0,Alto,4000000,3247341,30,Libre Destino,False
167,66,Medellin,127,6730699.0,Medio,8000000,3494352,0,Libre Destino,False
168,58,Bucaramanga,7,11290205.0,Alto,2000000,1325632,90,Tarjeta,False
169,36,no_especificada,35,13364899.0,Bajo,4000000,2226318,0,Libre Destino,False
170,57,Bogota,154,6604422.0,Medio,4000000,2236429,60,Tarjeta,False
171,57,Bucaramanga,68,13424439.0,Medio,2000000,1730038,90,Tarjeta,False
172,68,Bogota,30,8063528.0,Bajo,12000000,1231268,60,Tarjeta,False
173,48,Medellin,122,7036259.0,Alto,4000000,630560,0,Tarjeta,False
174,52,Cali,153,9421852.0,Alto,12000000,8108333,0,Libre Destino,False
175,37,Medellin,128,14521166.0,Medio,4000000,3177571,0,Tarjeta,False
176,69,Medellin,37,14646040.0,Bajo,4000000,1399248,0,Tarjeta,False
177,37,Medellin,8,1830249.0,Medio,1000000,255554,30,Tarjeta,False
178,30,Bogota,152,10772505.0,Bajo,1000000,578683,0,Tarjeta,True
179,19,Bucaramanga,104,9696232.0,Alto,12000000,9483233,30,Tarjeta,True
180,47,Bucaramanga,83,7652929.0,Alto,8000000,3604469,0,Tarjeta,False
181,74,Medellin,155,4104075.0,Alto,1000000,711115,0,Tarjeta,False
182,27,Cali,82,8986031.0,Medio,1000000,617016,0,Tarjeta,False
183,36,Medellin,175,14728726.0,Medio,12000000,195501,30,Tarjeta,False
184,32,Barranquilla,24,1505362.0,Medio,4000000,3420851,90,Libre Destino,False
185,60,Cali,26,10586960.0,Medio,8000000,6839890,30,Tarjeta,False
186,69,Barranquilla,102,8068349.0,Medio,4000000,2300747,0,Tarjeta,False
187,58,Bucaramanga,51,6661892.0,Alto,1000000,724981,90,Libre Destino,False
188,18,Bogota,115,4064140.0,Alto,2000000,698369,0,Libre Destino,True
189,59,no_especificada,85,8435424.0,Bajo,4000000,3243870,0,Tarjeta,False
190,68,Bogota,80,13139430.0,Bajo,1000000,444352,0,Libre Destino,False
191,74,Barranquilla,14,11507756.0,Medio,8000000,444994,60,Tarjeta,False
192,38,Cali,133,14982291.0,Alto,12000000,6468804,0,Tarjeta,False
193,48,Bucaramanga,134,6419856.0,Bajo,4000000,3330609,0,Tarjeta,False
194,59,Barranquilla,115,2714045.0,Medio,1000000,222680,0,Libre Destino,False
195,73,Cali,84,7034372.0,Bajo,8000000,7537696,30,Tarjeta,False
196,49,Barranquilla,155,11904641.0,Medio,2000000,892349,0,Tarjeta,False
197,32,Bogota,73,12962661.0,Bajo,4000000,3240974,90,Libre Destino,False
198,64,Barranquilla,132,13381335.0,Alto,8000000,4588059,60,Libre Destino,False
199,36,Bucaramanga,23,11413041.0,Bajo,1000000,916817,90,Libre Destino,False
200,22,Cali,132,5843422.0,Medio,1000000,178705,0,Libre Destino,True
201,37,Bucaramanga,98,12918940.0,Medio,2000000,1676124,0,Tarjeta,False
202,64,Bogota,68,2419396.0,Medio,1000000,50991,30,Tarjeta,False
203,20,Barranquilla,146,2847392.0,Medio,1000000,500272,0,Tarjeta,True
204,72,Barranquilla,173,8786875.0,Medio,1000000,321463,30,Tarjeta,False
205,51,Barranquilla,174,4809964.0,Medio,12000000,11205536,0,Tarjeta,False
206,49,Medellin,165,8498414.0,Bajo,4000000,2646280,0,Tarjeta,False
207,29,Barranquilla,72,9475027.0,Medio,4000000,3123883,60,Tarjeta,False
208,75,Medellin,56,4176536.0,Medio,8000000,571339,0,Tarjeta,False
209,72,Bucaramanga,36,12255626.0,Medio,12000000,1137025,0,Tarjeta,False
210,44,Barranquilla,96,10878016.0,Medio,12000000,1326104,0,Tarjeta,False
211,27,Cali,109,9786439.0,Bajo,8000000,3576252,0,Tarjeta,True
212,68,Bogota,25,10833299.0,Medio,2000000,484684,0,Libre Destino,False
213,29,Medellin,113,7543328.0,Alto,1000000,639129,0,Tarjeta,False
214,47,Barranquilla,30,13404987.0,Bajo,4000000,2304856,0,Libre Destino,False
215,18,Medellin,38,5970301.0,Medio,1000000,410133,90,Libre Destino,True
216,28,Cali,107,14965002.0,Alto,2000000,1224999,30,Libre Destino,False
217,60,Medellin,54,6355289.0,Alto,1000000,908864,90,Tarjeta,False
218,29,Bucaramanga,159,12593523.0,Alto,12000000,237490,60,Libre Destino,True
219,27,no_especificada,1,4137900.0,Medio,4000000,3591147,0,Libre Destino,False
220,43,Medellin,78,11489097.0,Bajo,12000000,10276175,90,Libre Destino,False
221,28,Bogota,166,13947423.0,Bajo,1000000,512857,0,Libre Destino,True
222,54,Medellin,137,8130128.0,Bajo,1000000,882510,90,Tarjeta,False
223,25,Barranquilla,16,5907926.0,Bajo,8000000,4871057,0,Tarjeta,False
224,38,Bogota,69,9385952.0,Medio,1000000,142948,30,Libre Destino,False
225,50,Medellin,11,3288125.0,Alto,2000000,85754,30,Tarjeta,False
226,42,Bucaramanga,149,8196717.0,Bajo,12000000,11708131,0,Tarjeta,False
227,45,Bogota,119,8257236.0,Medio,12000000,7802970,30,Libre Destino,False
228,63,Medellin,33,4990517.0,Bajo,12000000,799114,0,Tarjeta,False
229,52,Medellin,112,9587588.0,Medio,1000000,560902,0,Tarjeta,False
230,75,no_especificada,174,7929261.0,Medio,8000000,5870778,0,Libre Destino,False
231,43,Bucaramanga,142,12681896.0,Medio,4000000,3735693,90,Tarjeta,False
232,69,Bucaramanga,102,1433378.0,Alto,8000000,2740950,60,Tarjeta,False
233,26,Bucaramanga,135,8084909.0,Alto,8000000,2815735,60,Libre Destino,True
234,30,Barranquilla,13,9082139.0,Alto,8000000,1118703,90,Libre Destino,False
235,35,Bucaramanga,165,2588513.0,Bajo,4000000,1172,30,Libre Destino,False
236,50,Bogota,126,1261456.0,Medio,12000000,7537891,0,Tarjeta,False
237,48,Medellin,18,8549973.0,Alto,1000000,663568,0,Libre Destino,False
238,24,Cali,155,7470469.0,Alto,1000000,427914,0,Tarjeta,True
239,24,Barranquilla,3,11260527.0,Medio,1000000,554196,60,Tarjeta,False
240,75,no_especificada,63,5651762.0,Alto,1000000,442091,30,Tarjeta,False
241,75,Bogota,161,2685247.0,Alto,1000000,106691,0,Libre Destino,False
242,18,Barranquilla,177,3117022.0,Medio,2000000,639010,90,Tarjeta,True
243,66,Bogota,146,12598643.0,Alto,4000000,2715567,0,Libre Destino,False
244,37,Barranquilla,88,11225605.0,Bajo,12000000,3402728,0,Tarjeta,False
245,70,Bucaramanga,40,10187161.0,Bajo,1000000,836641,90,Tarjeta,False
246,46,Medellin,47,2109218.0,Bajo,12000000,6613741,0,Tarjeta,False
247,57,Bogota,61,2241006.0,Medio,4000000,2676098,90,Tarjeta,False
248,45,no_especificada,42,14462759.0,Bajo,12000000,3486651,0,Tarjeta,False
249,56,Medellin,144,2994502.0,Alto,4000000,1873994,0,Tarjeta,False
250,45,Barranquilla,118,3446401.0,Alto,8000000,5050028,0,Tarjeta,False
251,58,Bogota,117,4415093.0,Alto,8000000,7077098,60,Tarjeta,False
252,23,no_especificada,54,6012589.0,Bajo,12000000,282252,30,Libre Destino,False
253,19,Cali,178,1650396.0,Medio,12000000,3393865,90,Tarjeta,True
254,61,no_especificada,171,1834308.0,Bajo,12000000,1404002,0,Tarjeta,False
255,65,no_especificada,73,3549050.0,Alto,4000000,1262572,0,Tarjeta,False
256,50,Cali,103,2855994.0,Alto,1000000,98858,60,Libre Destino,False
257,44,no_especificada,137,12784227.0,Alto,4000000,1038916,30,Tarjeta,False
258,45,Barranquilla,24,11551638.0,Medio,8000000,7679335,60,Libre Destino,False
259,57,Barranquilla,64,4708512.0,Medio,2000000,453644,30,Tarjeta,False
260,39,Bogota,114,3927380.0,Bajo,4000000,20186,0,Tarjeta,False
261,61,Barranquilla,169,9851068.0,Medio,4000000,3388380,60,Tarjeta,False
262,36,no_especificada,114,6983439.0,Alto,8000000,1112687,0,Tarjeta,False
263,66,Cali,71,2603673.0,Medio,8000000,1620984,30,Tarjeta,False
264,32,Barranquilla,45,8226753.0,Bajo,8000000,4887540,0,Tarjeta,False
265,42,Bucaramanga,45,3686685.0,Alto,4000000,3734471,90,Tarjeta,False
266,75,Medellin,23,13762106.0,Bajo,2000000,1334199,0,Tarjeta,False
267,49,Bucaramanga,162,9596718.0,Bajo,12000000,11494641,60,Tarjeta,False
268,19,Medellin,144,3731347.0,Medio,2000000,27019,0,Tarjeta,True
269,37,Bogota,125,10388066.0,Bajo,12000000,5751673,0,Tarjeta,False
270,63,Medellin,156,3787865.0,Medio,2000000,197676,30,Libre Destino,False
271,46,Bucaramanga,91,3957773.0,Medio,8000000,6627266,0,Libre Destino,False
272,57,Barranquilla,120,10242231.0,Bajo,4000000,1794317,0,Libre Destino,False
273,43,Medellin,12,9389605.0,Bajo,4000000,2179903,0,Libre Destino,False
274,25,Bucaramanga,58,,Bajo,8000000,1249296,90,Tarjeta,False
275,49,no_especificada,100,3286063.0,Bajo,8000000,7649158,0,Tarjeta,False
276,25,Barranquilla,161,4131793.0,Medio,8000000,1023343,0,Tarjeta,True
277,42,Cali,23,14712148.0,Bajo,2000000,1098866,60,Tarjeta,False
278,51,no_especificada,108,3138083.0,Alto,8000000,824366,0,Tarjeta,False
279,23,Bucaramanga,50,5822373.0,Bajo,4000000,862789,90,Tarjeta,False
280,70,Medellin,116,1994465.0,Bajo,2000000,890344,90,Tarjeta,False
281,22,Medellin,7,12369326.0,Medio,2000000,1695909,0,Tarjeta,False
282,48,Bogota,41,10078209.0,Alto,1000000,679236,90,Tarjeta,False
283,37,no_especificada,110,9926669.0,Medio,8000000,6196277,0,Libre Destino,False
284,69,Medellin,48,6607501.0,Bajo,2000000,1318566,30,Libre Destino,False
285,25,Cali,108,9948888.0,Bajo,12000000,9888113,0,Libre Destino,True
286,32,Bucaramanga,7,5971411.0,Medio,12000000,3480871,90,Tarjeta,False
287,74,Cali,176,12508899.0,Medio,2000000,1396410,90,Tarjeta,False
288,74,Bucaramanga,174,1945096.0,Bajo,8000000,7667699,30,Tarjeta,False
289,71,Medellin,111,6259564.0,Medio,1000000,521948,30,Libre Destino,False
290,21,Bucaramanga,134,11841375.0,Alto,4000000,3265743,0,Tarjeta,True
291,33,Barranquilla,39,9051319.0,Bajo,2000000,987811,0,Tarjeta,False
292,56,Barranquilla,140,8715300.0,Bajo,12000000,9095053,90,Libre Destino,False
293,57,Cali,101,5461159.0,Alto,12000000,1174961,0,Libre Destino,False
294,71,Bogota,99,4214847.0,Alto,4000000,998989,60,Libre Destino,False
295,19,Medellin,43,14529767.0,Bajo,12000000,378359,60,Tarjeta,True
296,33,Barranquilla,150,5644239.0,Medio,8000000,6161225,30,Libre Destino,False
297,60,Bogota,38,12310501.0,Alto,8000000,7077876,0,Tarjeta,False
298,38,Bogota,129,13933230.0,Alto,4000000,122892,0,Tarjeta,False
299,67,Barranquilla,70,4632997.0,Bajo,1000000,801482,0,Libre Destino,False
300,67,Barranquilla,19,7788061.0,Medio,12000000,760677,30,Tarjeta,False
301,20,Bucaramanga,105,5280226.0,Medio,2000000,241830,60,Libre Destino,True
302,33,Bogota,126,11555666.0,Alto,4000000,2238704,0,Libre Destino,False
303,23,no_especificada,39,1534405.0,Alto,4000000,499021,0,Libre Destino,False
304,39,Bucaramanga,2,10557115.0,Medio,12000000,3607788,30,Libre Destino,False
305,43,Bogota,52,2590119.0,Bajo,2000000,1607617,0,Libre Destino,False
306,58,Medellin,84,1480237.0,Bajo,4000000,107712,0,Tarjeta,False
307,35,Cali,26,9150092.0,Alto,8000000,5314964,90,Libre Destino,False
308,42,no_especificada,103,13342191.0,Medio,2000000,1149027,0,Tarjeta,False
309,32,Bogota,155,12359358.0,Medio,4000000,1500136,60,Tarjeta,False
310,74,Cali,8,10376525.0,Bajo,8000000,6911897,90,Libre Destino,False
311,37,Bogota,121,11736150.0,Bajo,12000000,10427398,60,Tarjeta,False
312,53,Barranquilla,88,1901074.0,Bajo,2000000,891302,90,Tarjeta,False
313,22,Medellin,157,3058712.0,Alto,4000000,37247,0,Tarjeta,True
314,44,Cali,65,11937847.0,Medio,4000000,2365659,0,Libre Destino,False
315,60,Medellin,123,14551418.0,Medio,8000000,7588765,30,Libre Destino,False
316,32,Bogota,41,11938579.0,Bajo,1000000,626354,90,Tarjeta,False
317,40,Bogota,96,8228712.0,Alto,4000000,407588,90,Tarjeta,False
318,38,Bucaramanga,8,12878226.0,Alto,2000000,1814024,0,Tarjeta,False
319,25,Medellin,172,8304284.0,Bajo,1000000,766114,30,Libre Destino,True
320,75,Barranquilla,106,12783569.0,Bajo,12000000,5742056,30,Tarjeta,False
321,20,Bogota,67,1869922.0,Bajo,1000000,77083,60,Tarjeta,True
322,72,Medellin,155,9763186.0,Alto,8000000,1045467,0,Libre Destino,False
323,21,Bucaramanga,26,14334561.0,Medio,2000000,427188,60,Libre Destino,False
324,54,Bucaramanga,145,2547017.0,Medio,4000000,2385183,0,Libre Destino,False
325,21,Cali,28,8998215.0,Alto,12000000,1715009,90,Tarjeta,False
326,72,Bogota,103,3432019.0,Medio,8000000,3956059,60,Tarjeta,False
327,69,Barranquilla,84,9745782.0,Bajo,2000000,341181,0,Tarjeta,False
328,45,Barranquilla,142,10069301.0,Alto,2000000,1067157,0,Libre Destino,False
329,62,Barranquilla,55,6338878.0,Bajo,12000000,4419246,60,Tarjeta,False
330,47,Medellin,71,6036651.0,Bajo,4000000,2275991,0,Tarjeta,False
331,19,Bogota,37,2738252.0,Bajo,12000000,4015120,60,Tarjeta,True
332,32,Bogota,4,12535606.0,Alto,1000000,583881,0,Libre Destino,False
333,38,Medellin,3,3321834.0,Bajo,1000000,786617,0,Tarjeta,False
334,53,Medellin,69,1347595.0,Alto,2000000,1197043,90,Tarjeta,False
335,63,no_especificada,102,9418155.0,Medio,12000000,10682713,30,Tarjeta,False
336,31,Bucaramanga,77,12839442.0,Bajo,12000000,2043043,60,Libre Destino,False
337,63,Cali,116,6697769.0,Medio,4000000,999936,0,Libre Destino,False
338,67,Medellin,143,2574962.0,Medio,8000000,3378865,0,Libre Destino,False
339,33,Medellin,45,6613977.0,Medio,12000000,8434488,90,Tarjeta,False
340,63,Bogota,46,10985017.0,Alto,1000000,69523,90,Tarjeta,False
341,20,no_especificada,157,10634742.0,Medio,2000000,391007,0,Tarjeta,True
342,46,no_especificada,43,8127146.0,Medio,8000000,5465547,0,Tarjeta,False
343,49,no_especificada,6,2703409.0,Bajo,2000000,1929970,60,Tarjeta,False
344,63,Bogota,8,2522320.0,Bajo,4000000,3001444,0,Tarjeta,False
345,39,no_especificada,59,3639435.0,Medio,12000000,7577382,0,Tarjeta,False
346,62,Bucaramanga,23,9614091.0,Medio,4000000,258045,0,Tarjeta,False
347,45,Bogota,167,10378556.0,Alto,4000000,697196,90,Libre Destino,False
348,71,Barranquilla,40,13513183.0,Medio,12000000,9346502,60,Tarjeta,False
349,35,Medellin,165,14299330.0,Alto,12000000,11918018,90,Tarjeta,False
350,26,no_especificada,162,11472648.0,Alto,8000000,3789949,0,Tarjeta,True
351,47,Barranquilla,64,14404163.0,Alto,4000000,633016,30,Libre Destino,False
352,55,Cali,103,2916159.0,Bajo,1000000,865093,0,Tarjeta,False
353,56,Medellin,175,12547559.0,Bajo,2000000,1131711,90,Tarjeta,False
354,34,no_especificada,140,11660073.0,Bajo,2000000,1896263,90,Libre Destino,False
355,18,Medellin,110,11728125.0,Medio,12000000,4558271,90,Tarjeta,True
356,69,Cali,152,10124086.0,Medio,1000000,264909,90,Tarjeta,False
357,30,no_especificada,88,3593745.0,Alto,12000000,9299724,0,Tarjeta,False
358,67,Medellin,174,10215548.0,Bajo,8000000,4240418,0,Tarjeta,False
359,25,Cali,49,13313675.0,Medio,8000000,7287003,90,Tarjeta,False
360,24,Medellin,118,1243098.0,Bajo,2000000,385078,0,Tarjeta,True
361,21,Medellin,130,2395468.0,Medio,2000000,1720524,90,Tarjeta,True
362,59,Bogota,33,10035564.0,Alto,12000000,8283427,0,Tarjeta,False
363,61,Bogota,140,8792277.0,Bajo,4000000,2103564,90,Libre Destino,False
364,69,Barranquilla,55,6157053.0,Alto,2000000,113867,90,Tarjeta,False
365,62,Barranquilla,105,6667376.0,Bajo,1000000,741118,0,Tarjeta,False
366,43,Medellin,28,6577180.0,Bajo,2000000,1570644,0,Libre Destino,False
367,35,Bucaramanga,70,14051830.0,Medio,12000000,6559771,0,Tarjeta,False
368,65,no_especificada,4,11662221.0,Medio,12000000,10168078,0,Tarjeta,False
369,57,no_especificada,170,7922577.0,Bajo,4000000,3806684,0,Tarjeta,False
370,32,Barranquilla,26,9154952.0,Alto,1000000,335928,30,Libre Destino,False
371,47,Medellin,89,11462643.0,Medio,2000000,1757920,0,Libre Destino,False
372,67,Bucaramanga,3,12187545.0,Alto,2000000,942190,0,Tarjeta,False
373,48,Cali,83,4098680.0,Medio,4000000,1246637,0,Tarjeta,False
374,27,no_especificada,36,1276497.0,Bajo,4000000,671567,0,Libre Destino,False
375,27,Bucaramanga,162,7278818.0,Medio,12000000,4341137,0,Tarjeta,True
376,29,Bogota,134,14280529.0,Bajo,2000000,1762132,0,Tarjeta,True
377,73,Medellin,133,3700972.0,Bajo,4000000,3133978,0,Tarjeta,False
378,52,Bogota,150,13131937.0,Medio,2000000,484641,30,Tarjeta,False
379,46,Bogota,36,7799568.0,Bajo,2000000,1774691,90,Tarjeta,False
380,18,Medellin,22,1580657.0,Medio,2000000,420377,90,Tarjeta,True
381,36,Barranquilla,9,10650641.0,Bajo,4000000,2510680,30,Libre Destino,False
382,24,Bucaramanga,11,4868636.0,Medio,2000000,239600,0,Tarjeta,False
383,23,Medellin,104,5964443.0,Alto,1000000,6146,60,Tarjeta,True
384,24,Cali,97,8255015.0,Bajo,1000000,643455,0,Libre Destino,True
385,28,Barranquilla,15,14763870.0,Bajo,4000000,2373294,90,Tarjeta,False
386,18,Cali,121,2998501.0,Medio,12000000,7088625,60,Libre Destino,True
387,22,Bucaramanga,77,3338987.0,Bajo,12000000,6807215,0,Tarjeta,True
388,65,Bucaramanga,135,2172300.0,Bajo,2000000,1571379,0,Tarjeta,False
389,64,no_especificada,109,4977776.0,Medio,2000000,1576460,30,Tarjeta,False
390,55,Cali,116,9802300.0,Bajo,12000000,7518229,30,Libre Destino,False
391,43,Bogota,25,5756604.0,Alto,2000000,308592,0,Tarjeta,False
392,60,Medellin,154,1652349.0,Bajo,1000000,451800,60,Tarjeta,False
393,39,Barranquilla,164,4135343.0,Medio,8000000,1574261,0,Libre Destino,False
394,43,Cali,71,13641248.0,Bajo,12000000,11840768,90,Tarjeta,False
395,21,Bogota,152,10609902.0,Bajo,12000000,9269628,30,Libre Destino,True
396,63,no_especificada,100,10826676.0,Medio,2000000,1591540,30,Tarjeta,False
397,69,Bogota,84,7401551.0,Alto,1000000,2165,30,Tarjeta,False
398,41,no_especificada,11,14120842.0,Alto,4000000,995420,0,Tarjeta,False
399,29,Bucaramanga,86,12664825.0,Alto,12000000,9280581,0,Tarjeta,False
400,59,Cali,178,7382863.0,Bajo,2000000,204549,30,Tarjeta,False
401,45,Bucaramanga,105,10858230.0,Alto,2000000,1817865,90,Tarjeta,False
402,27,Bogota,31,11671400.0,Medio,4000000,2628186,60,Tarjeta,False
403,62,no_especificada,132,11514740.0,Medio,8000000,1136971,60,Tarjeta,False
404,47,Bogota,36,14274939.0,Medio,4000000,2923921,0,Tarjeta,False
405,32,Bogota,137,7539699.0,Bajo,1000000,422790,0,Libre Destino,False
406,71,Medellin,66,11578544.0,Medio,2000000,266456,0,Libre Destino,False
407,51,Cali,179,4230661.0,Medio,12000000,8498951,0,Tarjeta,False
408,27,Bogota,73,1561108.0,Bajo,8000000,5945984,90,Tarjeta,False
409,29,Bogota,84,8602708.0,Alto,4000000,983006,0,Tarjeta,False
410,72,Bogota,117,8579069.0,Bajo,4000000,1981887,0,Tarjeta,False
411,22,Medellin,102,,Bajo,12000000,8599320,0,Tarjeta,True
412,46,Bogota,122,2198511.0,Alto,1000000,703332,0,Tarjeta,False
413,59,Cali,104,2513869.0,Alto,12000000,10115820,0,Libre Destino,False
414,74,Bogota,159,3587731.0,Medio,1000000,643617,30,Tarjeta,False
415,36,Medellin,30,7144320.0,Alto,8000000,3179412,0,Libre Destino,False
416,28,no_especificada,53,8807718.0,Alto,4000000,3820241,60,Tarjeta,False
417,63,Cali,27,10166114.0,Medio,2000000,690570,0,Tarjeta,False
418,20,Bogota,100,5701368.0,Medio,2000000,629317,0,Tarjeta,True
419,74,Bogota,55,8340430.0,Bajo,8000000,7115052,90,Tarjeta,False
420,33,Barranquilla,143,9859947.0,Bajo,4000000,231568,0,Tarjeta,False
421,19,Bogota,143,8712156.0,Bajo,4000000,1967489,90,Tarjeta,True
422,56,Barranquilla,8,5218774.0,Alto,4000000,2701036,90,Tarjeta,False
423,57,Cali,166,14118560.0,Medio,2000000,480360,0,Tarjeta,False
424,53,no_especificada,13,13901460.0,Medio,4000000,3274924,0,Tarjeta,False
425,49,Medellin,115,7524357.0,Bajo,4000000,982508,60,Tarjeta,False
426,49,no_especificada,94,10698947.0,Alto,2000000,749529,0,Tarjeta,False
427,75,Medellin,155,8379749.0,Medio,2000000,51229,0,Tarjeta,False
428,68,Bogota,27,3016694.0,Bajo,2000000,1866853,0,Libre Destino,False
429,39,Barranquilla,33,6366457.0,Medio,1000000,713037,90,Tarjeta,False
430,54,Cali,32,7999093.0,Medio,1000000,996756,60,Tarjeta,False
431,48,Bucaramanga,74,1865344.0,Bajo,8000000,7800291,60,Tarjeta,False
432,20,Cali,25,14384464.0,Medio,2000000,1475606,90,Tarjeta,True
433,26,Barranquilla,52,2847194.0,Medio,2000000,1319187,0,Tarjeta,False
434,36,Cali,101,14351821.0,Bajo,8000000,4321862,0,Tarjeta,False
435,29,Barranquilla,61,12367693.0,Medio,4000000,2216826,0,Tarjeta,False
436,55,Barranquilla,148,8589887.0,Alto,4000000,979262,0,Libre Destino,False
437,43,Medellin,10,7276904.0,Bajo,4000000,2300373,30,Tarjeta,False
438,51,Bogota,90,11460281.0,Medio,8000000,858851,0,Tarjeta,False
439,62,Barranquilla,124,8690818.0,Bajo,8000000,6920569,30,Libre Destino,False
440,65,Bogota,109,9374036.0,Alto,8000000,372684,30,Tarjeta,False
441,48,Cali,88,3905150.0,Alto,1000000,76975,0,Tarjeta,False
442,58,Cali,28,3994754.0,Medio,1000000,106941,30,Tarjeta,False
443,31,no_especificada,158,3779873.0,Medio,1000000,221750,0,Tarjeta,True
444,26,Medellin,8,10024478.0,Bajo,8000000,7125678,30,Tarjeta,False
445,21,no_especificada,138,9578391.0,Alto,8000000,4939919,0,Tarjeta,True
446,40,Cali,160,14487475.0,Medio,8000000,3863654,60,Tarjeta,False
447,19,Barranquilla,152,4792336.0,Bajo,8000000,4214362,0,Tarjeta,True
448,71,Medellin,36,1233215.0,Bajo,4000000,3502386,0,Tarjeta,False
449,22,no_especificada,164,12599776.0,Bajo,8000000,217429,0,Libre Destino,True
450,69,Medellin,145,14179189.0,Alto,8000000,4067227,0,Libre Destino,False
451,74,Barranquilla,65,4119388.0,Alto,2000000,75844,30,Tarjeta,False
452,69,Barranquilla,71,6633842.0,Medio,4000000,3892215,0,Libre Destino,False
453,47,Medellin,79,10326354.0,Alto,12000000,11661794,30,Tarjeta,False
454,43,Barranquilla,24,1268911.0,Medio,1000000,699537,0,Tarjeta,False
455,21,Bogota,122,2047370.0,Alto,4000000,2098091,30,Tarjeta,True
456,51,Bogota,138,12766890.0,Bajo,12000000,9349436,30,Tarjeta,False
457,54,no_especificada,87,2406259.0,Alto,8000000,7613936,60,Tarjeta,False
458,19,Medellin,73,3393472.0,Bajo,1000000,205698,0,Tarjeta,True
459,64,Barranquilla,97,9977496.0,Alto,8000000,109236,30,Libre Destino,False
460,49,no_especificada,67,11545896.0,Medio,4000000,1511512,30,Tarjeta,False
461,63,Cali,105,1426366.0,Medio,4000000,3200292,0,Tarjeta,False
462,58,Medellin,13,12270247.0,Bajo,2000000,74465,0,Tarjeta,False
463,34,Bogota,97,9953002.0,Medio,4000000,1911987,90,Libre Destino,False
464,22,Bucaramanga,64,1438024.0,Medio,1000000,990722,0,Libre Destino,True
465,47,Barranquilla,98,8889366.0,Alto,8000000,6653271,0,Tarjeta,False
466,41,Medellin,7,3639378.0,Medio,4000000,3845548,0,Libre Destino,False
467,18,no_especificada,176,8956748.0,Alto,8000000,3993593,60,Libre Destino,True
468,27,Barranquilla,57,11705021.0,Alto,12000000,9839784,0,Libre Destino,False
469,54,Barranquilla,67,9774534.0,Alto,4000000,1209936,90,Libre Destino,False
470,42,Barranquilla,174,5610759.0,Bajo,1000000,93755,0,Tarjeta,False
471,56,no_especificada,145,4568191.0,Alto,4000000,2338940,0,Tarjeta,False
472,62,Bucaramanga,25,5538160.0,Alto,2000000,337206,0,Libre Destino,False
473,55,no_especificada,14,11730493.0,Bajo,2000000,1188331,90,Tarjeta,False
474,38,Medellin,33,7287654.0,Bajo,12000000,11790664,30,Tarjeta,False
475,41,Barranquilla,86,14267479.0,Bajo,12000000,2541318,90,Libre Destino,False
476,67,Barranquilla,65,7355962.0,Medio,8000000,2700181,60,Tarjeta,False
477,56,Cali,38,5536342.0,Bajo,12000000,4771253,0,Tarjeta,False
478,64,no_especificada,146,7035745.0,Medio,8000000,7508381,30,Tarjeta,False
479,63,Cali,164,4000067.0,Medio,12000000,6106016,60,Tarjeta,False
480,69,Bucaramanga,13,10616357.0,Medio,8000000,3880539,0,Tarjeta,False
481,59,Bucaramanga,147,12205811.0,Alto,1000000,40586,0,Tarjeta,False
482,20,Bucaramanga,35,7400916.0,Medio,4000000,332599,0,Libre Destino,True
483,57,Bogota,76,3512604.0,Medio,2000000,617512,0,Libre Destino,False
484,25,Cali,93,4966105.0,Medio,4000000,3478478,0,Tarjeta,True
485,64,no_especificada,4,4123813.0,Alto,8000000,495542,0,Libre Destino,False
486,20,Bogota,112,9990561.0,Bajo,8000000,1196799,30,Tarjeta,True
487,67,no_especificada,44,5484908.0,Bajo,12000000,4674519,0,Tarjeta,False
488,61,Barranquilla,75,9736013.0,Alto,4000000,1092099,90,Tarjeta,False
489,53,Cali,141,14165461.0,Bajo,4000000,3722924,0,Libre Destino,False
490,39,Bogota,130,12298635.0,Bajo,8000000,6435775,30,Libre Destino,False
491,21,Medellin,120,11975533.0,Medio,1000000,499616,90,Libre Destino,True
492,19,Bogota,91,3036825.0,Bajo,2000000,531151,90,Tarjeta,True
493,42,Cali,44,7599514.0,Medio,12000000,225223,0,Tarjeta,False
494,22,Bogota,124,2443034.0,Bajo,4000000,1736508,0,Tarjeta,True
495,36,Bogota,3,1921454.0,Medio,2000000,310688,0,Libre Destino,False
496,39,Cali,179,11636968.0,Bajo,12000000,10459700,60,Libre Destino,False
497,29,Bucaramanga,15,3505954.0,Alto,2000000,1578353,0,Tarjeta,False
498,56,Medellin,18,5751343.0,Bajo,8000000,1909087,30,Libre Destino,False
499,21,Bogota,146,13130624.0,Alto,4000000,3072445,30,Tarjeta,True
500,32,Bogota,90,2616036.0,Bajo,4000000,3606351,0,Libre Destino,False
501,69,Medellin,176,13686000.0,Alto,2000000,1936306,0,Libre Destino,False
502,58,Cali,103,5301572.0,Bajo,4000000,1157255,60,Tarjeta,False
503,62,no_especificada,50,12100983.0,Medio,2000000,1105658,0,Libre Destino,False
504,24,Barranquilla,177,8107400.0,Medio,1000000,446741,0,Tarjeta,True
505,62,Barranquilla,63,8575822.0,Alto,2000000,763598,0,Tarjeta,False
506,61,Bucaramanga,167,7161801.0,Medio,1000000,162801,0,Libre Destino,False
507,27,Bogota,15,12716895.0,Alto,2000000,1133194,30,Tarjeta,False
508,62,Bogota,61,10402135.0,Bajo,1000000,959680,0,Tarjeta,False
509,23,Bucaramanga,23,2835258.0,Medio,8000000,444028,0,Tarjeta,False
510,62,Medellin,168,6814085.0,Bajo,1000000,554189,0,Tarjeta,False
511,59,Bucaramanga,98,13684936.0,Medio,12000000,9536648,30,Libre Destino,False
512,70,Bogota,148,12605163.0,Medio,12000000,3483048,0,Libre Destino,False
513,67,Bogota,178,4194957.0,Alto,4000000,23665,60,Tarjeta,False
514,69,Barranquilla,52,7715068.0,Bajo,8000000,1487934,60,Tarjeta,False
515,56,Cali,128,5972771.0,Medio,12000000,7874348,0,Tarjeta,False
516,55,Bucaramanga,146,9677105.0,Bajo,1000000,1078,60,Tarjeta,False
517,73,Bucaramanga,162,8250486.0,Medio,4000000,3459744,0,Tarjeta,False
518,26,Bogota,36,5412849.0,Medio,8000000,1159571,0,Libre Destino,False
519,27,Bogota,168,12091959.0,Bajo,8000000,1651250,0,Libre Destino,True
520,69,Bogota,66,4035943.0,Medio,4000000,1804423,0,Tarjeta,False
521,26,Medellin,59,4036543.0,Medio,4000000,68447,0,Tarjeta,False
522,21,no_especificada,87,13208902.0,Alto,1000000,527355,60,Tarjeta,True
523,22,Medellin,17,10342085.0,Medio,2000000,1717167,90,Tarjeta,False
524,66,Medellin,79,14648884.0,Alto,8000000,7031977,30,Libre Destino,False
525,75,Cali,143,5317958.0,Alto,12000000,11163882,30,Tarjeta,False
526,27,Bogota,148,7607798.0,Bajo,2000000,888242,60,Tarjeta,True
527,27,Medellin,15,5577557.0,Medio,12000000,1345865,0,Tarjeta,False
528,25,Barranquilla,65,13549866.0,Alto,2000000,1734390,30,Tarjeta,False
529,43,Bogota,24,1652878.0,Medio,2000000,810018,30,Tarjeta,False
530,61,Bogota,129,14687326.0,Medio,12000000,11035625,60,Libre Destino,False
531,48,Barranquilla,41,4191687.0,Medio,2000000,1340782,30,Tarjeta,False
532,68,no_especificada,76,6680369.0,Bajo,8000000,4570867,30,Tarjeta,False
533,67,Bogota,41,3718597.0,Alto,8000000,3657667,0,Libre Destino,False
534,37,no_especificada,50,6932499.0,Bajo,12000000,8032121,0,Tarjeta,False
535,52,Bucaramanga,68,10856575.0,Medio,2000000,1648437,90,Tarjeta,False
536,36,Medellin,82,4300933.0,Medio,8000000,5668648,0,Libre Destino,False
537,26,Medellin,147,2310497.0,Medio,1000000,530682,90,Tarjeta,True
538,18,Cali,101,13514231.0,Bajo,12000000,8639771,0,Tarjeta,True
539,75,no_especificada,138,2545298.0,Alto,8000000,4141770,30,Libre Destino,False
540,39,no_especificada,16,7646279.0,Alto,4000000,2567776,60,Libre Destino,False
541,28,no_especificada,8,4677553.0,Alto,8000000,4140143,0,Tarjeta,False
542,71,Bucaramanga,101,5084576.0,Bajo,4000000,2699215,0,Tarjeta,False
543,49,no_especificada,94,1654751.0,Alto,12000000,3038883,90,Tarjeta,False
544,26,Barranquilla,81,3847331.0,Bajo,8000000,5161494,60,Tarjeta,False
545,37,Bogota,92,4668691.0,Alto,1000000,324516,30,Tarjeta,False
546,46,no_especificada,166,13440575.0,Bajo,1000000,123016,90,Libre Destino,False
547,53,Cali,23,1867666.0,Alto,2000000,978084,90,Libre Destino,False
548,36,Barranquilla,95,,Medio,4000000,372965,0,Libre Destino,False
549,23,no_especificada,54,4419318.0,Bajo,2000000,1908668,60,Tarjeta,False
550,49,Bucaramanga,27,1239369.0,Alto,2000000,1494977,0,Libre Destino,False
551,63,no_especificada,116,1513421.0,Medio,4000000,3076691,0,Tarjeta,False
552,18,Medellin,88,5680021.0,Bajo,1000000,871442,0,Tarjeta,True
553,28,Bogota,44,3336578.0,Bajo,1000000,968099,0,Tarjeta,False
554,69,Bogota,148,7291303.0,Medio,12000000,1167653,30,Tarjeta,False
555,39,Medellin,153,7397838.0,Bajo,4000000,3156184,0,Tarjeta,False
556,22,Medellin,51,3750798.0,Alto,12000000,3323478,90,Tarjeta,True
557,48,no_especificada,133,14040759.0,Alto,8000000,6782226,30,Tarjeta,False
558,29,Medellin,52,9156312.0,Bajo,2000000,554750,0,Tarjeta,False
559,43,Medellin,65,2317258.0,Alto,4000000,2599073,30,Tarjeta,False
560,75,no_especificada,1,7792495.0,Bajo,2000000,143167,0,Tarjeta,False
561,72,Medellin,19,6381334.0,Alto,4000000,3232296,90,Libre Destino,False
562,40,Bucaramanga,171,6517800.0,Bajo,4000000,3478304,0,Libre Destino,False
563,22,Bogota,108,8264213.0,Bajo,8000000,2804832,0,Tarjeta,True
564,49,Bucaramanga,95,10974258.0,Alto,2000000,1354848,90,Tarjeta,False
565,74,Cali,123,4316949.0,Medio,2000000,617046,0,Tarjeta,False
566,56,Bogota,9,4278861.0,Medio,2000000,1473243,60,Libre Destino,False
567,56,Bucaramanga,44,9208720.0,Medio,12000000,7168942,0,Libre Destino,False
568,73,Bucaramanga,158,13549158.0,Medio,8000000,4684625,0,Tarjeta,False
569,42,Bucaramanga,167,13001355.0,Alto,8000000,915172,0,Tarjeta,False
570,68,Barranquilla,169,1973552.0,Alto,8000000,174603,60,Libre Destino,False
571,48,Medellin,9,3945304.0,Alto,2000000,1246060,0,Tarjeta,False
572,59,Bogota,67,13370980.0,Medio,1000000,927733,0,Libre Destino,False
573,24,Cali,102,10340389.0,Bajo,2000000,1266532,0,Libre Destino,True
574,29,Barranquilla,146,14319973.0,Alto,8000000,7627771,60,Tarjeta,True
575,59,Barranquilla,152,7277718.0,Bajo,2000000,867447,0,Libre Destino,False
576,53,Cali,98,9324818.0,Alto,12000000,875133,0,Libre Destino,False
577,43,Bucaramanga,43,14774397.0,Medio,12000000,7865469,0,Tarjeta,False
578,34,Bogota,99,2804323.0,Medio,4000000,456859,60,Tarjeta,False
579,26,Cali,55,13484042.0,Medio,2000000,1502951,90,Tarjeta,False
580,24,no_especificada,179,6750731.0,Bajo,4000000,1802307,0,Tarjeta,True
581,19,Cali,47,11627455.0,Alto,12000000,9156827,0,Tarjeta,True
582,49,Bogota,1,4964419.0,Medio,2000000,160898,0,Tarjeta,False
583,64,Bucaramanga,34,3727500.0,Alto,1000000,308723,0,Tarjeta,False
584,29,Barranquilla,35,4894054.0,Medio,4000000,1623586,90,Tarjeta,False
585,34,Barranquilla,123,7386753.0,Alto,4000000,684793,0,Libre Destino,False
586,52,Barranquilla,30,5460065.0,Alto,2000000,319819,90,Tarjeta,False
587,25,Bucaramanga,120,10768973.0,Alto,1000000,478534,0,Tarjeta,True
588,74,Medellin,90,6232542.0,Bajo,8000000,3638095,30,Tarjeta,False
589,75,Medellin,143,14210019.0,Alto,2000000,481837,0,Libre Destino,False
590,25,no_especificada,143,7638438.0,Alto,12000000,8521912,0,Tarjeta,True
591,58,Bucaramanga,68,6636882.0,Medio,4000000,2870039,30,Libre Destino,False
592,26,Cali,6,3383526.0,Medio,8000000,3657721,60,Tarjeta,False
593,75,Barranquilla,175,13022036.0,Medio,2000000,1753962,0,Libre Destino,False
594,18,Barranquilla,132,3262861.0,Bajo,4000000,3005419,0,Tarjeta,True
595,46,Bogota,58,14203505.0,Bajo,8000000,5215514,30,Tarjeta,False
596,33,Cali,178,9045453.0,Alto,4000000,1060429,0,Tarjeta,False
597,62,Bucaramanga,64,9190734.0,Bajo,4000000,1843625,60,Libre Destino,False
598,21,Cali,77,4353587.0,Medio,1000000,293645,0,Libre Destino,True
599,73,Cali,14,5839113.0,Bajo,12000000,7185711,60,Libre Destino,False
600,20,no_especificada,35,14175597.0,Bajo,12000000,4437610,0,Libre Destino,True
601,27,Bogota,79,14419817.0,Bajo,2000000,771329,0,Libre Destino,False
602,51,Barranquilla,126,8841432.0,Medio,2000000,23199,0,Tarjeta,False
603,36,Bogota,135,2721743.0,Alto,2000000,930330,0,Tarjeta,False
604,70,no_especificada,41,4395271.0,Medio,1000000,899944,0,Tarjeta,False
605,26,no_especificada,151,1962787.0,Medio,12000000,3835956,0,Tarjeta,True
606,46,Bogota,115,1475327.0,Medio,1000000,193373,90,Tarjeta,False
607,75,Cali,112,5375038.0,Alto,12000000,2744719,60,Libre Destino,False
608,60,no_especificada,62,4767225.0,Alto,1000000,496991,30,Tarjeta,False
609,35,Bogota,94,13507736.0,Alto,12000000,1403762,0,Tarjeta,False
610,71,Barranquilla,53,10252838.0,Medio,8000000,3099113,0,Tarjeta,False
611,44,Bogota,45,10377569.0,Bajo,8000000,1946766,0,Libre Destino,False
612,56,Cali,167,13560877.0,Medio,4000000,818847,0,Libre Destino,False
613,73,Bucaramanga,124,14758876.0,Medio,4000000,508364,0,Tarjeta,False
614,33,Cali,52,3187402.0,Medio,8000000,7848072,0,Tarjeta,False
615,28,Medellin,104,2938231.0,Bajo,1000000,519434,0,Tarjeta,False
616,32,Cali,5,3260252.0,Medio,1000000,211622,0,Tarjeta,False
617,75,Bucaramanga,173,1967314.0,Medio,12000000,8041427,0,Tarjeta,False
618,57,Bogota,110,14996515.0,Alto,8000000,3887879,60,Tarjeta,False
619,21,no_especificada,117,9097554.0,Alto,2000000,504999,30,Tarjeta,True
620,66,Barranquilla,125,1538269.0,Bajo,12000000,7576643,30,Tarjeta,False
621,38,Barranquilla,22,9853041.0,Bajo,4000000,2961447,60,Libre Destino,False
622,30,Bucaramanga,73,7353395.0,Alto,2000000,714345,0,Libre Destino,False
623,68,Medellin,155,5298405.0,Alto,2000000,1045883,30,Tarjeta,False
624,52,Barranquilla,28,7490530.0,Bajo,12000000,4226095,30,Tarjeta,False
625,70,Bogota,130,5222026.0,Medio,2000000,193750,90,Libre Destino,False
626,43,Bogota,167,2772085.0,Bajo,4000000,1168840,90,Tarjeta,False
627,52,Bucaramanga,26,9048364.0,Bajo,1000000,997712,60,Libre Destino,False
628,66,Cali,172,4073391.0,Medio,8000000,2171040,60,Tarjeta,False
629,74,Barranquilla,74,11066449.0,Alto,1000000,707857,90,Libre Destino,False
630,29,no_especificada,124,8566600.0,Alto,4000000,2668082,0,Tarjeta,False
631,48,Barranquilla,85,5703326.0,Alto,4000000,1360786,0,Tarjeta,False
632,72,Barranquilla,77,11697045.0,Alto,2000000,1105398,90,Tarjeta,False
633,37,Barranquilla,13,14576850.0,Medio,8000000,115223,0,Tarjeta,False
634,30,Cali,154,3397553.0,Bajo,1000000,403840,0,Tarjeta,True
635,65,Barranquilla,82,5303177.0,Alto,2000000,181175,0,Libre Destino,False
636,22,Bogota,69,14055395.0,Alto,4000000,2617547,0,Libre Destino,True
637,58,no_especificada,77,5291627.0,Alto,4000000,2512506,0,Tarjeta,False
638,24,Bogota,85,10488842.0,Alto,2000000,879006,0,Tarjeta,True
639,20,Bogota,12,14244803.0,Alto,8000000,7032437,0,Libre Destino,False
640,25,Barranquilla,17,13660319.0,Alto,1000000,793132,0,Tarjeta,False
641,28,Bucaramanga,104,13526083.0,Bajo,12000000,6549867,60,Libre Destino,False
642,53,Medellin,136,7458069.0,Alto,12000000,11348533,0,Libre Destino,False
643,29,Cali,62,2426153.0,Alto,12000000,8757830,90,Libre Destino,False
644,22,Bogota,60,9405668.0,Alto,8000000,995673,0,Libre Destino,True
645,44,Bucaramanga,84,7735519.0,Alto,4000000,83518,60,Tarjeta,False
646,21,no_especificada,14,11476690.0,Medio,2000000,791790,30,Tarjeta,False
647,50,no_especificada,59,7281181.0,Medio,2000000,1378511,90,Tarjeta,False
648,69,Bogota,41,5603720.0,Bajo,2000000,1826271,0,Libre Destino,False
649,41,Cali,178,9465883.0,Bajo,2000000,1642302,30,Libre Destino,False
650,26,Bogota,123,10381993.0,Bajo,4000000,3773362,0,Tarjeta,True
651,31,Bogota,86,7443552.0,Medio,2000000,1902586,0,Tarjeta,False
652,38,Bucaramanga,115,8214196.0,Bajo,2000000,602313,90,Tarjeta,False
653,72,Bucaramanga,177,11159597.0,Alto,1000000,343672,0,Libre Destino,False
654,63,Bucaramanga,178,6106689.0,Alto,2000000,1032173,0,Libre Destino,False
655,26,no_especificada,157,7350365.0,Medio,8000000,7036939,60,Tarjeta,True
656,43,Cali,106,12733320.0,Bajo,4000000,3820713,60,Tarjeta,False
657,57,Medellin,86,7811483.0,Medio,12000000,2062120,0,Libre Destino,False
658,52,Barranquilla,13,14241612.0,Medio,4000000,3212637,0,Tarjeta,False
659,56,Bucaramanga,26,9259624.0,Bajo,2000000,231373,30,Tarjeta,False
660,38,Bogota,144,2049843.0,Bajo,12000000,628016,0,Tarjeta,False
661,40,no_especificada,33,5889516.0,Alto,8000000,4068478,0,Tarjeta,False
662,20,Bogota,10,12998449.0,Bajo,2000000,1027139,0,Tarjeta,False
663,29,Bogota,169,4419550.0,Bajo,8000000,3851909,0,Libre Destino,True
664,75,no_especificada,132,9577920.0,Bajo,12000000,5045378,60,Tarjeta,False
665,18,no_especificada,159,5497467.0,Medio,8000000,5170827,0,Tarjeta,True
666,40,Medellin,49,4059268.0,Alto,1000000,953559,90,Libre Destino,False
667,33,Cali,137,13957340.0,Medio,12000000,3320641,0,Libre Destino,False
668,39,Barranquilla,47,13366487.0,Bajo,12000000,8119961,30,Tarjeta,False
669,19,Barranquilla,164,9704926.0,Alto,4000000,3703958,0,Libre Destino,True
670,68,Bogota,35,10431435.0,Alto,12000000,8124741,60,Tarjeta,False
671,44,Barranquilla,156,4475447.0,Bajo,12000000,3461001,0,Libre Destino,False
672,22,Bogota,179,13650525.0,Bajo,12000000,8458382,0,Tarjeta,True
673,57,Barranquilla,80,14617677.0,Bajo,4000000,3902049,0,Libre Destino,False
674,42,Bucaramanga,163,7166324.0,Medio,4000000,3711446,0,Tarjeta,False
675,74,no_especificada,91,14594723.0,Bajo,2000000,79994,30,Tarjeta,False
676,19,Cali,78,10555235.0,Alto,1000000,729958,0,Libre Destino,True
677,62,no_especificada,20,2144625.0,Medio,4000000,2895716,60,Tarjeta,False
678,26,no_especificada,2,14210353.0,Bajo,8000000,2939695,30,Tarjeta,False
679,50,no_especificada,178,9087839.0,Medio,12000000,5101150,60,Libre Destino,False
680,67,Medellin,174,9654217.0,Alto,1000000,343074,90,Tarjeta,False
681,27,Medellin,82,2100097.0,Medio,1000000,392021,0,Tarjeta,False
682,42,Bucaramanga,102,5793723.0,Bajo,8000000,1527291,60,Tarjeta,False
683,42,Cali,64,4350717.0,Alto,2000000,759031,90,Tarjeta,False
684,45,Bogota,50,5449426.0,Medio,8000000,477888,30,Tarjeta,False
685,68,no_especificada,5,,Alto,8000000,112491,60,Tarjeta,False
686,45,Bogota,3,13794864.0,Medio,4000000,3634055,0,Libre Destino,False
687,19,Bucaramanga,1,5910044.0,Medio,4000000,2714822,30,Tarjeta,False
688,45,Bucaramanga,169,13142386.0,Alto,1000000,575636,0,Libre Destino,False
689,55,Cali,12,11734306.0,Alto,8000000,2770560,0,Tarjeta,False
690,72,Bogota,22,5160484.0,Medio,2000000,370071,60,Tarjeta,False
691,56,Barranquilla,113,11057048.0,Bajo,12000000,10533537,0,Tarjeta,False
692,18,Cali,69,5092231.0,Medio,1000000,429841,90,Libre Destino,True
693,25,no_especificada,19,12831472.0,Bajo,2000000,1698627,90,Tarjeta,False
694,19,no_especificada,144,5003056.0,Alto,4000000,674567,0,Tarjeta,True
695,39,Bucaramanga,142,7995575.0,Alto,2000000,1966009,90,Libre Destino,False
696,75,Bogota,101,13236207.0,Alto,8000000,3483270,0,Tarjeta,False
697,62,Bogota,28,4427143.0,Bajo,4000000,1626898,90,Tarjeta,False
698,30,Bogota,22,8430857.0,Alto,4000000,1903207,90,Libre Destino,False
699,75,Bogota,140,10203806.0,Alto,4000000,896893,90,Libre Destino,False
700,59,no_especificada,178,2087495.0,Bajo,1000000,997067,90,Tarjeta,False
701,50,Medellin,152,7260731.0,Bajo,1000000,251477,30,Libre Destino,False
702,45,no_especificada,79,2600507.0,Bajo,2000000,589350,90,Tarjeta,False
703,58,Cali,166,4117747.0,Medio,1000000,623681,0,Tarjeta,False
704,70,Bogota,105,1689993.0,Bajo,8000000,4404103,0,Libre Destino,False
705,60,no_especificada,130,5213838.0,Medio,8000000,4392782,0,Tarjeta,False
706,33,Bogota,179,11052863.0,Medio,8000000,703666,0,Tarjeta,False
707,27,no_especificada,97,4275059.0,Alto,1000000,712231,90,Libre Destino,False
708,24,Barranquilla,94,6367553.0,Bajo,4000000,1078737,60,Tarjeta,True
709,73,Cali,72,7264027.0,Alto,8000000,6182675,0,Libre Destino,False
710,68,Barranquilla,1,11062201.0,Medio,8000000,6429276,0,Tarjeta,False
711,25,Medellin,17,12640629.0,Medio,2000000,620347,0,Tarjeta,False
712,31,Medellin,48,6007671.0,Medio,1000000,798719,0,Tarjeta,False
713,72,no_especificada,170,7599056.0,Medio,12000000,477437,0,Libre Destino,False
714,19,Barranquilla,172,8570012.0,Bajo,8000000,1065480,0,Tarjeta,True
715,66,no_especificada,105,4855572.0,Medio,2000000,1441751,60,Libre Destino,False
716,60,Medellin,179,6629726.0,Medio,12000000,11969370,30,Tarjeta,False
717,55,Cali,116,3724869.0,Alto,1000000,702662,30,Libre Destino,False
718,50,Cali,36,8071704.0,Bajo,1000000,320770,60,Tarjeta,False
719,59,Bogota,126,2008690.0,Bajo,1000000,454893,90,Tarjeta,False
720,43,Barranquilla,9,3960414.0,Medio,12000000,10521950,0,Libre Destino,False
721,35,Cali,116,9728459.0,Medio,12000000,10092005,0,Libre Destino,False
722,57,no_especificada,52,6673068.0,Medio,8000000,623118,0,Tarjeta,False
723,58,Bucaramanga,76,6511969.0,Bajo,4000000,2530844,0,Libre Destino,False
724,30,Bogota,146,13292477.0,Bajo,8000000,5740491,0,Libre Destino,True
725,23,Barranquilla,1,5918435.0,Bajo,2000000,1836947,60,Libre Destino,False
726,31,no_especificada,86,10667404.0,Medio,4000000,2061852,60,Tarjeta,False
727,23,Bogota,147,11181511.0,Bajo,1000000,415844,0,Libre Destino,True
728,29,no_especificada,84,9428621.0,Medio,1000000,41705,60,Tarjeta,False
729,21,Medellin,130,8149841.0,Medio,2000000,549556,30,Tarjeta,True
730,64,Medellin,130,10602608.0,Alto,2000000,403224,30,Tarjeta,False
731,31,no_especificada,126,1660059.0,Medio,1000000,866841,0,Libre Destino,False
732,68,Cali,120,4321716.0,Bajo,12000000,1551302,30,Tarjeta,False
733,74,Barranquilla,88,5912067.0,Alto,2000000,866241,0,Tarjeta,False
734,22,Bucaramanga,114,14785541.0,Bajo,4000000,717140,0,Tarjeta,True
735,19,no_especificada,124,10441827.0,Bajo,4000000,3014739,30,Libre Destino,True
736,48,no_especificada,79,10424294.0,Alto,1000000,112974,90,Tarjeta,False
737,46,no_especificada,160,8398727.0,Alto,1000000,603323,30,Tarjeta,False
738,47,Medellin,170,7254158.0,Bajo,1000000,777906,0,Tarjeta,False
739,74,Bucaramanga,111,6784552.0,Medio,8000000,3782488,60,Libre Destino,False
740,48,Bogota,105,2329569.0,Bajo,4000000,469648,0,Tarjeta,False
741,74,Bogota,43,3930162.0,Alto,2000000,1217603,90,Tarjeta,False
742,31,Bogota,144,2573655.0,Medio,12000000,1972161,0,Libre Destino,False
743,73,Bucaramanga,22,11508327.0,Bajo,4000000,682273,0,Tarjeta,False
744,28,Bucaramanga,35,14474559.0,Alto,12000000,7040434,90,Tarjeta,False
745,36,Bogota,122,3957842.0,Medio,4000000,1863368,0,Libre Destino,False
746,24,Bucaramanga,152,11970596.0,Bajo,2000000,166850,30,Tarjeta,True
747,56,no_especificada,163,8070521.0,Medio,2000000,841247,0,Tarjeta,False
748,46,Medellin,25,9964383.0,Alto,4000000,2012272,30,Tarjeta,False
749,66,Cali,3,12224594.0,Bajo,4000000,3420460,0,Libre Destino,False
750,53,Bucaramanga,29,13116093.0,Alto,8000000,7590920,0,Libre Destino,False
751,62,Bogota,68,9399527.0,Alto,1000000,25576,0,Tarjeta,False
752,41,no_especificada,166,4541422.0,Bajo,2000000,38919,0,Tarjeta,False
753,54,Bogota,92,6260614.0,Bajo,1000000,660466,0,Tarjeta,False
754,44,Barranquilla,157,8131503.0,Medio,1000000,777169,30,Libre Destino,False
755,50,no_especificada,30,2813799.0,Alto,1000000,333553,60,Tarjeta,False
756,62,no_especificada,74,1570559.0,Bajo,4000000,1021483,0,Tarjeta,False
757,39,Barranquilla,107,6740581.0,Bajo,1000000,877239,0,Tarjeta,False
758,70,Bucaramanga,43,10444486.0,Bajo,1000000,245439,0,Tarjeta,False
759,61,Bucaramanga,158,10160012.0,Alto,8000000,668421,90,Tarjeta,False
760,29,Bogota,15,4163883.0,Medio,1000000,521880,0,Libre Destino,False
761,53,Cali,84,10076614.0,Bajo,2000000,598487,0,Libre Destino,False
762,33,Barranquilla,174,12584602.0,Alto,12000000,7395135,90,Tarjeta,False
763,40,Bucaramanga,7,9242674.0,Medio,2000000,1119152,0,Libre Destino,False
764,47,no_especificada,67,2182635.0,Alto,12000000,10848969,90,Tarjeta,False
765,42,Barranquilla,180,7925877.0,Medio,2000000,451211,90,Tarjeta,False
766,38,Barranquilla,29,11887335.0,Medio,8000000,3646111,30,Libre Destino,False
767,39,Cali,100,7850295.0,Alto,8000000,1433602,0,Tarjeta,False
768,58,Cali,31,6235004.0,Bajo,4000000,516635,0,Tarjeta,False
769,35,Cali,171,9601302.0,Alto,2000000,1310427,0,Libre Destino,False
770,23,Bucaramanga,44,10509541.0,Bajo,1000000,620195,90,Tarjeta,False
771,57,no_especificada,136,1313066.0,Alto,8000000,5332316,0,Tarjeta,False
772,67,Bogota,172,2435565.0,Bajo,4000000,1501835,0,Libre Destino,False
773,71,Medellin,159,3461127.0,Alto,1000000,904948,90,Libre Destino,False
774,36,Medellin,166,13489540.0,Alto,1000000,89050,0,Tarjeta,False
775,63,no_especificada,99,7485996.0,Medio,12000000,1475298,90,Tarjeta,False
776,43,Cali,138,14243031.0,Medio,4000000,428832,0,Libre Destino,False
777,40,Barranquilla,153,13177357.0,Medio,12000000,1134713,60,Tarjeta,False
778,21,Cali,27,2794548.0,Medio,12000000,6750363,90,Tarjeta,False
779,55,Bogota,122,12490313.0,Bajo,2000000,1433875,0,Tarjeta,False
780,27,Bucaramanga,72,9707323.0,Alto,2000000,604937,0,Tarjeta,False
781,40,no_especificada,113,2716298.0,Bajo,2000000,695456,30,Tarjeta,False
782,59,Bucaramanga,151,5352748.0,Alto,8000000,1782397,0,Libre Destino,False
783,22,Medellin,171,5369287.0,Bajo,12000000,142809,30,Tarjeta,True
784,72,no_especificada,81,6545664.0,Medio,1000000,553372,0,Tarjeta,False
785,22,Medellin,70,2334531.0,Alto,4000000,1714871,0,Tarjeta,True
786,28,Medellin,61,6166272.0,Medio,12000000,10949996,90,Tarjeta,False
787,65,Bucaramanga,46,7457442.0,Bajo,8000000,2931648,60,Tarjeta,False
788,75,Bogota,137,10170571.0,Medio,8000000,4819654,90,Tarjeta,False
789,59,Bogota,108,12688450.0,Alto,8000000,3650051,60,Libre Destino,False
790,22,no_especificada,40,3966076.0,Bajo,1000000,727344,0,Tarjeta,False
791,32,Bucaramanga,82,7973947.0,Alto,4000000,3665209,90,Tarjeta,False
792,33,Bogota,33,6312284.0,Medio,8000000,26926,90,Libre Destino,False
793,61,Bogota,84,6253363.0,Alto,12000000,2016044,60,Tarjeta,False
794,58,Bucaramanga,145,4320264.0,Bajo,4000000,2152268,0,Libre Destino,False
795,23,Barranquilla,65,1584261.0,Alto,8000000,4940218,0,Libre Destino,True
796,40,no_especificada,10,2226786.0,Alto,12000000,259663,60,Libre Destino,False
797,68,Bucaramanga,47,3408856.0,Alto,8000000,2054443,0,Tarjeta,False
798,22,Cali,79,5540092.0,Alto,4000000,3020093,30,Libre Destino,True
799,22,Barranquilla,111,4668012.0,Medio,8000000,3481440,30,Tarjeta,True
800,51,Medellin,125,9109873.0,Alto,2000000,488687,0,Tarjeta,False
801,73,Medellin,160,5558709.0,Medio,8000000,1827845,0,Tarjeta,False
802,36,no_especificada,156,11809916.0,Medio,12000000,9510544,0,Tarjeta,False
803,64,Barranquilla,156,8332740.0,Bajo,2000000,130195,90,Tarjeta,False
804,39,Medellin,165,7546762.0,Bajo,12000000,7767753,30,Libre Destino,False
805,50,no_especificada,24,12885345.0,Bajo,8000000,153255,90,Libre Destino,False
806,66,Barranquilla,76,3123374.0,Bajo,1000000,459333,90,Tarjeta,False
807,20,Bogota,113,9992951.0,Medio,1000000,599178,0,Libre Destino,True
808,69,Medellin,107,3667851.0,Medio,2000000,1901661,0,Tarjeta,False
809,63,Bucaramanga,96,14521009.0,Bajo,8000000,5052991,30,Tarjeta,False
810,59,Barranquilla,42,7801989.0,Medio,12000000,3739032,0,Tarjeta,False
811,48,Bucaramanga,8,8652472.0,Medio,1000000,988532,0,Tarjeta,False
812,65,Bucaramanga,177,13687834.0,Medio,2000000,1342821,90,Tarjeta,False
813,43,Medellin,166,10323696.0,Bajo,1000000,269197,0,Tarjeta,False
814,71,Cali,107,3734206.0,Medio,4000000,2460977,90,Tarjeta,False
815,47,Medellin,175,1563611.0,Bajo,4000000,1109363,90,Tarjeta,False
816,23,Bucaramanga,7,11157823.0,Medio,2000000,146631,0,Libre Destino,False
817,41,Cali,86,5935230.0,Alto,2000000,397449,0,Tarjeta,False
818,32,Cali,177,2988347.0,Bajo,1000000,760132,0,Tarjeta,True
819,28,Medellin,12,11668908.0,Alto,8000000,871272,0,Tarjeta,False
820,34,Bucaramanga,55,12889718.0,Medio,1000000,437922,0,Tarjeta,False
821,22,no_especificada,152,10276865.0,Alto,4000000,197485,30,Libre Destino,True
822,40,no_especificada,138,,Alto,4000000,1409220,30,Tarjeta,False
823,29,Cali,104,1467682.0,Bajo,12000000,8712129,0,Libre Destino,False
824,59,Bucaramanga,111,8547303.0,Bajo,12000000,9362694,0,Tarjeta,False
825,65,no_especificada,124,8385546.0,Medio,8000000,2405810,60,Libre Destino,False
826,73,Barranquilla,76,8850632.0,Alto,1000000,129010,90,Tarjeta,False
827,50,Medellin,49,9156346.0,Bajo,1000000,170811,0,Tarjeta,False
828,54,no_especificada,71,10923131.0,Medio,12000000,3626104,0,Libre Destino,False
829,55,Barranquilla,118,13184894.0,Medio,4000000,72528,30,Tarjeta,False
830,51,no_especificada,3,10307095.0,Alto,2000000,1800421,0,Tarjeta,False
831,60,Barranquilla,175,4348988.0,Alto,8000000,3640485,30,Tarjeta,False
832,36,Cali,153,5479492.0,Alto,1000000,198422,90,Tarjeta,False
833,64,Bucaramanga,132,1997896.0,Alto,4000000,2570900,0,Tarjeta,False
834,69,Bucaramanga,126,6955715.0,Bajo,1000000,679052,30,Libre Destino,False
835,49,Cali,33,10420383.0,Bajo,4000000,1298259,0,Tarjeta,False
836,61,Medellin,124,2325065.0,Bajo,2000000,1834798,0,Tarjeta,False
837,22,Medellin,39,14128287.0,Alto,2000000,1918279,90,Tarjeta,False
838,46,Bogota,58,6496312.0,Bajo,12000000,11085170,0,Libre Destino,False
839,46,Bucaramanga,84,9929562.0,Medio,8000000,6683518,90,Tarjeta,False
840,68,Bucaramanga,150,12819832.0,Alto,12000000,3090329,0,Libre Destino,False
841,32,Bogota,149,2517831.0,Medio,8000000,7042271,0,Tarjeta,False
842,42,Medellin,126,6476241.0,Bajo,12000000,6419927,30,Libre Destino,False
843,43,Bucaramanga,176,7999510.0,Bajo,4000000,795646,90,Tarjeta,False
844,54,Cali,17,3112627.0,Bajo,12000000,5473631,0,Tarjeta,False
845,30,Bucaramanga,55,7804754.0,Medio,1000000,274233,60,Tarjeta,False
846,58,Bogota,103,5762446.0,Alto,2000000,824273,90,Libre Destino,False
847,63,Medellin,33,5254865.0,Bajo,2000000,1610651,90,Tarjeta,False
848,37,Cali,100,8109247.0,Bajo,2000000,1934697,0,Tarjeta,False
849,73,Barranquilla,37,13088985.0,Bajo,8000000,6155399,30,Libre Destino,False
850,32,no_especificada,58,13128847.0,Bajo,8000000,884582,0,Tarjeta,False
851,68,Barranquilla,40,3209206.0,Alto,8000000,146270,60,Tarjeta,False
852,24,Bogota,173,6992218.0,Alto,2000000,548703,30,Tarjeta,True
853,34,no_especificada,65,12657128.0,Alto,1000000,727285,0,Libre Destino,False
854,55,Bogota,86,6265791.0,Bajo,2000000,1198456,0,Libre Destino,False
855,57,Medellin,120,2252003.0,Alto,4000000,3393817,0,Libre Destino,False
856,47,Bucaramanga,95,7702008.0,Alto,2000000,686379,0,Libre Destino,False
857,49,no_especificada,172,12155127.0,Alto,2000000,1584407,0,Libre Destino,False
858,44,Medellin,46,5545743.0,Bajo,2000000,1062219,0,Libre Destino,False
859,50,Medellin,170,12609367.0,Alto,2000000,1100462,90,Libre Destino,False
860,71,no_especificada,167,7499431.0,Medio,8000000,4865906,90,Libre Destino,False
861,31,Bogota,134,13783507.0,Alto,12000000,3502247,60,Tarjeta,False
862,27,Bucaramanga,73,7229602.0,Bajo,2000000,95400,0,Libre Destino,False
863,37,Barranquilla,93,8547750.0,Medio,12000000,9335709,0,Libre Destino,False
864,65,no_especificada,44,6349815.0,Alto,1000000,607069,0,Tarjeta,False
865,60,Barranquilla,25,6770491.0,Alto,4000000,2705630,0,Libre Destino,False
866,25,Barranquilla,121,3163665.0,Bajo,8000000,5697126,0,Libre Destino,True
867,45,Medellin,49,4195562.0,Medio,12000000,794043,0,Libre Destino,False
868,67,Bucaramanga,15,12126735.0,Medio,4000000,3050335,60,Tarjeta,False
869,58,Bucaramanga,108,3833368.0,Alto,8000000,2870609,0,Tarjeta,False
870,59,Bogota,15,9318494.0,Medio,1000000,24087,0,Tarjeta,False
871,59,Bogota,78,3469676.0,Medio,4000000,3357642,90,Tarjeta,False
872,51,no_especificada,92,7300262.0,Medio,1000000,28530,60,Libre Destino,False
873,52,Cali,135,6513167.0,Bajo,2000000,1375851,0,Libre Destino,False
874,47,Barranquilla,113,1796716.0,Bajo,1000000,423365,30,Tarjeta,False
875,67,Bucaramanga,124,13745618.0,Alto,1000000,535917,30,Libre Destino,False
876,51,Bucaramanga,20,4616038.0,Medio,12000000,10101178,0,Tarjeta,False
877,58,Barranquilla,105,6846932.0,Medio,4000000,2961964,0,Tarjeta,False
878,40,no_especificada,55,11854623.0,Alto,12000000,10486221,0,Tarjeta,False
879,69,Bucaramanga,120,3995565.0,Alto,4000000,3766780,90,Tarjeta,False
880,30,no_especificada,166,4156918.0,Alto,8000000,472185,60,Libre Destino,True
881,19,Medellin,71,8560627.0,Medio,8000000,3792559,0,Tarjeta,True
882,59,no_especificada,179,1216003.0,Alto,4000000,224740,60,Tarjeta,False
883,55,Bucaramanga,144,3437101.0,Medio,8000000,1032214,90,Tarjeta,False
884,68,Medellin,109,3206818.0,Bajo,2000000,1973320,0,Tarjeta,False
885,65,Medellin,143,5393881.0,Bajo,4000000,1926070,0,Libre Destino,False
886,57,Bogota,133,14297024.0,Bajo,4000000,2273918,0,Tarjeta,False
887,20,no_especificada,69,8948548.0,Medio,4000000,1337875,30,Libre Destino,True
888,64,Bogota,59,120000000.0,Alto,8000000,7541841,90,Libre Destino,False
889,19,Barranquilla,65,9253037.0,Bajo,8000000,5331353,0,Tarjeta,True
890,61,Bucaramanga,90,3196341.0,Medio,12000000,8842071,0,Tarjeta,False
891,35,Cali,179,11849515.0,Bajo,12000000,105860,0,Libre Destino,False
892,71,no_especificada,60,4865637.0,Alto,12000000,8547124,90,Libre Destino,False
893,49,Bogota,102,6314233.0,Medio,12000000,5789806,0,Libre Destino,False
894,73,Bucaramanga,95,3928052.0,Alto,12000000,10064653,0,Tarjeta,False
895,66,Medellin,33,13472998.0,Bajo,8000000,6000963,30,Tarjeta,False
896,59,no_especificada,143,13877967.0,Alto,1000000,178945,60,Tarjeta,False
897,54,Medellin,79,9697742.0,Medio,4000000,3979657,90,Tarjeta,False
898,36,Bucaramanga,166,7782946.0,Bajo,4000000,2010825,30,Libre Destino,False
899,74,Bucaramanga,11,10258252.0,Bajo,2000000,691925,60,Tarjeta,False
900,62,Medellin,63,5225200.0,Medio,2000000,1178885,30,Tarjeta,False
901,24,Cali,34,12739286.0,Medio,1000000,673863,30,Libre Destino,False
902,27,no_especificada,119,14522801.0,Bajo,8000000,3753070,0,Tarjeta,True
903,18,Medellin,61,2984456.0,Alto,8000000,6499100,60,Tarjeta,True
904,36,Bucaramanga,99,12262811.0,Alto,2000000,1341185,60,Libre Destino,False
905,50,Barranquilla,149,10306001.0,Alto,4000000,1232526,0,Tarjeta,False
906,38,Bogota,23,7391881.0,Alto,2000000,84107,30,Tarjeta,False
907,45,Bucaramanga,15,5076553.0,Bajo,1000000,521721,60,Tarjeta,False
908,51,Barranquilla,148,8463230.0,Bajo,2000000,225600,60,Tarjeta,False
909,58,Barranquilla,4,9527785.0,Bajo,1000000,115471,0,Tarjeta,False
910,22,no_especificada,31,3128703.0,Bajo,4000000,813369,30,Libre Destino,False
911,71,Medellin,95,4695814.0,Alto,12000000,911083,60,Libre Destino,False
912,25,Bogota,103,9995067.0,Bajo,8000000,6446252,0,Tarjeta,True
913,62,no_especificada,23,4205533.0,Medio,1000000,661410,0,Tarjeta,False
914,53,Medellin,168,9928232.0,Bajo,8000000,1530946,0,Tarjeta,False
915,20,Medellin,164,1239556.0,Bajo,1000000,565046,0,Tarjeta,True
916,42,Bogota,31,14433267.0,Alto,8000000,2305336,30,Tarjeta,False
917,51,Cali,142,8046584.0,Alto,2000000,307869,0,Tarjeta,False
918,54,Cali,86,13032137.0,Medio,8000000,2699484,90,Libre Destino,False
919,18,Medellin,135,1848818.0,Medio,12000000,7594199,60,Libre Destino,True
920,60,Bucaramanga,147,11812684.0,Medio,8000000,2216943,60,Libre Destino,False
921,35,Medellin,177,2418958.0,Alto,4000000,2598796,0,Libre Destino,False
922,51,no_especificada,10,11633338.0,Alto,1000000,810715,0,Libre Destino,False
923,31,Bogota,85,14011334.0,Alto,1000000,209516,90,Libre Destino,False
924,71,no_especificada,93,10043875.0,Bajo,2000000,1645378,0,Tarjeta,False
925,36,no_especificada,27,10391165.0,Bajo,12000000,683841,30,Libre Destino,False
926,44,Bogota,71,11710323.0,Bajo,8000000,1978893,0,Tarjeta,False
927,41,Medellin,69,8893837.0,Alto,1000000,853895,0,Libre Destino,False
928,20,Medellin,72,3424259.0,Bajo,12000000,2462265,0,Tarjeta,True
929,31,Cali,41,8642850.0,Medio,12000000,6499539,60,Libre Destino,False
930,52,no_especificada,70,9049605.0,Alto,8000000,949434,0,Libre Destino,False
931,38,Bogota,123,4731203.0,Bajo,2000000,1156435,0,Tarjeta,False
932,47,Bogota,125,11704147.0,Alto,1000000,904412,0,Libre Destino,False
933,39,no_especificada,1,14289708.0,Bajo,1000000,440389,60,Tarjeta,False
934,69,Bucaramanga,80,12025187.0,Bajo,4000000,1054930,60,Tarjeta,False
935,66,Bucaramanga,40,7052243.0,Medio,8000000,7195346,0,Tarjeta,False
936,22,no_especificada,105,6684018.0,Alto,2000000,1673440,30,Libre Destino,True
937,58,Bogota,162,4861267.0,Bajo,12000000,9976324,30,Tarjeta,False
938,44,Bogota,50,11000626.0,Bajo,12000000,1860450,0,Tarjeta,False
939,18,no_especificada,113,8847750.0,Bajo,4000000,2281661,30,Libre Destino,True
940,28,Bucaramanga,77,14505898.0,Bajo,8000000,3932494,90,Libre Destino,False
941,25,no_especificada,18,12792422.0,Alto,8000000,6762925,60,Tarjeta,False
942,23,Bogota,50,6211964.0,Alto,4000000,2714417,0,Tarjeta,False
943,48,Barranquilla,116,2354573.0,Alto,1000000,843669,60,Tarjeta,False
944,75,Barranquilla,65,2639716.0,Bajo,8000000,1092798,0,Tarjeta,False
945,26,Barranquilla,127,5375632.0,Alto,1000000,79148,0,Tarjeta,True
946,45,Bucaramanga,108,10581576.0,Medio,1000000,312644,0,Libre Destino,False
947,28,Bogota,85,1538377.0,Medio,4000000,3175616,90,Tarjeta,False
948,55,no_especificada,147,3603975.0,Alto,1000000,427466,60,Tarjeta,False
949,56,Barranquilla,30,3085660.0,Alto,1000000,673101,0,Tarjeta,False
950,71,Bogota,78,5536203.0,Bajo,12000000,6234402,0,Tarjeta,False
951,43,Medellin,8,8067132.0,Medio,4000000,1856496,30,Tarjeta,False
952,52,Bogota,156,7972567.0,Medio,12000000,6211586,90,Tarjeta,False
953,18,Bogota,63,6972168.0,Alto,1000000,893676,0,Tarjeta,True
954,30,Barranquilla,53,12718806.0,Alto,4000000,422518,0,Libre Destino,False
955,67,Bogota,122,6613376.0,Bajo,8000000,3804628,0,Tarjeta,False
956,21,Medellin,37,4856778.0,Alto,12000000,3049316,0,Tarjeta,True
957,73,Medellin,76,6003684.0,Medio,4000000,3009025,30,Tarjeta,False
958,34,Bogota,39,7681244.0,Medio,12000000,4038589,0,Tarjeta,False
959,36,Bogota,70,,Bajo,8000000,7837831,30,Libre Destino,False
960,72,Barranquilla,122,4309723.0,Alto,2000000,899042,30,Tarjeta,False
961,32,no_especificada,144,5692116.0,Alto,4000000,3263969,60,Libre Destino,False
962,48,Barranquilla,137,4989376.0,Alto,1000000,969642,30,Tarjeta,False
963,44,Bucaramanga,96,3418005.0,Alto,1000000,419887,0,Libre Destino,False
964,71,no_especificada,22,2499636.0,Bajo,1000000,487225,30,Tarjeta,False
965,46,Bogota,52,10387426.0,Medio,8000000,5378292,30,Libre Destino,False
966,22,Medellin,75,8056756.0,Bajo,12000000,53383,0,Tarjeta,True
967,67,Bogota,130,14971741.0,Medio,1000000,116816,0,Libre Destino,False
968,69,no_especificada,32,14618623.0,Medio,12000000,8810887,0,Libre Destino,False
969,46,Medellin,158,6110234.0,Alto,12000000,7890169,0,Tarjeta,False
970,37,Barranquilla,55,14253781.0,Bajo,1000000,672865,30,Tarjeta,False
971,61,Cali,92,1664401.0,Medio,8000000,3711630,90,Tarjeta,False
972,44,no_especificada,24,3050329.0,Bajo,4000000,3309146,90,Libre Destino,False
973,41,Barranquilla,155,6424192.0,Medio,1000000,493588,0,Libre Destino,False
974,44,no_especificada,130,5128428.0,Alto,2000000,158863,30,Libre Destino,False
975,36,Bucaramanga,143,7197918.0,Alto,1000000,438708,0,Tarjeta,False
976,30,Medellin,168,12449813.0,Bajo,12000000,11054900,0,Tarjeta,True
977,51,Medellin,7,8418484.0,Bajo,8000000,6749678,0,Tarjeta,False
978,45,Cali,57,1287401.0,Bajo,1000000,968580,60,Tarjeta,False
979,58,Bogota,159,3893255.0,Medio,4000000,1783277,0,Tarjeta,False
980,26,Cali,36,6967599.0,Alto,2000000,273638,0,Tarjeta,False
981,61,no_especificada,150,10276517.0,Bajo,8000000,6180654,0,Tarjeta,False
982,29,Bogota,151,13493393.0,Bajo,4000000,1527829,0,Tarjeta,True
983,42,Bogota,81,3908656.0,Medio,8000000,637663,60,Libre Destino,False
984,28,Medellin,141,7384636.0,Bajo,8000000,5698914,0,Libre Destino,True
985,51,no_especificada,81,14134685.0,Alto,2000000,829947,60,Tarjeta,False
986,56,Bogota,32,12652142.0,Medio,4000000,1322388,30,Tarjeta,False
987,40,Bucaramanga,133,3742008.0,Medio,4000000,2171782,30,Tarjeta,False
988,35,Barranquilla,141,4547786.0,Medio,2000000,1487545,90,Tarjeta,False
989,39,Cali,41,13165177.0,Medio,8000000,4647928,0,Tarjeta,False
990,64,no_especificada,91,10616754.0,Alto,2000000,1735112,30,Tarjeta,False
991,68,Bogota,14,11483804.0,Bajo,12000000,5295601,0,Libre Destino,False
992,27,no_especificada,129,10008668.0,Bajo,12000000,8729228,0,Libre Destino,True
993,34,Bucaramanga,140,12217056.0,Alto,4000000,2400106,0,Tarjeta,False
994,23,Bucaramanga,98,14747433.0,Medio,4000000,1929083,0,Libre Destino,True
995,31,Bogota,173,12162880.0,Bajo,1000000,200497,0,Tarjeta,True
996,27,no_especificada,58,7377929.0,Alto,1000000,412527,0,Tarjeta,False
997,72,Bucaramanga,27,9477152.0,Medio,4000000,2879048,90,Tarjeta,False
998,35,no_especificada,120,14572314.0,Bajo,8000000,441852,0,Tarjeta,False
999,74,Cali,168,3908689.0,Medio,100000000,86361962,60,Tarjeta,False
1000,65,Medellin,166,2407592.0,Medio,12000000,863040,60,Libre Destino,False
1001,58,Barranquilla,108,6360538.0,Medio,8000000,6999903,60,Libre Destino,False
1002,70,Bucaramanga,98,7912523.0,Medio,1000000,805608,90,Libre Destino,False
1003,29,Bucaramanga,53,9106504.0,Bajo,8000000,4906216,0,Tarjeta,False
1004,34,Bucaramanga,87,6827443.0,Bajo,12000000,5885300,30,Tarjeta,False
1005,73,no_especificada,122,4778922.0,Medio,1000000,484086,0,Tarjeta,False
1006,62,Cali,119,9298400.0,Alto,8000000,6832013,90,Tarjeta,False
1007,30,Barranquilla,40,2297677.0,Alto,8000000,4501286,60,Tarjeta,False
1008,50,no_especificada,16,6377740.0,Alto,4000000,1442362,90,Libre Destino,False
1009,42,Bucaramanga,42,6971761.0,Alto,2000000,1186253,30,Tarjeta,False
1010,70,Bucaramanga,42,2697814.0,Medio,4000000,3319585,60,Libre Destino,False
1011,47,no_especificada,120,9436351.0,Alto,2000000,24239,0,Tarjeta,False
1012,43,no_especificada,64,3249496.0,Alto,8000000,6794990,60,Libre Destino,False
1013,38,Cali,103,5147469.0,Alto,12000000,2056603,90,Libre Destino,False
1014,48,Barranquilla,147,8737367.0,Alto,2000000,126040,0,Tarjeta,False
1015,39,no_especificada,114,12614620.0,Bajo,8000000,7933821,60,Tarjeta,False
1016,24,Bucaramanga,120,5024516.0,Bajo,4000000,156583,0,Tarjeta,True
1017,44,Bogota,11,3035425.0,Medio,1000000,339599,0,Tarjeta,False
1018,30,Bogota,56,2742639.0,Medio,12000000,8282997,0,Tarjeta,False
1019,27,Medellin,2,13769897.0,Alto,8000000,3350297,30,Libre Destino,False
1020,22,Bogota,117,2094026.0,Alto,1000000,319331,60,Tarjeta,True
1021,42,no_especificada,144,10390608.0,Bajo,12000000,9075455,0,Tarjeta,False
1022,25,Bucaramanga,78,13600231.0,Alto,4000000,645891,0,Tarjeta,False
1023,71,Barranquilla,124,5455406.0,Medio,2000000,215568,90,Tarjeta,False
1024,37,Cali,143,2659729.0,Medio,2000000,641235,30,Libre Destino,False
1025,40,Medellin,180,5890286.0,Alto,2000000,1405017,0,Libre Destino,False
1026,51,Barranquilla,112,13256326.0,Medio,12000000,8464299,0,Libre Destino,False
1027,53,Barranquilla,145,10510208.0,Alto,12000000,221871,0,Tarjeta,False
1028,72,Cali,9,13939543.0,Bajo,2000000,891228,60,Tarjeta,False
1029,55,Cali,153,9330158.0,Medio,12000000,7043935,90,Tarjeta,False
1030,26,Bogota,25,3160303.0,Alto,12000000,7933985,0,Tarjeta,False
1031,57,Cali,118,3767582.0,Bajo,4000000,982918,0,Libre Destino,False
1032,53,no_especificada,24,4488250.0,Medio,1000000,949437,0,Libre Destino,False
1033,45,Bucaramanga,49,13399917.0,Medio,4000000,3055765,0,Libre Destino,False
1034,19,Cali,134,11856862.0,Alto,1000000,468063,0,Tarjeta,True
1035,39,Bucaramanga,54,9509531.0,Alto,4000000,1430406,0,Tarjeta,False
1036,25,Cali,78,12760376.0,Alto,12000000,8074338,0,Tarjeta,False
1037,23,Bogota,118,11986368.0,Medio,1000000,450238,30,Tarjeta,True
1038,56,Bogota,49,3191654.0,Medio,4000000,3848175,0,Tarjeta,False
1039,59,no_especificada,106,1601727.0,Alto,2000000,1922516,30,Libre Destino,False
1040,67,Medellin,74,12059612.0,Medio,8000000,5984068,0,Tarjeta,False
1041,23,Bucaramanga,82,6435780.0,Medio,12000000,4937633,90,Libre Destino,True
1042,33,Barranquilla,26,1562985.0,Alto,2000000,542246,0,Tarjeta,False
1043,48,Cali,139,8502593.0,Bajo,8000000,1661723,0,Tarjeta,False
1044,66,Bucaramanga,70,8106303.0,Alto,1000000,202001,30,Libre Destino,False
1045,22,Bucaramanga,152,8418840.0,Medio,12000000,6403380,60,Tarjeta,True
1046,37,Bogota,75,6947464.0,Medio,4000000,1094623,0,Libre Destino,False
1047,44,Barranquilla,176,3394759.0,Medio,2000000,463356,0,Tarjeta,False
1048,35,Barranquilla,120,8838016.0,Alto,8000000,3666424,30,Tarjeta,False
1049,74,Cali,124,8234520.0,Bajo,2000000,1466547,30,Libre Destino,False
1050,19,Bucaramanga,40,6895897.0,Medio,12000000,949486,0,Tarjeta,True
1051,51,no_especificada,84,1344588.0,Medio,2000000,280900,0,Libre Destino,False
1052,61,Cali,138,7442117.0,Alto,2000000,306887,30,Libre Destino,False
1053,39,Barranquilla,104,10029176.0,Medio,8000000,5588592,0,Tarjeta,False
1054,51,Cali,81,2506648.0,Medio,12000000,9367261,30,Libre Destino,False
1055,67,Bogota,176,3800909.0,Bajo,12000000,2525759,30,Tarjeta,False
1056,22,Barranquilla,134,3860905.0,Medio,8000000,5608977,30,Tarjeta,True
1057,72,Medellin,125,1396324.0,Alto,8000000,2556869,0,Tarjeta,False
1058,52,no_especificada,9,12226450.0,Bajo,1000000,351268,90,Libre Destino,False
1059,31,Cali,162,6596712.0,Bajo,8000000,1575580,0,Tarjeta,True
1060,22,Bucaramanga,114,6589473.0,Alto,4000000,1902788,30,Tarjeta,True
1061,63,no_especificada,42,3328147.0,Medio,4000000,2016899,30,Tarjeta,False
1062,69,Bucaramanga,165,1878109.0,Alto,8000000,7297338,0,Libre Destino,False
1063,70,Medellin,162,2386023.0,Bajo,12000000,7672532,30,Tarjeta,False
1064,41,Bogota,107,7794234.0,Medio,8000000,3723136,30,Libre Destino,False
1065,65,Bucaramanga,164,8001923.0,Bajo,2000000,1918916,90,Tarjeta,False
1066,46,Medellin,150,6909539.0,Medio,2000000,541578,90,Tarjeta,False
1067,43,Bucaramanga,63,2779100.0,Bajo,4000000,3773566,0,Tarjeta,False
1068,47,Bogota,128,13072178.0,Bajo,12000000,2711010,30,Tarjeta,False
1069,58,Barranquilla,85,14201679.0,Bajo,2000000,770229,30,Libre Destino,False
1070,20,Medellin,110,10499296.0,Alto,12000000,7327490,30,Tarjeta,True
1071,20,Bogota,162,4902885.0,Medio,12000000,5325960,0,Tarjeta,True
1072,31,Bucaramanga,51,1709324.0,Alto,8000000,5035481,90,Libre Destino,False
1073,48,Medellin,24,1907691.0,Medio,1000000,527140,0,Tarjeta,False
1074,35,Cali,148,2906911.0,Alto,4000000,2418548,0,Tarjeta,False
1075,35,Barranquilla,11,1365997.0,Bajo,2000000,759580,0,Libre Destino,False
1076,20,Cali,166,5881454.0,Alto,12000000,4474178,60,Tarjeta,True
1077,68,Barranquilla,22,10603387.0,Bajo,2000000,1983316,90,Tarjeta,False
1078,21,Medellin,136,7930640.0,Medio,12000000,5111686,30,Tarjeta,True
1079,33,no_especificada,167,10928769.0,Medio,4000000,794948,90,Tarjeta,False
1080,73,no_especificada,87,5190188.0,Bajo,4000000,1622396,0,Tarjeta,False
1081,46,no_especificada,92,13157277.0,Alto,4000000,609446,0,Libre Destino,False
1082,68,Barranquilla,32,12899222.0,Alto,4000000,1291720,0,Tarjeta,False
1083,48,Medellin,139,1662183.0,Medio,2000000,1209711,60,Libre Destino,False
1084,20,no_especificada,127,4572555.0,Alto,2000000,475051,0,Tarjeta,True
1085,49,Barranquilla,7,7258764.0,Bajo,2000000,846307,0,Libre Destino,False
1086,45,Barranquilla,6,14766111.0,Medio,8000000,6514463,0,Tarjeta,False
1087,74,Bogota,37,14186491.0,Alto,8000000,2659558,30,Libre Destino,False
1088,32,Medellin,37,12949771.0,Medio,4000000,2159167,0,Tarjeta,False
1089,40,Bogota,66,8465484.0,Medio,12000000,7130372,0,Libre Destino,False
1090,69,Barranquilla,132,4452286.0,Medio,8000000,1876373,0,Tarjeta,False
1091,18,Medellin,149,12997099.0,Bajo,2000000,109062,0,Libre Destino,True
1092,20,Bucaramanga,137,5676532.0,Alto,8000000,2759117,0,Tarjeta,True
1093,23,Bucaramanga,8,12790920.0,Alto,12000000,3606315,0,Tarjeta,False
1094,65,Bogota,78,9502962.0,Medio,4000000,2930261,0,Tarjeta,False
1095,20,Barranquilla,30,11411441.0,Alto,4000000,38710,90,Libre Destino,True
1096,67,Barranquilla,12,,Bajo,4000000,3579729,30,Libre Destino,False
1097,55,Bogota,142,12172472.0,Bajo,12000000,9749057,0,Tarjeta,False
1098,43,Cali,147,4111540.0,Alto,1000000,407711,0,Tarjeta,False
1099,35,Cali,162,7356182.0,Medio,12000000,7469568,90,Tarjeta,False
1100,38,Barranquilla,65,13617689.0,Bajo,12000000,9881176,0,Tarjeta,False
1101,30,Medellin,33,6980296.0,Alto,12000000,8734066,30,Tarjeta,False
1102,34,no_especificada,134,13072662.0,Alto,1000000,546762,30,Tarjeta,False
1103,74,Barranquilla,97,13106197.0,Medio,4000000,3394716,60,Libre Destino,False
1104,38,Cali,96,11730909.0,Bajo,4000000,237524,0,Libre Destino,False
1105,35,Medellin,39,4163735.0,Bajo,2000000,865529,60,Tarjeta,False
1106,26,no_especificada,146,4760242.0,Medio,4000000,3643467,90,Tarjeta,True
1107,34,Medellin,67,13172329.0,Bajo,4000000,2451274,0,Tarjeta,False
1108,72,Medellin,81,8796932.0,Medio,1000000,930386,30,Tarjeta,False
1109,32,Bucaramanga,41,6616316.0,Bajo,8000000,1539210,0,Tarjeta,False
1110,49,Medellin,16,3112531.0,Bajo,2000000,1928151,30,Libre Destino,False
1111,42,Bucaramanga,54,8047976.0,Alto,12000000,7471003,0,Tarjeta,False
1112,65,Bucaramanga,42,2685490.0,Bajo,8000000,6669148,0,Libre Destino,False
1113,55,no_especificada,153,7056690.0,Bajo,1000000,148866,0,Tarjeta,False
1114,32,Bucaramanga,74,4892684.0,Medio,1000000,27445,0,Tarjeta,False
1115,31,Medellin,129,10908502.0,Bajo,1000000,621770,60,Tarjeta,False
1116,74,Cali,69,3626388.0,Bajo,2000000,217424,90,Libre Destino,False
1117,49,Bogota,104,13011829.0,Bajo,2000000,729463,0,Tarjeta,False
1118,46,no_especificada,178,12449558.0,Medio,4000000,3885471,0,Tarjeta,False
1119,22,Barranquilla,50,9993321.0,Bajo,2000000,1082928,90,Tarjeta,True
1120,24,Barranquilla,152,14837992.0,Medio,4000000,3251244,0,Tarjeta,True
1121,73,Bucaramanga,152,1823126.0,Bajo,2000000,1623081,90,Tarjeta,False
1122,46,Bucaramanga,14,1412111.0,Bajo,8000000,4454999,90,Tarjeta,False
1123,70,Barranquilla,64,2842827.0,Bajo,8000000,4270101,0,Libre Destino,False
1124,65,Bucaramanga,67,14156371.0,Alto,1000000,531299,30,Tarjeta,False
1125,39,Cali,15,13472060.0,Alto,1000000,198731,60,Tarjeta,False
1126,73,Barranquilla,124,7925172.0,Bajo,8000000,5918946,0,Tarjeta,False
1127,24,Medellin,60,12909067.0,Alto,1000000,353107,0,Libre Destino,False
1128,58,Cali,153,2324442.0,Medio,4000000,1005519,0,Libre Destino,False
1129,44,Cali,127,8397585.0,Alto,4000000,3477528,60,Libre Destino,False
1130,75,Cali,87,4031223.0,Bajo,12000000,6514598,60,Libre Destino,False
1131,55,Bucaramanga,5,1557610.0,Alto,1000000,731376,90,Tarjeta,False
1132,69,no_especificada,178,1929256.0,Medio,8000000,4793265,0,Tarjeta,False
1133,29,Bucaramanga,91,14966597.0,Bajo,12000000,2513978,0,Libre Destino,False
1134,75,Bogota,114,9731124.0,Bajo,1000000,183556,0,Tarjeta,False
1135,41,Bucaramanga,96,7660475.0,Medio,2000000,822669,0,Tarjeta,False
1136,18,Barranquilla,4,10764654.0,Medio,4000000,375390,0,Libre Destino,True
1137,69,no_especificada,103,1208942.0,Alto,1000000,790646,90,Libre Destino,False
1138,57,Bucaramanga,50,2458344.0,Medio,4000000,2202799,60,Libre Destino,False
1139,25,Barranquilla,179,6209136.0,Medio,1000000,180107,0,Tarjeta,True
1140,28,Cali,113,7315649.0,Alto,2000000,1936891,0,Libre Destino,False
1141,58,Bucaramanga,149,10544712.0,Bajo,8000000,7555641,0,Libre Destino,False
1142,43,Bucaramanga,120,7972298.0,Bajo,2000000,1199052,90,Tarjeta,False
1143,62,Cali,69,5048000.0,Medio,12000000,224453,0,Tarjeta,False
1144,59,Barranquilla,134,14013698.0,Alto,8000000,4605171,0,Tarjeta,False
1145,57,Cali,167,8077521.0,Bajo,1000000,689481,0,Tarjeta,False
1146,22,Medellin,13,9965090.0,Bajo,1000000,72390,0,Tarjeta,False
1147,27,Bogota,10,8933075.0,Bajo,12000000,4322974,90,Tarjeta,False
1148,33,Barranquilla,23,12708724.0,Bajo,2000000,1288964,0,Libre Destino,False
1149,75,Bogota,81,8542962.0,Alto,4000000,3922434,60,Libre Destino,False
1150,65,no_especificada,44,9769848.0,Bajo,2000000,1935805,0,Tarjeta,False
1151,18,no_especificada,5,8634944.0,Alto,1000000,883826,30,Tarjeta,True
1152,33,Medellin,86,2954541.0,Bajo,4000000,2267060,90,Tarjeta,False
1153,26,Medellin,177,3813855.0,Alto,8000000,4136762,60,Tarjeta,True
1154,49,no_especificada,93,2003822.0,Alto,2000000,563839,60,Tarjeta,False
1155,20,Barranquilla,16,5820900.0,Alto,12000000,10595533,90,Tarjeta,False
1156,26,no_especificada,36,3992496.0,Medio,1000000,751439,0,Libre Destino,False
1157,73,Bucaramanga,125,1585089.0,Bajo,2000000,147278,0,Tarjeta,False
1158,35,Cali,115,3805145.0,Bajo,2000000,1604408,0,Tarjeta,False
1159,20,Bogota,31,6618237.0,Bajo,4000000,984505,0,Libre Destino,True
1160,38,Medellin,69,5901709.0,Bajo,12000000,1839875,60,Tarjeta,False
1161,21,Medellin,83,9728455.0,Medio,4000000,585857,90,Tarjeta,True
1162,18,Bogota,115,1367554.0,Bajo,2000000,1836151,90,Tarjeta,True
1163,59,no_especificada,108,6579410.0,Medio,4000000,2332561,60,Libre Destino,False
1164,27,Barranquilla,99,13401307.0,Bajo,2000000,1869934,60,Tarjeta,False
1165,44,Bogota,50,14570823.0,Alto,4000000,3268446,90,Tarjeta,False
1166,27,Barranquilla,67,5366015.0,Bajo,8000000,4597430,0,Tarjeta,False
1167,41,Cali,151,3810882.0,Alto,4000000,1082272,30,Libre Destino,False
1168,74,Barranquilla,51,14513529.0,Alto,8000000,5772547,0,Libre Destino,False
1169,74,no_especificada,6,1278995.0,Alto,2000000,859484,90,Tarjeta,False
1170,59,Cali,13,8409424.0,Alto,12000000,2204063,0,Libre Destino,False
1171,28,no_especificada,9,11160555.0,Medio,12000000,3468453,30,Libre Destino,False
1172,69,Bogota,179,6566399.0,Medio,4000000,2922993,0,Libre Destino,False
1173,53,Barranquilla,17,6384349.0,Medio,2000000,555226,30,Tarjeta,False
1174,60,no_especificada,45,12296061.0,Bajo,4000000,1389552,0,Libre Destino,False
1175,50,Bucaramanga,84,13776333.0,Medio,8000000,3644843,90,Tarjeta,False
1176,38,Bucaramanga,42,14343090.0,Alto,12000000,722844,0,Libre Destino,False
1177,45,Bogota,10,10091498.0,Medio,1000000,871880,0,Tarjeta,False
1178,41,Barranquilla,42,11269238.0,Alto,2000000,787165,0,Tarjeta,False
1179,72,Barranquilla,135,12412667.0,Medio,2000000,1293263,0,Tarjeta,False
1180,32,Bucaramanga,172,6294735.0,Bajo,4000000,3178883,90,Tarjeta,True
1181,29,Bucaramanga,133,12977862.0,Bajo,12000000,7251850,90,Tarjeta,True
1182,48,Barranquilla,7,3545890.0,Bajo,8000000,6488136,60,Libre Destino,False
1183,60,Cali,55,4939578.0,Medio,4000000,1392491,30,Tarjeta,False
1184,20,Medellin,47,10016257.0,Medio,12000000,7424121,90,Libre Destino,True
1185,20,Barranquilla,98,13256087.0,Bajo,1000000,525619,60,Tarjeta,True
1186,42,Cali,132,5083182.0,Bajo,1000000,215117,0,Libre Destino,False
1187,73,Cali,105,6021928.0,Bajo,2000000,566956,0,Tarjeta,False
1188,55,Barranquilla,131,11161745.0,Medio,8000000,2735602,0,Tarjeta,False
1189,68,Bucaramanga,71,13848773.0,Medio,1000000,887117,30,Libre Destino,False
1190,65,Bucaramanga,64,4687645.0,Alto,12000000,2792278,30,Libre Destino,False
1191,56,Bucaramanga,84,13858761.0,Bajo,1000000,247467,60,Libre Destino,False
1192,24,Medellin,111,14908751.0,Bajo,8000000,2145796,90,Tarjeta,True
1193,53,Cali,136,5327268.0,Medio,2000000,95095,60,Libre Destino,False
1194,66,Barranquilla,78,8350418.0,Medio,2000000,1155581,0,Tarjeta,False
1195,70,Medellin,141,14032442.0,Alto,8000000,6649478,60,Libre Destino,False
1196,57,no_especificada,51,9290657.0,Alto,1000000,714522,0,Tarjeta,False
1197,22,Bucaramanga,28,11637841.0,Medio,4000000,341681,90,Tarjeta,False
1198,45,Cali,136,5516511.0,Alto,1000000,917473,60,Tarjeta,False
1199,34,Bucaramanga,112,2718012.0,Bajo,12000000,9432705,30,Tarjeta,False
1200,31,Bucaramanga,136,5221101.0,Alto,2000000,290503,0,Tarjeta,False
1201,73,Barranquilla,33,11071865.0,Alto,4000000,359854,60,Libre Destino,False
1202,26,Cali,134,9864621.0,Medio,12000000,5589140,0,Tarjeta,True
1203,28,Cali,92,7931051.0,Alto,1000000,303637,60,Tarjeta,False
1204,51,Cali,52,4398300.0,Alto,1000000,173945,90,Libre Destino,False
1205,61,Bucaramanga,174,11226905.0,Bajo,2000000,1345172,60,Libre Destino,False
1206,37,Medellin,142,5354017.0,Bajo,12000000,11007910,30,Tarjeta,False
1207,74,Bucaramanga,169,6903826.0,Medio,1000000,165247,0,Tarjeta,False
1208,49,Cali,34,8648244.0,Bajo,8000000,4150474,90,Tarjeta,False
1209,58,no_especificada,164,11598917.0,Medio,2000000,1106057,0,Tarjeta,False
1210,58,Bogota,144,4567672.0,Bajo,4000000,1197549,60,Libre Destino,False
1211,59,no_especificada,120,12866399.0,Medio,1000000,495542,0,Tarjeta,False
1212,53,Bogota,51,12544284.0,Bajo,8000000,4275661,0,Libre Destino,False
1213,37,Barranquilla,155,4287027.0,Alto,4000000,1098715,0,Libre Destino,False
1214,63,Bogota,113,4997771.0,Bajo,2000000,1573841,0,Tarjeta,False
1215,55,Bogota,145,12389077.0,Medio,4000000,2843645,60,Libre Destino,False
1216,74,Bogota,81,2654059.0,Medio,4000000,548227,0,Libre Destino,False
1217,75,no_especificada,131,8873035.0,Medio,4000000,318201,0,Libre Destino,False
1218,47,Barranquilla,25,8201109.0,Medio,1000000,835637,60,Tarjeta,False
1219,47,Medellin,22,7444936.0,Alto,12000000,10246033,0,Libre Destino,False
1220,44,no_especificada,7,5374211.0,Alto,1000000,23407,90,Libre Destino,False
1221,40,no_especificada,55,12631515.0,Medio,4000000,2039811,0,Tarjeta,False
1222,21,Cali,140,10886048.0,Alto,8000000,5107758,0,Libre Destino,True
1223,70,Medellin,38,1397347.0,Bajo,12000000,8349706,90,Tarjeta,False
1224,59,Bogota,80,3374500.0,Alto,2000000,601343,30,Tarjeta,False
1225,55,Medellin,66,5269617.0,Medio,2000000,1135101,30,Tarjeta,False
1226,31,Bucaramanga,153,5870969.0,Alto,2000000,1497393,0,Tarjeta,False
1227,53,Bogota,95,7021165.0,Medio,12000000,10231681,0,Libre Destino,False
1228,45,Medellin,95,4182945.0,Medio,12000000,7539140,90,Tarjeta,False
1229,65,Bucaramanga,60,4270750.0,Medio,4000000,520461,0,Tarjeta,False
1230,52,no_especificada,90,11169345.0,Alto,4000000,1588472,90,Libre Destino,False
1231,38,Bogota,17,9076584.0,Alto,8000000,4367959,0,Libre Destino,False
1232,54,Barranquilla,177,14422790.0,Medio,4000000,1506780,0,Libre Destino,False
1233,28,Bogota,112,,Bajo,8000000,4930121,30,Tarjeta,False
1234,59,Bucaramanga,47,14027498.0,Bajo,12000000,5495291,30,Tarjeta,False
1235,30,no_especificada,168,13350299.0,Medio,8000000,5121514,0,Tarjeta,True
1236,70,Cali,132,9896430.0,Alto,1000000,561460,0,Tarjeta,False
1237,36,Cali,79,2520741.0,Bajo,1000000,286355,30,Tarjeta,False
1238,42,Cali,38,10138329.0,Bajo,4000000,3090505,0,Tarjeta,False
1239,69,Barranquilla,3,2750778.0,Bajo,2000000,1268661,0,Libre Destino,False
1240,45,Bucaramanga,131,6939617.0,Alto,1000000,249784,30,Tarjeta,False
1241,44,Cali,174,3542879.0,Bajo,12000000,3775683,90,Tarjeta,False
1242,34,Barranquilla,119,3885434.0,Bajo,4000000,283137,60,Libre Destino,False
1243,52,Cali,162,9116008.0,Alto,4000000,2086288,90,Libre Destino,False
1244,35,Bucaramanga,26,10072782.0,Alto,12000000,2981441,30,Tarjeta,False
1245,67,no_especificada,26,10377428.0,Alto,4000000,2738998,0,Tarjeta,False
1246,42,Cali,7,11913688.0,Medio,2000000,1897856,30,Tarjeta,False
1247,36,no_especificada,170,8474445.0,Alto,8000000,6695943,60,Libre Destino,False
1248,39,Bucaramanga,178,6393820.0,Medio,4000000,2344952,0,Tarjeta,False
1249,71,Medellin,110,8785276.0,Medio,2000000,497133,30,Tarjeta,False
1250,49,Barranquilla,127,12237987.0,Bajo,12000000,352766,0,Tarjeta,False
1251,31,Barranquilla,17,4608265.0,Alto,12000000,11885848,0,Libre Destino,False
1252,33,no_especificada,109,9262335.0,Bajo,2000000,1598912,0,Tarjeta,False
1253,63,Bogota,83,13842284.0,Alto,4000000,2051247,60,Libre Destino,False
1254,75,Bucaramanga,48,4064769.0,Medio,8000000,4765801,90,Libre Destino,False
1255,68,Bogota,123,8941533.0,Bajo,12000000,6398679,30,Tarjeta,False
1256,46,Bogota,54,4301665.0,Alto,4000000,1730482,0,Libre Destino,False
1257,23,no_especificada,115,13204909.0,Bajo,8000000,895301,0,Libre Destino,True
1258,55,Barranquilla,56,10767164.0,Medio,2000000,1608410,90,Tarjeta,False
1259,59,Barranquilla,163,6758501.0,Bajo,12000000,4975749,60,Libre Destino,False
1260,46,no_especificada,72,7558180.0,Alto,8000000,372033,0,Libre Destino,False
1261,50,Cali,16,3961315.0,Medio,4000000,3096138,30,Tarjeta,False
1262,72,Barranquilla,137,8859073.0,Medio,1000000,743601,90,Libre Destino,False
1263,65,Bucaramanga,37,7531748.0,Alto,4000000,3789600,0,Tarjeta,False
1264,24,no_especificada,134,11936799.0,Bajo,4000000,3521331,0,Libre Destino,True
1265,58,Bucaramanga,177,5076878.0,Bajo,8000000,3373372,30,Libre Destino,False
1266,23,Barranquilla,59,2131606.0,Bajo,1000000,843278,30,Libre Destino,False
1267,34,Barranquilla,21,9703499.0,Bajo,4000000,650154,0,Tarjeta,False
1268,49,no_especificada,31,3347947.0,Medio,12000000,4743558,30,Libre Destino,False
1269,19,Barranquilla,87,1572451.0,Alto,8000000,7141573,0,Libre Destino,True
1270,53,Cali,84,10171338.0,Alto,8000000,7973379,0,Tarjeta,False
1271,72,no_especificada,69,7620090.0,Medio,1000000,298297,0,Tarjeta,False
1272,54,Cali,80,7202966.0,Medio,1000000,179221,0,Libre Destino,False
1273,28,Bucaramanga,180,12141192.0,Bajo,1000000,1201,0,Libre Destino,True
1274,27,Bogota,39,4131613.0,Alto,12000000,3618776,0,Tarjeta,False
1275,31,Barranquilla,126,13539948.0,Medio,8000000,5294573,30,Libre Destino,False
1276,21,Medellin,42,5042423.0,Medio,2000000,1909404,0,Tarjeta,True
1277,59,no_especificada,138,7824825.0,Bajo,1000000,895826,0,Tarjeta,False
1278,19,Medellin,12,13166691.0,Medio,4000000,791693,30,Tarjeta,False
1279,23,Cali,159,10585355.0,Medio,4000000,2213070,90,Libre Destino,True
1280,53,Cali,112,2425032.0,Bajo,2000000,1558435,30,Tarjeta,False
1281,30,Bogota,13,14802925.0,Alto,1000000,645075,30,Tarjeta,False
1282,44,Barranquilla,173,13471813.0,Alto,8000000,7600403,0,Tarjeta,False
1283,74,Medellin,84,8407010.0,Medio,8000000,4586264,0,Tarjeta,False
1284,64,Barranquilla,136,6758750.0,Alto,8000000,2093177,0,Tarjeta,False
1285,60,Barranquilla,111,2528908.0,Medio,12000000,8103108,30,Tarjeta,False
1286,68,Cali,174,9117163.0,Bajo,8000000,2743520,0,Tarjeta,False
1287,57,Bucaramanga,164,7239200.0,Alto,1000000,933422,0,Tarjeta,False
1288,48,Bogota,50,10352987.0,Medio,4000000,2724065,0,Libre Destino,False
1289,27,Barranquilla,180,11449592.0,Medio,4000000,3575187,0,Libre Destino,True
1290,48,Barranquilla,67,6504553.0,Medio,2000000,619564,0,Libre Destino,False
1291,50,Medellin,133,12505195.0,Bajo,8000000,1580391,30,Libre Destino,False
1292,68,no_especificada,84,7441000.0,Bajo,2000000,505662,30,Libre Destino,False
1293,24,Medellin,78,2721585.0,Bajo,4000000,3818268,0,Tarjeta,True
1294,67,Bucaramanga,107,8520454.0,Bajo,8000000,5174412,60,Tarjeta,False
1295,33,Bogota,142,10123597.0,Medio,8000000,2204226,30,Tarjeta,False
1296,29,no_especificada,31,5278401.0,Alto,2000000,1887338,0,Libre Destino,False
1297,73,Bogota,161,2041915.0,Alto,1000000,521205,30,Libre Destino,False
1298,57,Bogota,110,4050505.0,Medio,8000000,693654,0,Tarjeta,False
1299,30,Cali,123,8733345.0,Alto,8000000,4504743,30,Libre Destino,False
1300,53,no_especificada,154,9545504.0,Medio,4000000,2223999,60,Tarjeta,False
1301,60,Bogota,147,2566441.0,Medio,2000000,482221,30,Libre Destino,False
1302,74,Cali,121,7668296.0,Alto,8000000,6973640,60,Tarjeta,False
1303,26,Bogota,40,11415727.0,Medio,2000000,1564518,0,Tarjeta,False
1304,42,Bogota,62,13405498.0,Alto,1000000,390537,0,Tarjeta,False
1305,36,Bogota,11,3061794.0,Bajo,4000000,3574756,90,Tarjeta,False
1306,36,Cali,112,9293671.0,Bajo,1000000,751024,0,Libre Destino,False
1307,39,Bucaramanga,23,3569520.0,Medio,4000000,2023405,0,Tarjeta,False
1308,43,Barranquilla,9,10543339.0,Bajo,8000000,3708782,30,Tarjeta,False
1309,19,Bucaramanga,162,5643907.0,Alto,12000000,11167105,30,Tarjeta,True
1310,60,Barranquilla,139,6555376.0,Medio,1000000,810401,0,Tarjeta,False
1311,57,Bucaramanga,17,4852855.0,Alto,4000000,311925,0,Libre Destino,False
1312,30,Barranquilla,85,8781688.0,Medio,12000000,3907102,90,Libre Destino,False
1313,45,Bucaramanga,57,5525957.0,Medio,12000000,2856811,0,Tarjeta,False
1314,23,no_especificada,19,9490052.0,Medio,4000000,671082,0,Libre Destino,False
1315,33,Bucaramanga,55,1304456.0,Alto,4000000,174443,0,Tarjeta,False
1316,21,Barranquilla,55,14093497.0,Bajo,12000000,3059761,0,Libre Destino,True
1317,18,Bogota,73,7654453.0,Bajo,12000000,9313572,60,Libre Destino,True
1318,62,Bogota,147,3134791.0,Medio,12000000,3513309,60,Tarjeta,False
1319,44,Bogota,94,14203265.0,Medio,2000000,1055581,30,Libre Destino,False
1320,56,Bogota,93,11919997.0,Medio,1000000,635718,0,Libre Destino,False
1321,48,Medellin,159,7099504.0,Bajo,8000000,2046615,0,Tarjeta,False
1322,50,Medellin,136,13949302.0,Bajo,2000000,736684,60,Tarjeta,False
1323,67,Barranquilla,71,11654045.0,Medio,4000000,2535834,60,Tarjeta,False
1324,48,no_especificada,180,14218361.0,Bajo,12000000,9586357,0,Libre Destino,False
1325,51,Barranquilla,44,14593342.0,Bajo,1000000,359239,0,Tarjeta,False
1326,32,Bucaramanga,176,9839486.0,Alto,1000000,842112,0,Tarjeta,True
1327,67,no_especificada,111,9737718.0,Bajo,2000000,1805583,0,Tarjeta,False
1328,47,no_especificada,65,5550357.0,Bajo,12000000,6162828,0,Tarjeta,False
1329,59,Barranquilla,172,4352904.0,Bajo,2000000,628555,90,Tarjeta,False
1330,71,Cali,25,4552556.0,Medio,1000000,921779,90,Tarjeta,False
1331,47,Bucaramanga,70,7071294.0,Alto,8000000,7790868,0,Tarjeta,False
1332,28,Bogota,44,7666071.0,Medio,12000000,9704146,0,Tarjeta,False
1333,38,Bucaramanga,177,5554104.0,Medio,1000000,189276,60,Tarjeta,False
1334,49,Bucaramanga,114,13067182.0,Alto,4000000,3416088,0,Tarjeta,False
1335,20,Bucaramanga,98,2467169.0,Bajo,4000000,2393002,0,Libre Destino,True
1336,52,Bogota,89,8705812.0,Medio,8000000,4938645,30,Tarjeta,False
1337,64,Bogota,17,10645193.0,Alto,8000000,5634860,90,Tarjeta,False
1338,66,Barranquilla,126,9608322.0,Bajo,4000000,2990247,30,Tarjeta,False
1339,29,Barranquilla,96,7190166.0,Medio,12000000,3594255,30,Tarjeta,False
1340,72,Cali,68,9011325.0,Alto,12000000,1833295,90,Libre Destino,False
1341,69,Bogota,124,13014986.0,Bajo,1000000,475632,60,Libre Destino,False
1342,51,Cali,13,11432157.0,Alto,1000000,909600,0,Libre Destino,False
1343,61,Barranquilla,97,7905967.0,Alto,12000000,11320233,60,Tarjeta,False
1344,69,Medellin,117,10705148.0,Medio,4000000,3699063,60,Tarjeta,False
1345,30,Bogota,34,4553984.0,Bajo,8000000,3033219,60,Tarjeta,False
1346,47,Bucaramanga,54,7338520.0,Medio,4000000,3996600,60,Libre Destino,False
1347,51,Bogota,13,6330017.0,Alto,12000000,2300213,0,Tarjeta,False
1348,46,Bogota,24,11770265.0,Alto,8000000,6083661,0,Libre Destino,False
1349,33,Cali,21,13820824.0,Medio,4000000,1598374,60,Tarjeta,False
1350,48,Bogota,82,6441525.0,Bajo,12000000,8729653,0,Tarjeta,False
1351,46,Cali,30,11347072.0,Alto,1000000,994319,30,Libre Destino,False
1352,32,Cali,93,13155480.0,Medio,12000000,420834,0,Libre Destino,False
1353,23,no_especificada,27,12758218.0,Medio,2000000,284378,30,Tarjeta,False
1354,28,Medellin,62,13507128.0,Alto,2000000,484941,0,Tarjeta,False
1355,34,Bucaramanga,162,6716769.0,Alto,2000000,1457992,0,Tarjeta,False
1356,34,no_especificada,15,5543162.0,Bajo,12000000,6157520,0,Tarjeta,False
1357,42,Bucaramanga,130,1905932.0,Medio,12000000,5303925,0,Tarjeta,False
1358,56,Cali,52,5950758.0,Bajo,12000000,8642283,0,Libre Destino,False
1359,66,Cali,81,10680189.0,Bajo,1000000,835585,90,Tarjeta,False
1360,66,Cali,110,6418304.0,Alto,4000000,1190728,90,Tarjeta,False
1361,51,Bogota,168,6734067.0,Alto,2000000,121180,30,Libre Destino,False
1362,65,Cali,98,5318710.0,Bajo,4000000,223386,0,Tarjeta,False
1363,45,Cali,121,1306560.0,Alto,12000000,660151,60,Tarjeta,False
1364,35,Cali,31,7952541.0,Bajo,12000000,4637727,60,Libre Destino,False
1365,21,Cali,137,6297791.0,Medio,12000000,3896692,0,Tarjeta,True
1366,35,Bucaramanga,100,4947390.0,Medio,12000000,9267327,0,Tarjeta,False
1367,21,Bogota,92,10260039.0,Medio,4000000,1230285,0,Tarjeta,True
1368,41,no_especificada,61,11901926.0,Medio,4000000,2248588,0,Tarjeta,False
1369,53,no_especificada,20,8490741.0,Medio,1000000,609661,30,Libre Destino,False
1370,42,Medellin,63,,Bajo,1000000,581238,30,Libre Destino,False
1371,44,Medellin,138,13194077.0,Medio,4000000,1902977,60,Tarjeta,False
1372,59,Bogota,13,14544581.0,Alto,2000000,1823634,60,Tarjeta,False
1373,24,Medellin,53,14363986.0,Alto,12000000,7756610,0,Tarjeta,False
1374,45,Barranquilla,98,12538413.0,Alto,12000000,6582892,0,Tarjeta,False
1375,73,Barranquilla,41,2331121.0,Bajo,1000000,306051,60,Libre Destino,False
1376,75,no_especificada,113,12864863.0,Medio,12000000,2489249,30,Tarjeta,False
1377,52,Bucaramanga,59,10346690.0,Alto,8000000,4556057,0,Libre Destino,False
1378,55,no_especificada,167,8478112.0,Alto,8000000,7963386,0,Libre Destino,False
1379,54,Medellin,17,6401924.0,Alto,12000000,4185506,0,Libre Destino,False
1380,36,Bucaramanga,153,9808530.0,Alto,4000000,831547,30,Tarjeta,False
1381,53,Bogota,56,3997365.0,Medio,4000000,3717046,30,Libre Destino,False
1382,45,Medellin,113,1442351.0,Bajo,8000000,4193815,0,Libre Destino,False
1383,18,Medellin,74,9613412.0,Alto,1000000,932963,30,Tarjeta,True
1384,46,no_especificada,131,6123702.0,Bajo,8000000,3330557,60,Libre Destino,False
1385,32,Medellin,60,8158395.0,Medio,2000000,983824,30,Tarjeta,False
1386,39,Bucaramanga,12,3668570.0,Medio,8000000,1043384,60,Libre Destino,False
1387,73,Barranquilla,83,12218242.0,Bajo,8000000,7419424,0,Tarjeta,False
1388,74,Bogota,52,3894202.0,Bajo,4000000,1631766,30,Tarjeta,False
1389,60,Bucaramanga,1,1429850.0,Medio,2000000,1300139,60,Tarjeta,False
1390,29,Barranquilla,137,7612598.0,Alto,1000000,980453,90,Tarjeta,True
1391,57,no_especificada,48,12203606.0,Medio,8000000,3933285,30,Tarjeta,False
1392,48,Bucaramanga,165,14177095.0,Bajo,4000000,3400631,0,Libre Destino,False
1393,33,Cali,106,8509265.0,Medio,4000000,3679339,0,Tarjeta,False
1394,38,no_especificada,83,13772943.0,Alto,12000000,4809334,0,Libre Destino,False
1395,50,Barranquilla,75,5309518.0,Medio,12000000,5961841,30,Libre Destino,False
1396,57,Cali,126,13948179.0,Bajo,12000000,7055483,0,Libre Destino,False
1397,28,Medellin,78,14240825.0,Medio,2000000,595149,0,Tarjeta,False
1398,23,Bogota,25,4105940.0,Bajo,1000000,850290,0,Libre Destino,False
1399,18,Bucaramanga,131,5383184.0,Alto,1000000,764702,90,Tarjeta,True
1400,72,Bucaramanga,127,14495449.0,Medio,12000000,31528,60,Tarjeta,False
1401,50,Barranquilla,66,5822547.0,Bajo,4000000,1858440,0,Tarjeta,False
1402,54,Bogota,88,11044711.0,Bajo,4000000,1588115,90,Tarjeta,False
1403,49,Bogota,134,12323358.0,Alto,8000000,5622664,0,Tarjeta,False
1404,23,Barranquilla,163,1573298.0,Bajo,1000000,504797,30,Tarjeta,True
1405,52,Medellin,71,11891802.0,Alto,1000000,860183,0,Tarjeta,False
1406,61,Cali,114,7024803.0,Alto,1000000,327764,0,Tarjeta,False
1407,75,Medellin,120,6066017.0,Alto,8000000,7336217,0,Libre Destino,False
1408,68,Bogota,38,10837252.0,Alto,2000000,449330,90,Tarjeta,False
1409,18,Bogota,158,4334150.0,Alto,1000000,134166,0,Tarjeta,True
1410,71,Bucaramanga,61,2800979.0,Medio,12000000,1403676,0,Tarjeta,False
1411,47,Cali,79,10049519.0,Alto,8000000,1805033,0,Tarjeta,False
1412,71,Cali,133,8868891.0,Bajo,2000000,1575925,0,Tarjeta,False
1413,47,Cali,9,1825352.0,Alto,1000000,64089,0,Tarjeta,False
1414,46,no_especificada,105,9320398.0,Bajo,2000000,1394188,0,Tarjeta,False
1415,62,Bucaramanga,51,1798519.0,Bajo,4000000,893496,0,Libre Destino,False
1416,74,Bogota,129,13855817.0,Alto,12000000,5566136,0,Tarjeta,False
1417,44,Cali,151,14114216.0,Medio,2000000,1089995,60,Libre Destino,False
1418,66,Barranquilla,169,4100564.0,Bajo,12000000,10442412,0,Tarjeta,False
1419,38,Cali,68,9514458.0,Alto,2000000,1981950,60,Tarjeta,False
1420,50,Bucaramanga,170,10202268.0,Bajo,2000000,1260231,60,Tarjeta,False
1421,61,Bogota,7,6761472.0,Alto,4000000,658321,90,Libre Destino,False
1422,21,Bogota,165,9705034.0,Medio,2000000,1122755,0,Tarjeta,True
1423,22,Cali,126,5624242.0,Alto,1000000,692711,60,Libre Destino,True
1424,35,Barranquilla,79,11309484.0,Bajo,8000000,5970550,30,Libre Destino,False
1425,35,no_especificada,58,4913873.0,Medio,12000000,7965771,60,Tarjeta,False
1426,25,Barranquilla,73,11090531.0,Medio,2000000,1162312,30,Tarjeta,False
1427,53,Bogota,123,3215023.0,Bajo,12000000,9295399,0,Tarjeta,False
1428,29,no_especificada,8,3436740.0,Bajo,1000000,436335,60,Libre Destino,False
1429,24,Medellin,109,1527482.0,Medio,8000000,7688724,30,Tarjeta,True
1430,30,no_especificada,109,3009603.0,Bajo,4000000,3896726,0,Tarjeta,False
1431,26,Cali,62,2709871.0,Medio,2000000,520309,0,Tarjeta,False
1432,45,Bucaramanga,95,10504852.0,Bajo,8000000,7840441,0,Tarjeta,False
1433,54,Bucaramanga,151,10278270.0,Medio,1000000,939493,0,Tarjeta,False
1434,26,no_especificada,59,12367871.0,Medio,1000000,792762,90,Tarjeta,False
1435,33,Bogota,38,9612379.0,Medio,12000000,7764688,60,Tarjeta,False
1436,37,Medellin,82,2631932.0,Alto,8000000,2113060,0,Libre Destino,False
1437,67,no_especificada,85,6192271.0,Bajo,8000000,4402334,90,Tarjeta,False
1438,46,no_especificada,134,11306266.0,Bajo,12000000,3698425,90,Tarjeta,False
1439,35,Bucaramanga,151,7661764.0,Medio,12000000,1703276,30,Tarjeta,False
1440,49,Cali,79,4261822.0,Alto,1000000,52937,30,Tarjeta,False
1441,24,Barranquilla,15,14269195.0,Bajo,4000000,3086451,0,Tarjeta,False
1442,32,Bogota,86,13775693.0,Medio,8000000,6484923,0,Tarjeta,False
1443,34,Bogota,30,7539614.0,Alto,1000000,955668,60,Tarjeta,False
1444,39,no_especificada,50,10633761.0,Alto,8000000,7868191,0,Libre Destino,False
1445,49,Bucaramanga,57,5209284.0,Bajo,8000000,152052,0,Libre Destino,False
1446,71,Barranquilla,53,5111075.0,Alto,12000000,10501777,0,Tarjeta,False
1447,60,Cali,158,4495769.0,Medio,1000000,587065,60,Tarjeta,False
1448,62,Bogota,47,8261904.0,Alto,4000000,3731909,0,Tarjeta,False
1449,66,Cali,137,14809260.0,Medio,8000000,3255401,0,Tarjeta,False
1450,52,no_especificada,53,5599559.0,Medio,1000000,335408,30,Tarjeta,False
1451,71,Cali,2,1743388.0,Bajo,2000000,1949702,30,Tarjeta,False
1452,20,Cali,64,10129055.0,Alto,8000000,6393508,0,Libre Destino,True
1453,33,no_especificada,83,2121155.0,Alto,12000000,9559790,0,Tarjeta,False
1454,55,Bogota,25,14677287.0,Bajo,12000000,8704155,0,Tarjeta,False
1455,31,Medellin,27,9068096.0,Alto,8000000,6103262,0,Libre Destino,False
1456,74,Bogota,18,4562220.0,Medio,12000000,8509964,60,Libre Destino,False
1457,41,Barranquilla,180,9635991.0,Bajo,12000000,2922693,0,Tarjeta,False
1458,37,Barranquilla,102,7745640.0,Alto,12000000,5433966,60,Tarjeta,False
1459,73,Medellin,165,6474869.0,Alto,1000000,207687,0,Tarjeta,False
1460,50,Bucaramanga,31,13301005.0,Alto,8000000,238594,0,Tarjeta,False
1461,66,no_especificada,93,8109710.0,Alto,1000000,53805,0,Tarjeta,False
1462,24,Bucaramanga,21,7852725.0,Medio,2000000,1541841,0,Tarjeta,False
1463,29,Bucaramanga,164,9717587.0,Alto,12000000,10719140,0,Tarjeta,True
1464,71,no_especificada,172,3494769.0,Medio,12000000,6543255,60,Libre Destino,False
1465,61,Medellin,116,7658465.0,Medio,2000000,870490,90,Tarjeta,False
1466,23,Barranquilla,128,14006712.0,Medio,12000000,8720054,90,Tarjeta,True
1467,47,Bucaramanga,14,6005508.0,Bajo,2000000,1883402,0,Tarjeta,False
1468,31,Cali,39,1843588.0,Medio,4000000,2948499,90,Libre Destino,False
1469,22,no_especificada,88,3025214.0,Alto,4000000,3090782,0,Tarjeta,True
1470,71,Cali,112,5159061.0,Medio,8000000,6977094,0,Tarjeta,False
1471,44,no_especificada,174,3636920.0,Medio,2000000,1570314,0,Tarjeta,False
1472,50,Barranquilla,153,4028699.0,Medio,12000000,5805506,60,Tarjeta,False
1473,21,no_especificada,59,6707818.0,Medio,2000000,1606584,0,Tarjeta,True
1474,32,Cali,149,4782566.0,Alto,8000000,1237719,30,Tarjeta,False
1475,47,Cali,35,3750057.0,Medio,2000000,1338553,0,Tarjeta,False
1476,43,Medellin,146,4924737.0,Alto,12000000,10356514,0,Libre Destino,False
1477,59,Cali,108,3746963.0,Alto,1000000,518201,30,Libre Destino,False
1478,66,Medellin,27,3934825.0,Bajo,1000000,496160,60,Libre Destino,False
1479,55,Barranquilla,149,13188890.0,Bajo,1000000,68068,0,Libre Destino,False
1480,72,Barranquilla,168,11864148.0,Bajo,8000000,5195727,60,Tarjeta,False
1481,38,Cali,146,6649733.0,Bajo,8000000,3698175,90,Tarjeta,False
1482,60,Cali,86,13380346.0,Medio,2000000,954137,0,Libre Destino,False
1483,41,Medellin,114,9015357.0,Bajo,4000000,521300,0,Tarjeta,False
1484,66,Cali,163,7637898.0,Bajo,12000000,10075145,90,Tarjeta,False
1485,18,Bogota,4,10926911.0,Alto,2000000,1757683,0,Tarjeta,True
1486,24,Cali,80,9673081.0,Alto,8000000,522662,30,Tarjeta,True
1487,27,Cali,119,7468002.0,Alto,12000000,893235,0,Libre Destino,True
1488,31,Cali,130,2039097.0,Medio,12000000,9275959,90,Libre Destino,False
1489,32,Medellin,92,4935648.0,Medio,2000000,1249046,30,Libre Destino,False
1490,26,Bogota,130,7975191.0,Alto,12000000,2777311,30,Tarjeta,True
1491,37,Barranquilla,85,14902851.0,Alto,12000000,1186279,0,Libre Destino,False
1492,67,no_especificada,96,3139713.0,Alto,2000000,1047933,90,Tarjeta,False
1493,19,Bucaramanga,54,13113510.0,Alto,2000000,937464,0,Libre Destino,True
1494,64,Bucaramanga,118,12176847.0,Bajo,1000000,620146,90,Tarjeta,False
1495,28,Bucaramanga,166,12377493.0,Medio,2000000,470693,0,Tarjeta,True
1496,40,Bucaramanga,35,2614130.0,Medio,12000000,278159,0,Libre Destino,False
1497,66,Bucaramanga,138,5518435.0,Bajo,12000000,8846102,60,Tarjeta,False
1498,61,Barranquilla,171,8391351.0,Bajo,2000000,1327457,60,Libre Destino,False
1499,26,Bucaramanga,126,5090024.0,Bajo,2000000,400683,30,Tarjeta,True
1500,25,Cali,56,3403465.0,Medio,2000000,1617931,0,Tarjeta,False
1501,52,no_especificada,76,10741786.0,Bajo,12000000,10986632,60,Tarjeta,False
1502,65,Medellin,52,4410047.0,Bajo,12000000,1066602,90,Tarjeta,False
1503,32,Bucaramanga,62,6054274.0,Alto,4000000,1260986,0,Libre Destino,False
1504,42,Bogota,172,14921268.0,Bajo,4000000,1627166,90,Libre Destino,False
1505,37,Medellin,135,7491383.0,Bajo,1000000,948088,0,Tarjeta,False
1506,69,Bogota,132,3491830.0,Bajo,12000000,9695426,60,Tarjeta,False
1507,39,Bucaramanga,153,,Bajo,12000000,1184520,0,Libre Destino,False
1508,33,no_especificada,149,6641973.0,Medio,1000000,577158,0,Libre Destino,False
1509,53,Bogota,93,11954162.0,Bajo,8000000,4479178,0,Tarjeta,False
1510,58,Bucaramanga,64,4172494.0,Alto,2000000,923858,30,Tarjeta,False
1511,57,no_especificada,100,3359687.0,Bajo,8000000,2396510,0,Tarjeta,False
1512,39,Bucaramanga,84,7394602.0,Medio,8000000,1836862,90,Tarjeta,False
1513,65,no_especificada,154,11767654.0,Medio,12000000,4898257,0,Tarjeta,False
1514,61,Barranquilla,62,13412041.0,Bajo,1000000,28258,0,Tarjeta,False
1515,34,Bucaramanga,42,8928462.0,Medio,2000000,1641565,0,Tarjeta,False
1516,69,Bucaramanga,114,13878879.0,Bajo,1000000,568441,0,Libre Destino,False
1517,71,Bucaramanga,156,2030517.0,Medio,8000000,619448,90,Tarjeta,False
1518,52,Medellin,139,11772833.0,Medio,12000000,2440398,90,Tarjeta,False
1519,56,Bucaramanga,3,5356790.0,Medio,8000000,7431457,0,Tarjeta,False
1520,19,Barranquilla,117,2119323.0,Alto,2000000,50309,30,Tarjeta,True
1521,73,Barranquilla,70,14858602.0,Medio,12000000,10180703,0,Tarjeta,False
1522,50,Bogota,142,3905450.0,Medio,4000000,41245,0,Libre Destino,False
1523,54,Cali,97,14054279.0,Alto,2000000,1016320,30,Tarjeta,False
1524,36,no_especificada,125,4662331.0,Alto,8000000,429505,0,Libre Destino,False
1525,48,Medellin,142,4548210.0,Bajo,2000000,1763252,60,Tarjeta,False
1526,64,Bucaramanga,34,9481978.0,Medio,2000000,659388,0,Libre Destino,False
1527,44,no_especificada,175,13316227.0,Medio,2000000,376023,0,Tarjeta,False
1528,72,Medellin,51,7214828.0,Medio,8000000,7502302,0,Tarjeta,False
1529,52,Bogota,79,10740308.0,Medio,2000000,1041502,90,Tarjeta,False
1530,70,Barranquilla,137,1510776.0,Medio,4000000,3952854,0,Libre Destino,False
1531,58,Bogota,39,4742990.0,Bajo,2000000,989994,90,Tarjeta,False
1532,20,Bogota,166,14218089.0,Bajo,12000000,2921659,0,Libre Destino,True
1533,51,Bucaramanga,152,9579888.0,Bajo,4000000,1158881,0,Tarjeta,False
1534,51,Bucaramanga,162,4557268.0,Alto,8000000,6197821,90,Tarjeta,False
1535,63,Medellin,85,11056436.0,Medio,4000000,2925551,0,Tarjeta,False
1536,56,Barranquilla,69,4096973.0,Alto,8000000,4203940,60,Libre Destino,False
1537,72,Barranquilla,140,2713653.0,Bajo,12000000,11074361,0,Tarjeta,False
1538,42,Cali,148,14431474.0,Bajo,4000000,631375,90,Tarjeta,False
1539,30,Cali,27,13614493.0,Medio,1000000,427459,0,Tarjeta,False
1540,69,Bogota,172,6335454.0,Bajo,12000000,10816179,30,Libre Destino,False
1541,71,no_especificada,174,8555216.0,Alto,12000000,5853152,90,Tarjeta,False
1542,73,Barranquilla,140,5253548.0,Alto,4000000,3741678,0,Libre Destino,False
1543,54,Medellin,102,8628114.0,Medio,12000000,3888800,0,Libre Destino,False
1544,55,Bucaramanga,75,10824139.0,Alto,2000000,1848618,0,Tarjeta,False
1545,32,Bucaramanga,145,13144647.0,Alto,8000000,2381735,30,Tarjeta,False
1546,48,Bogota,178,12333754.0,Alto,2000000,830816,0,Tarjeta,False
1547,57,no_especificada,80,4353113.0,Medio,4000000,2952472,30,Tarjeta,False
1548,75,no_especificada,49,2434105.0,Medio,1000000,116793,30,Tarjeta,False
1549,61,Bucaramanga,61,14802432.0,Bajo,2000000,1099217,60,Tarjeta,False
1550,38,Barranquilla,162,5996004.0,Medio,1000000,56703,0,Tarjeta,False
1551,28,Bogota,1,11502923.0,Bajo,2000000,396325,60,Tarjeta,False
1552,71,no_especificada,113,5852057.0,Medio,12000000,8153357,0,Tarjeta,False
1553,43,Cali,39,10075572.0,Alto,12000000,5049766,0,Libre Destino,False
1554,65,Cali,147,7598191.0,Bajo,2000000,18449,0,Libre Destino,False
1555,64,Bogota,133,3868807.0,Alto,8000000,7615514,0,Libre Destino,False
1556,20,Cali,131,14786075.0,Alto,4000000,2628813,0,Tarjeta,True
1557,21,Bogota,168,12630308.0,Bajo,12000000,8516623,0,Tarjeta,True
1558,23,Cali,143,1657158.0,Medio,1000000,630354,30,Tarjeta,True
1559,38,Medellin,29,9057741.0,Alto,4000000,2155704,0,Tarjeta,False
1560,23,Bogota,91,5115071.0,Alto,2000000,98300,0,Tarjeta,True
1561,66,no_especificada,127,10759038.0,Bajo,12000000,10354761,0,Tarjeta,False
1562,40,Cali,111,10240273.0,Alto,4000000,2625850,60,Tarjeta,False
1563,31,Bogota,180,14672243.0,Alto,2000000,1788672,0,Libre Destino,True
1564,73,Medellin,53,10280043.0,Medio,4000000,1337696,0,Libre Destino,False
1565,27,Bogota,47,2916458.0,Medio,2000000,1580133,60,Tarjeta,False
1566,47,Bucaramanga,21,12777617.0,Bajo,1000000,258414,30,Tarjeta,False
1567,40,Bogota,131,4550637.0,Bajo,2000000,958766,30,Libre Destino,False
1568,25,Bucaramanga,156,12765756.0,Medio,12000000,11090145,0,Libre Destino,True
1569,75,Bogota,39,9354471.0,Alto,1000000,100493,90,Tarjeta,False
1570,46,Bogota,108,9270669.0,Medio,2000000,415416,0,Tarjeta,False
1571,75,Barranquilla,168,3334158.0,Bajo,12000000,4828377,0,Tarjeta,False
1572,48,Cali,131,2815741.0,Medio,12000000,2721797,0,Tarjeta,False
1573,48,no_especificada,21,5856445.0,Bajo,4000000,3587405,0,Tarjeta,False
1574,44,Barranquilla,95,5540835.0,Medio,2000000,704607,60,Tarjeta,False
1575,34,Bogota,139,11123806.0,Alto,2000000,983255,0,Libre Destino,False
1576,67,no_especificada,48,11270501.0,Bajo,12000000,2915320,0,Tarjeta,False
1577,53,Barranquilla,62,12900904.0,Alto,8000000,4810880,0,Libre Destino,False
1578,66,Barranquilla,2,12413100.0,Alto,12000000,5172646,0,Libre Destino,False
1579,47,no_especificada,71,6004603.0,Bajo,4000000,2798481,30,Libre Destino,False
1580,28,Cali,131,3553820.0,Alto,2000000,493951,30,Tarjeta,True
1581,45,Cali,90,14117205.0,Medio,1000000,232346,30,Tarjeta,False
1582,32,no_especificada,164,3728573.0,Bajo,8000000,136698,90,Tarjeta,False
1583,58,no_especificada,6,2686336.0,Bajo,8000000,6799760,90,Tarjeta,False
1584,32,Cali,8,8113521.0,Alto,1000000,200424,60,Tarjeta,False
1585,53,Bogota,165,13390712.0,Alto,2000000,459561,30,Libre Destino,False
1586,31,Barranquilla,30,6330194.0,Medio,2000000,1475198,0,Libre Destino,False
1587,30,Cali,146,12575051.0,Medio,8000000,2588732,30,Tarjeta,True
1588,55,Bucaramanga,179,14049646.0,Alto,1000000,433543,30,Tarjeta,False
1589,21,Cali,102,4902301.0,Medio,2000000,1101598,90,Tarjeta,True
1590,75,Bucaramanga,165,10183961.0,Bajo,1000000,820097,90,Tarjeta,False
1591,55,Bogota,39,13658809.0,Medio,8000000,2822763,0,Tarjeta,False
1592,24,no_especificada,77,9802457.0,Medio,4000000,2855227,60,Tarjeta,True
1593,18,no_especificada,60,10882455.0,Medio,12000000,8722581,90,Tarjeta,True
1594,59,Barranquilla,67,3517613.0,Bajo,8000000,6180905,30,Tarjeta,False
1595,57,Cali,28,7619672.0,Medio,12000000,6662328,30,Libre Destino,False
1596,47,Bogota,17,6414979.0,Bajo,12000000,780751,0,Libre Destino,False
1597,45,Barranquilla,76,8570339.0,Alto,2000000,800239,0,Libre Destino,False
1598,73,Medellin,33,6360958.0,Bajo,12000000,921473,30,Libre Destino,False
1599,62,Medellin,121,6056987.0,Medio,12000000,1413808,0,Tarjeta,False
1600,59,no_especificada,13,4832206.0,Bajo,8000000,7489131,0,Tarjeta,False
1601,23,Barranquilla,74,8467326.0,Medio,12000000,1364210,60,Tarjeta,True
1602,69,Bogota,109,2454259.0,Medio,4000000,1290445,90,Tarjeta,False
1603,31,no_especificada,70,5238564.0,Bajo,4000000,3372090,90,Tarjeta,False
1604,40,Barranquilla,105,12505040.0,Medio,8000000,5711883,30,Tarjeta,False
1605,27,Medellin,164,1832448.0,Alto,2000000,1001129,90,Tarjeta,True
1606,64,Bucaramanga,161,7385233.0,Medio,4000000,925211,0,Tarjeta,False
1607,28,Bogota,171,2886521.0,Alto,8000000,7371065,90,Libre Destino,True
1608,57,Medellin,176,3112336.0,Bajo,1000000,19398,0,Libre Destino,False
1609,71,no_especificada,42,14085327.0,Bajo,1000000,434697,0,Tarjeta,False
1610,27,Bogota,97,1891002.0,Alto,12000000,4846988,0,Libre Destino,False
1611,40,Barranquilla,85,11071593.0,Alto,12000000,6569904,0,Tarjeta,False
1612,24,Bucaramanga,50,6460532.0,Alto,4000000,1085632,0,Libre Destino,False
1613,24,Medellin,134,12343314.0,Bajo,12000000,68685,60,Tarjeta,True
1614,34,Bucaramanga,62,11729066.0,Bajo,1000000,603809,30,Tarjeta,False
1615,50,Cali,164,9581535.0,Bajo,1000000,827702,60,Tarjeta,False
1616,20,Bucaramanga,66,7445325.0,Alto,1000000,577098,60,Tarjeta,True
1617,39,Barranquilla,7,8791332.0,Medio,4000000,995505,0,Libre Destino,False
1618,69,Medellin,135,14186555.0,Bajo,4000000,322772,0,Tarjeta,False
1619,58,Cali,96,6162493.0,Medio,4000000,610700,0,Tarjeta,False
1620,71,no_especificada,108,11745685.0,Medio,8000000,1149163,0,Tarjeta,False
1621,59,Cali,103,4533930.0,Bajo,4000000,3398889,0,Libre Destino,False
1622,28,Cali,62,3727632.0,Bajo,2000000,517624,0,Tarjeta,False
1623,62,Bogota,176,1420748.0,Bajo,8000000,4871723,0,Tarjeta,False
1624,44,Bucaramanga,123,2915519.0,Bajo,8000000,3578695,30,Tarjeta,False
1625,64,Cali,173,6672294.0,Alto,12000000,8884345,60,Tarjeta,False
1626,51,Cali,24,6646534.0,Bajo,4000000,1080010,0,Libre Destino,False
1627,37,Cali,52,6853801.0,Bajo,4000000,3227121,0,Libre Destino,False
1628,63,Medellin,12,7094044.0,Bajo,8000000,3860958,90,Libre Destino,False
1629,75,no_especificada,65,5756213.0,Alto,1000000,197786,0,Libre Destino,False
1630,59,Barranquilla,14,13981077.0,Alto,8000000,7384023,0,Tarjeta,False
1631,37,Barranquilla,25,2926419.0,Medio,1000000,662981,0,Libre Destino,False
1632,58,Bogota,179,6385964.0,Medio,1000000,118421,30,Tarjeta,False
1633,45,Barranquilla,124,7249612.0,Alto,8000000,4092372,60,Tarjeta,False
1634,28,Cali,43,4765480.0,Bajo,12000000,10366942,60,Tarjeta,False
1635,69,no_especificada,129,8194850.0,Medio,2000000,545894,30,Libre Destino,False
1636,71,Bogota,11,14223895.0,Alto,1000000,422860,0,Tarjeta,False
1637,74,Medellin,15,11542915.0,Bajo,12000000,4872472,90,Libre Destino,False
1638,63,Medellin,75,6253796.0,Bajo,8000000,3959159,0,Libre Destino,False
1639,46,Bogota,62,2959458.0,Medio,1000000,263573,60,Tarjeta,False
1640,26,Medellin,37,12333946.0,Medio,4000000,3016773,0,Libre Destino,False
1641,64,Bucaramanga,138,10871950.0,Medio,12000000,9024378,60,Tarjeta,False
1642,36,Cali,129,9648218.0,Bajo,12000000,7891368,60,Tarjeta,False
1643,49,no_especificada,4,3617212.0,Bajo,2000000,1340355,60,Tarjeta,False
1644,48,Barranquilla,94,,Alto,4000000,2514180,0,Tarjeta,False
1645,30,Barranquilla,108,8402361.0,Alto,4000000,841895,60,Tarjeta,False
1646,63,Bogota,62,11272002.0,Alto,8000000,7743117,90,Libre Destino,False
1647,70,Cali,134,8069470.0,Bajo,4000000,1283770,0,Tarjeta,False
1648,18,no_especificada,7,7058261.0,Medio,1000000,100906,30,Tarjeta,True
1649,33,Bogota,53,11438562.0,Alto,8000000,996674,90,Libre Destino,False
1650,54,Bogota,72,8667928.0,Medio,4000000,3317252,0,Tarjeta,False
1651,39,Medellin,14,6115555.0,Medio,1000000,89691,90,Tarjeta,False
1652,42,Medellin,127,3452543.0,Medio,1000000,22656,0,Tarjeta,False
1653,42,Barranquilla,173,10583185.0,Bajo,8000000,6408507,0,Tarjeta,False
1654,34,no_especificada,130,12694348.0,Alto,2000000,1704780,60,Libre Destino,False
1655,35,Medellin,97,2540552.0,Medio,12000000,6311984,30,Libre Destino,False
1656,50,Bogota,169,10753879.0,Bajo,12000000,3823308,0,Libre Destino,False
1657,26,Barranquilla,169,5405404.0,Medio,1000000,6966,90,Tarjeta,True
1658,64,Barranquilla,149,4531573.0,Alto,4000000,1097076,30,Tarjeta,False
1659,26,Cali,177,5158872.0,Medio,12000000,1340599,60,Tarjeta,True
1660,49,Barranquilla,14,8083424.0,Bajo,8000000,5540717,0,Tarjeta,False
1661,57,Cali,46,12967390.0,Bajo,4000000,3395464,0,Tarjeta,False
1662,30,Barranquilla,11,6725313.0,Bajo,4000000,3498497,90,Tarjeta,False
1663,64,Barranquilla,149,11156146.0,Medio,4000000,219072,90,Tarjeta,False
1664,74,Barranquilla,37,13057756.0,Bajo,1000000,716982,0,Tarjeta,False
1665,35,Medellin,125,14254146.0,Bajo,12000000,2603631,60,Libre Destino,False
1666,67,no_especificada,6,9580000.0,Alto,4000000,2069228,0,Tarjeta,False
1667,26,Bucaramanga,10,14595909.0,Bajo,2000000,361796,90,Tarjeta,False
1668,29,Bucaramanga,112,13444287.0,Bajo,4000000,2655274,0,Libre Destino,False
1669,30,Cali,65,5474617.0,Medio,4000000,2229267,0,Tarjeta,False
1670,18,no_especificada,163,12535467.0,Bajo,1000000,106888,60,Libre Destino,True
1671,33,Bucaramanga,82,7487540.0,Alto,12000000,8342511,90,Libre Destino,False
1672,43,Bogota,105,14197973.0,Bajo,1000000,159107,90,Tarjeta,False
1673,45,Bogota,156,12056124.0,Medio,1000000,473192,0,Tarjeta,False
1674,64,Bucaramanga,123,11420858.0,Alto,4000000,2962675,60,Libre Destino,False
1675,19,Barranquilla,163,10336623.0,Alto,2000000,567727,0,Tarjeta,True
1676,19,no_especificada,150,4233021.0,Bajo,4000000,3530968,30,Tarjeta,True
1677,32,Cali,163,2804073.0,Bajo,4000000,38958,60,Libre Destino,False
1678,32,no_especificada,51,2485102.0,Alto,2000000,1705404,0,Libre Destino,False
1679,63,Bogota,21,9745754.0,Alto,12000000,250660,30,Tarjeta,False
1680,40,Cali,105,5593372.0,Alto,1000000,521843,0,Tarjeta,False
1681,52,Medellin,130,3941979.0,Alto,1000000,50586,90,Libre Destino,False
1682,25,Bucaramanga,133,1616335.0,Alto,8000000,3351201,0,Tarjeta,True
1683,55,Cali,151,5127903.0,Medio,8000000,2636097,0,Libre Destino,False
1684,49,Bucaramanga,144,6115264.0,Medio,4000000,3243180,90,Libre Destino,False
1685,64,no_especificada,154,13399990.0,Alto,4000000,2153428,0,Tarjeta,False
1686,32,Cali,27,12582448.0,Alto,1000000,70642,30,Tarjeta,False
1687,38,Medellin,84,9568206.0,Medio,1000000,819044,0,Libre Destino,False
1688,23,Barranquilla,40,13072285.0,Bajo,1000000,308964,0,Tarjeta,False
1689,36,Bucaramanga,15,7698046.0,Alto,8000000,1497447,0,Libre Destino,False
1690,37,Barranquilla,139,10009680.0,Medio,8000000,3972614,0,Tarjeta,False
1691,40,no_especificada,24,13391867.0,Bajo,4000000,33165,0,Tarjeta,False
1692,63,Barranquilla,180,6411407.0,Medio,8000000,2242976,30,Tarjeta,False
1693,74,Cali,79,14471670.0,Bajo,8000000,610626,30,Tarjeta,False
1694,21,Medellin,121,9248743.0,Alto,12000000,10566474,90,Tarjeta,True
1695,24,Cali,176,6857898.0,Alto,12000000,3424266,0,Tarjeta,True
1696,47,Cali,96,12450339.0,Medio,8000000,3684338,30,Tarjeta,False
1697,52,Bogota,124,8387687.0,Alto,4000000,3209885,0,Libre Destino,False
1698,57,Barranquilla,125,14677084.0,Alto,12000000,10715393,0,Tarjeta,False
1699,71,Cali,7,14334045.0,Alto,1000000,987632,0,Tarjeta,False
1700,27,Barranquilla,41,2821690.0,Medio,1000000,304050,60,Libre Destino,False
1701,57,Barranquilla,104,6472028.0,Alto,8000000,1133057,0,Tarjeta,False
1702,73,Medellin,101,12624286.0,Bajo,4000000,2123335,0,Libre Destino,False
1703,63,Cali,99,4825757.0,Medio,4000000,1436461,90,Tarjeta,False
1704,66,Bogota,175,6003986.0,Alto,12000000,3255971,60,Tarjeta,False
1705,73,Bogota,64,5996051.0,Alto,4000000,273008,30,Tarjeta,False
1706,39,Cali,61,5906799.0,Alto,12000000,3067002,90,Libre Destino,False
1707,29,Barranquilla,170,14203385.0,Medio,8000000,3557532,0,Tarjeta,True
1708,60,Barranquilla,159,7938072.0,Medio,4000000,427435,0,Libre Destino,False
1709,72,Medellin,58,8075675.0,Bajo,4000000,2776112,0,Tarjeta,False
1710,52,Bogota,99,3935165.0,Alto,12000000,1398702,0,Tarjeta,False
1711,33,Medellin,20,7723001.0,Alto,1000000,858786,0,Libre Destino,False
1712,23,no_especificada,152,6105842.0,Alto,1000000,975167,0,Tarjeta,True
1713,25,Bogota,54,2229001.0,Alto,4000000,2495395,0,Tarjeta,False
1714,64,Bogota,39,6501534.0,Bajo,12000000,11665771,0,Tarjeta,False
1715,46,no_especificada,35,6196068.0,Bajo,8000000,545832,0,Libre Destino,False
1716,19,Bogota,98,11308113.0,Bajo,4000000,1694438,90,Tarjeta,True
1717,57,Barranquilla,138,3516751.0,Bajo,2000000,118613,0,Libre Destino,False
1718,32,Medellin,101,13939661.0,Medio,12000000,9670212,60,Tarjeta,False
1719,57,Barranquilla,147,1891734.0,Bajo,2000000,870513,90,Tarjeta,False
1720,63,Bogota,139,4479295.0,Bajo,1000000,383829,0,Tarjeta,False
1721,28,Barranquilla,122,12490079.0,Medio,12000000,10499342,0,Tarjeta,True
1722,24,Cali,158,5810999.0,Medio,12000000,3488986,0,Libre Destino,True
1723,33,Cali,174,11159178.0,Alto,8000000,5747308,0,Tarjeta,False
1724,20,Bucaramanga,76,13144943.0,Medio,8000000,7845025,30,Libre Destino,True
1725,72,no_especificada,95,13848020.0,Alto,4000000,2167144,0,Libre Destino,False
1726,29,Bogota,117,10418342.0,Bajo,2000000,36066,0,Libre Destino,False
1727,34,Medellin,114,1927862.0,Alto,12000000,9905580,0,Libre Destino,False
1728,57,Medellin,162,13934233.0,Medio,1000000,265088,90,Libre Destino,False
1729,19,Bogota,179,6992382.0,Bajo,12000000,738985,60,Tarjeta,True
1730,49,Medellin,105,2050337.0,Bajo,2000000,1764094,0,Libre Destino,False
1731,66,no_especificada,7,1351221.0,Alto,2000000,64377,0,Libre Destino,False
1732,72,Cali,17,11439434.0,Medio,1000000,498186,0,Tarjeta,False
1733,46,Barranquilla,80,2317414.0,Bajo,1000000,753365,30,Libre Destino,False
1734,62,Bucaramanga,128,4948051.0,Medio,8000000,2208371,90,Tarjeta,False
1735,72,no_especificada,54,4129813.0,Bajo,2000000,1864905,0,Tarjeta,False
1736,53,Barranquilla,47,9038015.0,Bajo,12000000,7568972,90,Tarjeta,False
1737,61,Bucaramanga,24,6526713.0,Alto,12000000,3890697,90,Tarjeta,False
1738,70,Medellin,120,6635357.0,Medio,4000000,3076031,0,Tarjeta,False
1739,48,Cali,149,13121082.0,Alto,8000000,3545683,90,Tarjeta,False
1740,64,no_especificada,163,9794388.0,Alto,8000000,6418992,0,Tarjeta,False
1741,52,no_especificada,20,2964676.0,Alto,2000000,1016098,30,Tarjeta,False
1742,73,Cali,14,7030438.0,Medio,4000000,3582443,60,Tarjeta,False
1743,30,Cali,73,6008258.0,Bajo,12000000,6965061,30,Tarjeta,False
1744,54,Barranquilla,155,5530107.0,Medio,2000000,1648116,0,Tarjeta,False
1745,67,Barranquilla,28,6223995.0,Bajo,2000000,1128142,90,Tarjeta,False
1746,54,Barranquilla,120,6929723.0,Medio,1000000,740288,30,Tarjeta,False
1747,22,Cali,149,11082336.0,Alto,1000000,790699,90,Libre Destino,True
1748,30,Bucaramanga,152,4645303.0,Bajo,4000000,2798600,0,Libre Destino,True
1749,65,no_especificada,150,11964790.0,Medio,4000000,3681692,0,Tarjeta,False
1750,21,Medellin,89,9752061.0,Medio,4000000,1783694,90,Tarjeta,True
1751,21,no_especificada,27,8950319.0,Medio,1000000,31488,90,Tarjeta,False
1752,48,Medellin,178,11728150.0,Medio,12000000,1057858,0,Libre Destino,False
1753,45,Barranquilla,172,2326769.0,Alto,8000000,2584871,0,Tarjeta,False
1754,26,Bucaramanga,47,12764316.0,Medio,12000000,8598461,0,Tarjeta,False
1755,75,Cali,123,2596030.0,Alto,8000000,6596384,0,Tarjeta,False
1756,42,Cali,94,5791811.0,Medio,12000000,2737389,0,Tarjeta,False
1757,22,no_especificada,75,14558397.0,Alto,12000000,6571656,60,Libre Destino,True
1758,57,Barranquilla,99,8442265.0,Alto,1000000,737600,0,Tarjeta,False
1759,50,Medellin,48,6811785.0,Medio,2000000,1440570,0,Tarjeta,False
1760,39,Bogota,170,11542250.0,Medio,8000000,5035176,0,Libre Destino,False
1761,41,Bucaramanga,47,14715830.0,Alto,12000000,5836366,0,Tarjeta,False
1762,22,Barranquilla,139,7893108.0,Alto,1000000,562764,90,Tarjeta,True
1763,26,Bucaramanga,22,6482867.0,Alto,12000000,7839684,30,Tarjeta,False
1764,67,Bogota,41,1798995.0,Bajo,8000000,7142968,0,Tarjeta,False
1765,33,Medellin,179,2464876.0,Medio,8000000,5557172,0,Tarjeta,False
1766,74,no_especificada,103,5988961.0,Medio,4000000,3967216,0,Libre Destino,False
1767,25,Bucaramanga,156,7051974.0,Medio,4000000,822357,90,Libre Destino,True
1768,27,Medellin,7,6466336.0,Medio,8000000,6710446,60,Libre Destino,False
1769,66,Bogota,137,4443871.0,Alto,1000000,929323,0,Tarjeta,False
1770,65,Barranquilla,162,13475618.0,Medio,2000000,596674,60,Tarjeta,False
1771,35,Medellin,52,9613289.0,Medio,12000000,4233783,0,Tarjeta,False
1772,21,Bogota,44,3575825.0,Medio,2000000,816552,60,Tarjeta,True
1773,67,Bucaramanga,180,2048811.0,Medio,12000000,9820080,60,Tarjeta,False
1774,30,Barranquilla,135,10419086.0,Medio,1000000,825750,30,Tarjeta,False
1775,43,Medellin,129,11917341.0,Medio,1000000,344036,60,Tarjeta,False
1776,73,Bucaramanga,61,14918725.0,Alto,1000000,835162,90,Libre Destino,False
1777,71,no_especificada,95,6828754.0,Alto,12000000,6033345,0,Tarjeta,False
1778,52,Bogota,167,7210491.0,Bajo,8000000,7056276,30,Tarjeta,False
1779,47,Cali,118,2119930.0,Alto,4000000,2497714,90,Tarjeta,False
1780,47,Bogota,95,3019919.0,Bajo,1000000,988651,0,Tarjeta,False
1781,49,no_especificada,138,,Medio,2000000,1321332,90,Tarjeta,False
1782,62,Bogota,167,10281557.0,Bajo,1000000,615050,0,Libre Destino,False
1783,58,Cali,18,12617910.0,Bajo,1000000,256525,0,Tarjeta,False
1784,33,Bogota,92,8169276.0,Alto,12000000,779791,0,Tarjeta,False
1785,43,Medellin,47,4443106.0,Alto,2000000,1483758,90,Tarjeta,False
1786,72,Medellin,103,10637798.0,Medio,12000000,7327998,0,Libre Destino,False
1787,28,Barranquilla,45,10233220.0,Alto,1000000,95205,90,Tarjeta,False
1788,42,Barranquilla,109,3624491.0,Medio,12000000,3060540,0,Libre Destino,False
1789,64,Bucaramanga,76,8672815.0,Bajo,1000000,905703,60,Libre Destino,False
1790,45,Cali,149,10622919.0,Alto,4000000,2068052,0,Tarjeta,False
1791,45,Bogota,136,5824034.0,Bajo,2000000,1466877,90,Tarjeta,False
1792,56,Barranquilla,88,5289525.0,Medio,12000000,2250166,0,Tarjeta,False
1793,72,Bogota,138,13286033.0,Alto,2000000,171078,0,Tarjeta,False
1794,47,Medellin,178,11833289.0,Medio,4000000,3823738,30,Libre Destino,False
1795,29,no_especificada,7,2571526.0,Medio,12000000,4919099,0,Tarjeta,False
1796,59,no_especificada,88,4388666.0,Medio,2000000,1320158,60,Tarjeta,False
1797,69,no_especificada,26,12011025.0,Bajo,8000000,4361570,0,Libre Destino,False
1798,52,no_especificada,134,3841844.0,Alto,8000000,2696878,0,Tarjeta,False
1799,41,Cali,164,5576554.0,Bajo,1000000,133565,90,Tarjeta,False
1800,34,no_especificada,150,3311013.0,Bajo,12000000,1701806,90,Tarjeta,False
1801,42,Medellin,58,9719293.0,Alto,1000000,644790,0,Libre Destino,False
1802,21,Barranquilla,126,9767002.0,Medio,1000000,87288,30,Tarjeta,True
1803,70,Cali,96,14849969.0,Medio,2000000,999182,0,Tarjeta,False
1804,41,Bogota,148,5590167.0,Bajo,4000000,3248062,90,Tarjeta,False
1805,66,Medellin,24,12717954.0,Alto,4000000,3379185,0,Tarjeta,False
1806,35,Bucaramanga,54,13895465.0,Alto,12000000,9673591,0,Tarjeta,False
1807,19,Bucaramanga,154,14497537.0,Medio,1000000,46674,0,Tarjeta,True
1808,45,Barranquilla,102,9173844.0,Alto,4000000,2431750,0,Libre Destino,False
1809,71,Barranquilla,73,10284998.0,Alto,8000000,6411507,30,Tarjeta,False
1810,42,no_especificada,4,3643323.0,Alto,2000000,1864063,0,Tarjeta,False
1811,44,Medellin,87,5053490.0,Bajo,8000000,4461862,60,Tarjeta,False
1812,20,Barranquilla,118,6615809.0,Bajo,12000000,11196526,0,Tarjeta,True
1813,50,Bogota,108,7047671.0,Alto,12000000,9686711,90,Libre Destino,False
1814,47,Medellin,121,7059615.0,Alto,8000000,3277026,30,Tarjeta,False
1815,37,Bogota,167,13967386.0,Bajo,12000000,6891656,0,Tarjeta,False
1816,58,Cali,113,3317848.0,Bajo,2000000,359553,0,Tarjeta,False
1817,64,Bucaramanga,178,3882346.0,Medio,2000000,1848660,0,Libre Destino,False
1818,30,Cali,30,4592858.0,Bajo,2000000,953996,90,Tarjeta,False
1819,60,Barranquilla,162,1784407.0,Bajo,2000000,776508,60,Libre Destino,False
1820,59,Barranquilla,32,8714701.0,Bajo,8000000,4434291,60,Tarjeta,False
1821,48,Medellin,153,8414121.0,Alto,12000000,679141,30,Libre Destino,False
1822,70,Bucaramanga,165,2854658.0,Alto,8000000,1473761,0,Libre Destino,False
1823,34,Cali,126,12663671.0,Medio,1000000,934359,60,Libre Destino,False
1824,54,Cali,179,7752456.0,Alto,12000000,8863810,0,Tarjeta,False
1825,18,Bucaramanga,98,5914984.0,Medio,8000000,2384876,90,Libre Destino,True
1826,74,no_especificada,31,1660700.0,Bajo,1000000,602950,0,Libre Destino,False
1827,44,Medellin,116,4109095.0,Alto,2000000,1066506,0,Tarjeta,False
1828,39,Cali,133,14522340.0,Bajo,12000000,10152849,0,Tarjeta,False
1829,74,no_especificada,12,9737814.0,Alto,8000000,5117529,90,Libre Destino,False
1830,51,Barranquilla,150,8720272.0,Bajo,12000000,9919769,0,Tarjeta,False
1831,34,Medellin,33,4336740.0,Alto,1000000,655621,0,Libre Destino,False
1832,57,Bucaramanga,15,6527183.0,Bajo,4000000,3372445,0,Tarjeta,False
1833,73,Medellin,169,8182357.0,Medio,1000000,16945,0,Libre Destino,False
1834,25,Medellin,65,13930543.0,Alto,4000000,2027766,0,Tarjeta,False
1835,46,Bogota,47,13106743.0,Medio,1000000,498085,0,Libre Destino,False
1836,59,Barranquilla,54,9065938.0,Bajo,1000000,907142,0,Tarjeta,False
1837,34,no_especificada,137,14086159.0,Alto,12000000,5513213,30,Tarjeta,False
1838,42,Barranquilla,139,4796809.0,Medio,2000000,1629158,0,Tarjeta,False
1839,45,Bucaramanga,35,2559551.0,Alto,1000000,890346,90,Tarjeta,False
1840,74,Medellin,93,7802691.0,Alto,12000000,6172516,0,Tarjeta,False
1841,38,no_especificada,82,2632868.0,Bajo,1000000,236439,0,Tarjeta,False
1842,60,Barranquilla,125,13919571.0,Medio,4000000,1106230,60,Tarjeta,False
1843,24,Bucaramanga,88,6807150.0,Alto,12000000,10159358,60,Libre Destino,True
1844,65,Bogota,155,14617291.0,Medio,2000000,171327,30,Tarjeta,False
1845,75,Medellin,145,14847381.0,Medio,8000000,3201237,90,Libre Destino,False
1846,65,Bogota,16,12059923.0,Alto,2000000,635665,0,Libre Destino,False
1847,53,Bogota,102,12642616.0,Alto,4000000,3044896,0,Tarjeta,False
1848,71,Cali,48,13717543.0,Bajo,4000000,2749964,0,Tarjeta,False
1849,30,Medellin,136,7567423.0,Medio,2000000,1329997,60,Tarjeta,False
1850,38,Bogota,74,5313286.0,Medio,12000000,1051000,0,Tarjeta,False
1851,71,Bucaramanga,145,8712879.0,Bajo,4000000,1070384,0,Tarjeta,False
1852,57,Bogota,62,8231195.0,Medio,1000000,225279,0,Libre Destino,False
1853,53,Bucaramanga,40,3269437.0,Medio,8000000,7838025,60,Tarjeta,False
1854,75,Bucaramanga,10,2993718.0,Alto,12000000,8139989,60,Libre Destino,False
1855,70,Bogota,62,9960473.0,Bajo,4000000,3295168,30,Tarjeta,False
1856,45,Bogota,170,10275623.0,Bajo,4000000,2425459,0,Tarjeta,False
1857,59,Bucaramanga,102,4837521.0,Alto,12000000,10457715,0,Tarjeta,False
1858,62,no_especificada,18,5554778.0,Bajo,12000000,335870,0,Tarjeta,False
1859,65,Bogota,26,14571861.0,Alto,12000000,8496838,30,Tarjeta,False
1860,51,Bucaramanga,38,8183334.0,Bajo,2000000,1685482,0,Tarjeta,False
1861,72,Cali,9,1359414.0,Bajo,2000000,1265847,30,Tarjeta,False
1862,57,Bogota,73,3177217.0,Bajo,2000000,698943,0,Tarjeta,False
1863,41,Bucaramanga,59,1857816.0,Alto,8000000,1454579,0,Tarjeta,False
1864,64,Medellin,176,4677169.0,Alto,4000000,1121412,0,Tarjeta,False
1865,18,no_especificada,66,9169580.0,Medio,12000000,5843798,0,Tarjeta,True
1866,50,Barranquilla,47,13264183.0,Alto,1000000,468167,0,Libre Destino,False
1867,39,Cali,132,6540601.0,Alto,8000000,1567534,0,Libre Destino,False
1868,75,Bogota,112,4842718.0,Bajo,12000000,1909165,90,Tarjeta,False
1869,36,Bogota,38,4374202.0,Bajo,1000000,789557,0,Tarjeta,False
1870,26,Bucaramanga,87,2918294.0,Medio,1000000,355673,60,Tarjeta,False
1871,56,Cali,68,11725355.0,Alto,1000000,718496,0,Libre Destino,False
1872,20,no_especificada,17,10110272.0,Bajo,1000000,442778,30,Tarjeta,False
1873,28,Bucaramanga,53,6150879.0,Medio,1000000,951510,60,Libre Destino,False
1874,74,no_especificada,174,14640363.0,Medio,8000000,5164591,60,Tarjeta,False
1875,21,Cali,22,5853447.0,Bajo,4000000,1256424,90,Tarjeta,False
1876,30,Bucaramanga,122,13423057.0,Medio,12000000,9003174,30,Tarjeta,False
1877,25,Bucaramanga,124,6133802.0,Bajo,4000000,1700056,0,Tarjeta,True
1878,22,Medellin,67,8218508.0,Medio,12000000,7887150,0,Libre Destino,True
1879,30,Medellin,174,10059755.0,Medio,1000000,707518,0,Tarjeta,True
1880,69,Cali,102,14267986.0,Bajo,4000000,1852357,0,Tarjeta,False
1881,75,Medellin,157,1366409.0,Alto,12000000,5977389,0,Tarjeta,False
1882,21,no_especificada,61,1958301.0,Medio,4000000,3542668,30,Tarjeta,True
1883,69,no_especificada,11,14798113.0,Bajo,4000000,335059,0,Tarjeta,False
1884,19,Bucaramanga,93,10196619.0,Bajo,12000000,1969032,0,Tarjeta,True
1885,45,Cali,160,12885420.0,Bajo,1000000,704300,60,Tarjeta,False
1886,53,Bucaramanga,74,3723628.0,Alto,12000000,11033126,0,Tarjeta,False
1887,44,Cali,14,7762443.0,Bajo,2000000,1907374,0,Tarjeta,False
1888,27,Bucaramanga,46,12916455.0,Alto,2000000,555171,0,Libre Destino,False
1889,41,Bucaramanga,135,8571024.0,Alto,4000000,2318097,60,Tarjeta,False
1890,51,Bogota,29,8916873.0,Alto,1000000,339351,0,Tarjeta,False
1891,55,Medellin,86,1248912.0,Medio,1000000,858901,30,Tarjeta,False
1892,43,Barranquilla,78,12099421.0,Medio,2000000,903722,0,Tarjeta,False
1893,54,Cali,5,6988856.0,Medio,4000000,2410673,0,Tarjeta,False
1894,18,Bucaramanga,33,1226035.0,Alto,12000000,4489647,0,Tarjeta,True
1895,54,no_especificada,21,14393788.0,Alto,12000000,3157406,90,Tarjeta,False
1896,44,Bucaramanga,21,12742710.0,Alto,4000000,3831776,0,Libre Destino,False
1897,19,Medellin,6,5470758.0,Alto,1000000,531530,60,Tarjeta,False
1898,68,Barranquilla,46,8810632.0,Medio,4000000,276890,60,Tarjeta,False
1899,25,Medellin,129,12837465.0,Alto,4000000,2037723,60,Tarjeta,True
1900,31,Medellin,112,13112120.0,Bajo,8000000,2919541,0,Libre Destino,False
1901,62,no_especificada,58,13182679.0,Bajo,4000000,2319447,0,Tarjeta,False
1902,30,Cali,87,13910917.0,Bajo,4000000,2678836,30,Tarjeta,False
1903,61,no_especificada,36,10226159.0,Alto,4000000,327103,60,Tarjeta,False
1904,63,Bogota,70,14300824.0,Bajo,2000000,948633,60,Libre Destino,False
1905,66,Barranquilla,178,9267382.0,Alto,2000000,1463797,60,Tarjeta,False
1906,67,Bucaramanga,130,12202512.0,Bajo,8000000,6684641,30,Tarjeta,False
1907,64,Cali,8,5732855.0,Alto,1000000,378567,30,Libre Destino,False
1908,49,Bucaramanga,66,10947351.0,Bajo,12000000,7745593,90,Tarjeta,False
1909,48,Barranquilla,162,1427251.0,Medio,8000000,726879,0,Tarjeta,False
1910,58,Barranquilla,13,10394837.0,Bajo,1000000,700157,30,Tarjeta,False
1911,37,Cali,64,7435103.0,Medio,8000000,3671778,0,Tarjeta,False
1912,37,Bucaramanga,30,2997883.0,Medio,4000000,3232709,0,Libre Destino,False
1913,65,Bucaramanga,162,6347192.0,Alto,8000000,5969452,0,Libre Destino,False
1914,71,Bucaramanga,91,8025682.0,Bajo,4000000,795629,60,Tarjeta,False
1915,22,Medellin,128,13206050.0,Alto,1000000,135502,0,Tarjeta,True
1916,73,Bogota,31,7280225.0,Alto,12000000,4166080,0,Tarjeta,False
1917,49,Barranquilla,178,6021391.0,Bajo,8000000,6930358,60,Tarjeta,False
1918,45,no_especificada,68,,Medio,1000000,738222,90,Tarjeta,False
1919,61,no_especificada,11,7910016.0,Bajo,2000000,1614297,30,Tarjeta,False
1920,26,no_especificada,174,14213296.0,Alto,12000000,6619304,0,Libre Destino,True
1921,41,Bucaramanga,145,11591301.0,Alto,8000000,2694211,0,Libre Destino,False
1922,32,Barranquilla,167,3681322.0,Alto,12000000,3408000,0,Tarjeta,False
1923,21,Bucaramanga,96,12368090.0,Medio,8000000,4077740,90,Tarjeta,True
1924,56,Bogota,146,14628383.0,Bajo,12000000,939591,30,Tarjeta,False
1925,25,Medellin,75,9704893.0,Alto,1000000,95003,60,Libre Destino,False
1926,61,Cali,157,1636415.0,Alto,8000000,7986915,60,Libre Destino,False
1927,30,Barranquilla,120,12238873.0,Medio,2000000,1280990,0,Tarjeta,False
1928,42,Bogota,5,11599188.0,Medio,8000000,5683087,60,Libre Destino,False
1929,34,Cali,133,7624215.0,Medio,8000000,375190,0,Tarjeta,False
1930,60,Bucaramanga,126,10553430.0,Bajo,1000000,164728,0,Libre Destino,False
1931,65,Bucaramanga,91,6226833.0,Bajo,2000000,1140966,90,Tarjeta,False
1932,29,Bogota,43,1682939.0,Medio,4000000,2922628,0,Tarjeta,False
1933,53,Medellin,99,14138119.0,Alto,1000000,753263,60,Libre Destino,False
1934,53,Cali,79,3637610.0,Bajo,8000000,3074415,0,Libre Destino,False
1935,21,Medellin,98,6046203.0,Bajo,1000000,630371,90,Tarjeta,True
1936,75,no_especificada,128,2677772.0,Bajo,8000000,2257469,60,Tarjeta,False
1937,19,Bogota,68,9176323.0,Alto,1000000,932275,30,Tarjeta,True
1938,30,Cali,70,1317182.0,Medio,4000000,2094792,60,Libre Destino,False
1939,51,Bogota,84,9277274.0,Bajo,2000000,1664775,0,Tarjeta,False
1940,45,no_especificada,118,7398061.0,Medio,2000000,521931,0,Libre Destino,False
1941,42,Bucaramanga,180,11080237.0,Medio,2000000,1324541,0,Tarjeta,False
1942,66,Bogota,156,5648919.0,Bajo,12000000,11176039,0,Libre Destino,False
1943,65,Bucaramanga,29,7006031.0,Medio,8000000,3310489,30,Tarjeta,False
1944,40,Medellin,101,6142959.0,Alto,12000000,3454005,0,Libre Destino,False
1945,55,Barranquilla,119,8601550.0,Bajo,4000000,2482646,30,Libre Destino,False
1946,63,Barranquilla,120,1422643.0,Alto,12000000,3999708,30,Libre Destino,False
1947,32,no_especificada,170,2616332.0,Alto,12000000,10258620,0,Libre Destino,True
1948,32,no_especificada,61,13376224.0,Alto,1000000,975128,90,Libre Destino,False
1949,35,Cali,137,4078062.0,Medio,8000000,2486294,90,Tarjeta,False
1950,21,Cali,149,9947898.0,Alto,2000000,314080,0,Tarjeta,True
1951,42,Medellin,24,6654704.0,Medio,8000000,5732324,90,Libre Destino,False
1952,35,Bogota,109,7791340.0,Medio,1000000,283328,60,Libre Destino,False
1953,30,Bogota,153,4950844.0,Medio,12000000,3226254,0,Tarjeta,True
1954,39,Barranquilla,99,3056080.0,Medio,2000000,486993,0,Tarjeta,False
1955,73,Bucaramanga,107,13990646.0,Medio,2000000,62486,0,Tarjeta,False
1956,24,no_especificada,175,14972203.0,Alto,2000000,1012757,90,Tarjeta,True
1957,41,no_especificada,74,12600219.0,Alto,12000000,5740153,60,Tarjeta,False
1958,75,Medellin,141,10255970.0,Medio,8000000,77195,0,Libre Destino,False
1959,67,Medellin,99,3772793.0,Alto,4000000,2621521,60,Tarjeta,False
1960,38,Medellin,109,1741405.0,Medio,1000000,446734,0,Tarjeta,False
1961,30,Barranquilla,78,5012445.0,Medio,2000000,350889,0,Tarjeta,False
1962,69,Bogota,138,5630377.0,Medio,2000000,423662,90,Libre Destino,False
1963,37,no_especificada,148,1779581.0,Alto,4000000,3510667,0,Libre Destino,False
1964,31,Barranquilla,83,11307518.0,Medio,12000000,3908153,0,Libre Destino,False
1965,33,Medellin,107,14429134.0,Alto,1000000,272233,0,Tarjeta,False
1966,47,Bucaramanga,100,10161704.0,Medio,4000000,2101752,0,Tarjeta,False
1967,54,no_especificada,8,7743403.0,Alto,2000000,541499,0,Tarjeta,False
1968,59,no_especificada,47,3137315.0,Bajo,2000000,1913434,90,Tarjeta,False
1969,18,no_especificada,173,4997310.0,Alto,1000000,615753,0,Tarjeta,True
1970,28,Medellin,94,13553988.0,Alto,4000000,3802020,30,Tarjeta,False
1971,47,Cali,18,8927937.0,Alto,1000000,382520,90,Tarjeta,False
1972,24,Bogota,38,1418503.0,Medio,2000000,879228,60,Libre Destino,False
1973,63,no_especificada,42,10045793.0,Bajo,12000000,808722,90,Libre Destino,False
1974,52,Barranquilla,132,11706973.0,Bajo,1000000,910256,60,Libre Destino,False
1975,57,Barranquilla,108,13964912.0,Alto,2000000,1545982,60,Tarjeta,False
1976,33,Barranquilla,136,11872994.0,Alto,1000000,485651,0,Tarjeta,False
1977,62,Bogota,70,10871498.0,Alto,12000000,10492749,0,Libre Destino,False
1978,33,no_especificada,115,13453838.0,Alto,4000000,906533,0,Tarjeta,False
1979,32,Bogota,124,7952743.0,Alto,8000000,813456,0,Libre Destino,False
1980,74,Medellin,179,14121144.0,Bajo,8000000,6676984,90,Tarjeta,False
1981,21,Barranquilla,75,6329460.0,Medio,2000000,1164718,30,Tarjeta,True
1982,37,Medellin,123,1854852.0,Medio,1000000,921806,0,Tarjeta,False
1983,42,Bogota,82,8982470.0,Medio,8000000,2323666,0,Libre Destino,False
1984,30,Bogota,56,13710394.0,Medio,8000000,5046650,0,Tarjeta,False
1985,28,Bucaramanga,167,10324680.0,Alto,2000000,215471,90,Tarjeta,True
1986,45,Barranquilla,63,3305003.0,Medio,4000000,362608,60,Libre Destino,False
1987,66,Medellin,129,4245268.0,Alto,1000000,575513,0,Tarjeta,False
1988,22,Bucaramanga,26,14575246.0,Alto,8000000,6907247,30,Tarjeta,False
1989,59,Cali,142,6315903.0,Medio,2000000,1003231,0,Tarjeta,False
1990,36,Cali,10,7909402.0,Medio,2000000,284559,0,Libre Destino,False
1991,53,Bogota,102,4355076.0,Alto,2000000,1805685,0,Tarjeta,False
1992,73,Bogota,168,3467300.0,Bajo,4000000,3757764,0,Libre Destino,False
1993,41,Medellin,21,9625578.0,Medio,12000000,7127521,0,Tarjeta,False
1994,38,Cali,41,4121711.0,Medio,2000000,1160385,30,Tarjeta,False
1995,75,no_especificada,37,2045399.0,Bajo,12000000,10613597,0,Tarjeta,False
1996,49,Medellin,88,8013000.0,Medio,4000000,3923346,0,Tarjeta,False
1997,41,no_especificada,42,13484207.0,Medio,8000000,2056570,0,Libre Destino,False
1998,71,Cali,144,6019937.0,Medio,1000000,241487,30,Libre Destino,False
1999,72,Bucaramanga,79,4614380.0,Medio,12000000,886565,0,Tarjeta,False
2000,69,no_especificada,57,12195982.0,Bajo,2000000,1649798,0,Tarjeta,False
2001,27,Bucaramanga,156,10174389.0,Bajo,8000000,1114901,0,Libre Destino,True
2002,23,Medellin,33,9206987.0,Medio,12000000,4767195,90,Tarjeta,False
2003,21,no_especificada,86,4123024.0,Alto,1000000,233752,60,Tarjeta,True
2004,48,Cali,114,7641818.0,Bajo,2000000,423120,0,Libre Destino,False
2005,52,Bogota,83,12831743.0,Alto,2000000,823065,30,Tarjeta,False
2006,26,Medellin,58,5837279.0,Alto,8000000,6805710,0,Tarjeta,False
2007,33,Cali,26,7511044.0,Alto,1000000,869053,30,Tarjeta,False
2008,64,Cali,17,10464556.0,Bajo,2000000,981474,30,Libre Destino,False
2009,42,Bucaramanga,128,7215112.0,Alto,2000000,1216457,60,Tarjeta,False
2010,69,Cali,36,6219953.0,Medio,4000000,1547399,0,Tarjeta,False
2011,72,Bogota,121,7397433.0,Bajo,2000000,447767,0,Tarjeta,False
2012,42,Cali,35,8322105.0,Medio,1000000,970230,60,Libre Destino,False
2013,45,Barranquilla,38,6161944.0,Alto,12000000,4778729,0,Tarjeta,False
2014,65,Bogota,161,2056107.0,Bajo,1000000,17886,30,Tarjeta,False
2015,24,Cali,120,9764515.0,Alto,8000000,6138570,0,Tarjeta,True
2016,47,Cali,2,2099810.0,Bajo,12000000,4394791,30,Libre Destino,False
2017,44,Barranquilla,40,11132965.0,Bajo,12000000,674125,0,Libre Destino,False
2018,43,Bogota,143,10628657.0,Medio,1000000,841545,0,Tarjeta,False
2019,67,Medellin,139,4524702.0,Alto,1000000,219197,30,Tarjeta,False
2020,56,no_especificada,93,12199646.0,Bajo,8000000,4991946,60,Tarjeta,False
2021,55,Bogota,103,6014082.0,Alto,1000000,332365,30,Tarjeta,False
2022,45,no_especificada,35,14683171.0,Medio,12000000,3618533,0,Tarjeta,False
2023,25,no_especificada,102,2994231.0,Medio,12000000,5229421,0,Tarjeta,True
2024,35,Cali,41,1454029.0,Bajo,12000000,8393637,0,Tarjeta,False
2025,69,Cali,138,5491595.0,Medio,1000000,888609,0,Libre Destino,False
2026,38,no_especificada,24,13014752.0,Bajo,1000000,344538,0,Tarjeta,False
2027,73,Cali,165,10302320.0,Bajo,8000000,1927595,0,Tarjeta,False
2028,25,Bogota,50,11102398.0,Alto,12000000,10175804,0,Libre Destino,False
2029,41,Barranquilla,155,3415065.0,Medio,2000000,1383953,0,Tarjeta,False
2030,28,Medellin,140,2407342.0,Bajo,12000000,8809336,90,Tarjeta,True
2031,72,Medellin,121,2538370.0,Alto,8000000,6246543,0,Tarjeta,False
2032,52,Barranquilla,106,11952291.0,Bajo,1000000,773290,90,Tarjeta,False
2033,38,Barranquilla,89,11724123.0,Medio,12000000,10661150,90,Tarjeta,False
2034,39,Cali,127,9801254.0,Alto,2000000,408466,30,Libre Destino,False
2035,27,Barranquilla,55,8221597.0,Medio,1000000,468873,60,Tarjeta,False
2036,29,no_especificada,9,8661918.0,Medio,2000000,666935,90,Tarjeta,False
2037,43,no_especificada,27,11979084.0,Bajo,1000000,405861,0,Libre Destino,False
2038,28,Medellin,27,12823750.0,Bajo,12000000,2129848,0,Tarjeta,False
2039,29,Cali,75,6554254.0,Alto,12000000,3941159,0,Tarjeta,False
2040,24,Bogota,152,10135697.0,Alto,8000000,5688703,30,Libre Destino,True
2041,48,Bogota,172,9724290.0,Bajo,4000000,2963465,90,Tarjeta,False
2042,20,Cali,39,14826642.0,Medio,4000000,2823904,90,Tarjeta,True
2043,24,Bogota,123,7143184.0,Medio,2000000,203464,60,Tarjeta,True
2044,34,Medellin,105,12229302.0,Bajo,12000000,2354768,30,Libre Destino,False
2045,55,no_especificada,144,8277873.0,Medio,1000000,517785,60,Tarjeta,False
2046,20,Bogota,70,6834707.0,Medio,4000000,2083674,30,Tarjeta,True
2047,70,Bucaramanga,165,12031215.0,Medio,12000000,9835780,0,Tarjeta,False
2048,62,Bogota,94,12150996.0,Medio,2000000,882380,0,Libre Destino,False
2049,74,Bogota,51,14859718.0,Bajo,1000000,373202,90,Tarjeta,False
2050,63,Barranquilla,63,14485428.0,Medio,1000000,116564,90,Libre Destino,False
2051,49,Medellin,21,8011398.0,Medio,8000000,6790669,0,Tarjeta,False
2052,56,no_especificada,87,10499512.0,Medio,2000000,929916,30,Tarjeta,False
2053,47,Medellin,123,12735074.0,Bajo,12000000,7668270,0,Libre Destino,False
2054,64,Bucaramanga,20,14039485.0,Bajo,2000000,867444,30,Libre Destino,False
2055,67,no_especificada,47,,Alto,4000000,1769701,90,Tarjeta,False
2056,40,Bogota,174,12600778.0,Bajo,12000000,9815241,0,Tarjeta,False
2057,49,Bucaramanga,77,11705599.0,Medio,2000000,1060423,90,Libre Destino,False
2058,56,Bucaramanga,127,3365505.0,Medio,12000000,1545381,0,Tarjeta,False
2059,44,Barranquilla,93,14453126.0,Medio,1000000,11849,60,Tarjeta,False
2060,75,Bogota,51,12417034.0,Medio,8000000,1039640,90,Tarjeta,False
2061,56,Medellin,54,1904765.0,Bajo,8000000,7857950,0,Libre Destino,False
2062,74,Barranquilla,81,12319385.0,Alto,8000000,7228731,90,Tarjeta,False
2063,22,Medellin,98,2491111.0,Bajo,4000000,716957,0,Tarjeta,True
2064,64,Bogota,16,14995746.0,Bajo,1000000,803083,90,Tarjeta,False
2065,22,Cali,176,2120460.0,Bajo,8000000,3735078,30,Libre Destino,True
2066,67,Medellin,55,7845412.0,Medio,2000000,1449169,90,Tarjeta,False
2067,70,Bucaramanga,132,3430817.0,Medio,4000000,162973,0,Libre Destino,False
2068,44,Bucaramanga,142,6259074.0,Medio,12000000,9604978,30,Tarjeta,False
2069,50,Bogota,164,8317297.0,Bajo,2000000,217225,0,Tarjeta,False
2070,21,Cali,74,14698148.0,Bajo,4000000,1883078,0,Libre Destino,True
2071,72,Bogota,118,4739081.0,Medio,8000000,1298563,60,Libre Destino,False
2072,45,no_especificada,81,2051606.0,Alto,4000000,467122,0,Tarjeta,False
2073,49,Barranquilla,43,12336249.0,Alto,4000000,2690007,60,Tarjeta,False
2074,61,Medellin,22,5512128.0,Bajo,1000000,594814,0,Libre Destino,False
2075,24,Medellin,76,2645635.0,Bajo,2000000,720916,30,Tarjeta,True
2076,74,Bucaramanga,60,12988199.0,Alto,1000000,893859,60,Tarjeta,False
2077,64,Barranquilla,124,14019341.0,Alto,8000000,2921416,0,Libre Destino,False
2078,53,no_especificada,9,12352757.0,Alto,8000000,4378152,30,Tarjeta,False
2079,58,Barranquilla,130,9714649.0,Alto,8000000,7248581,0,Tarjeta,False
2080,36,Bucaramanga,68,13325574.0,Alto,12000000,279842,0,Tarjeta,False
2081,22,Bogota,119,7649967.0,Medio,8000000,5606719,0,Libre Destino,True
2082,48,Cali,151,10529139.0,Medio,2000000,1192854,0,Tarjeta,False
2083,49,no_especificada,50,14638877.0,Bajo,12000000,5818287,90,Tarjeta,False
2084,23,no_especificada,73,8738489.0,Alto,2000000,824213,0,Tarjeta,True
2085,25,Bogota,9,12373114.0,Bajo,12000000,8227824,90,Libre Destino,False
2086,27,Barranquilla,91,8741078.0,Medio,12000000,227261,0,Libre Destino,False
2087,48,no_especificada,69,9149789.0,Medio,2000000,222381,60,Libre Destino,False
2088,36,Cali,30,13946602.0,Alto,12000000,2312411,0,Tarjeta,False
2089,46,Medellin,26,8391148.0,Medio,12000000,2935724,90,Tarjeta,False
2090,57,Medellin,78,11475929.0,Alto,2000000,1367529,0,Tarjeta,False
2091,72,no_especificada,81,4169368.0,Bajo,12000000,4526932,90,Tarjeta,False
2092,39,no_especificada,128,2816456.0,Medio,2000000,1311257,30,Libre Destino,False
2093,18,Medellin,106,13058403.0,Bajo,2000000,1629772,0,Tarjeta,True
2094,49,Bucaramanga,17,8927688.0,Alto,2000000,1152074,0,Tarjeta,False
2095,18,Cali,105,11396451.0,Alto,8000000,391682,0,Tarjeta,True
2096,63,no_especificada,156,1456494.0,Medio,1000000,273124,60,Libre Destino,False
2097,51,no_especificada,164,12776725.0,Medio,12000000,3866266,60,Tarjeta,False
2098,21,Bogota,66,13766454.0,Alto,12000000,9974546,0,Libre Destino,True
2099,34,Medellin,160,1988412.0,Medio,12000000,11851329,30,Tarjeta,False
2100,40,Bucaramanga,159,12919574.0,Alto,8000000,1574413,0,Tarjeta,False
2101,43,Barranquilla,88,3543507.0,Bajo,4000000,2031069,0,Tarjeta,False
2102,63,Bucaramanga,2,8098399.0,Alto,8000000,6370800,0,Libre Destino,False
2103,62,no_especificada,29,3803168.0,Bajo,2000000,1068738,0,Libre Destino,False
2104,19,Bogota,21,10912990.0,Alto,4000000,2147582,0,Tarjeta,True
2105,72,Cali,143,5902002.0,Medio,8000000,2383218,90,Tarjeta,False
2106,44,Bucaramanga,180,8234465.0,Medio,12000000,659392,30,Libre Destino,False
2107,53,Barranquilla,134,13690878.0,Medio,12000000,8704161,30,Tarjeta,False
2108,34,Barranquilla,96,1753351.0,Medio,2000000,1501382,60,Libre Destino,False
2109,18,Bogota,133,4007547.0,Medio,4000000,3523127,90,Libre Destino,True
2110,27,no_especificada,31,2892456.0,Bajo,1000000,228490,0,Libre Destino,False
2111,54,Bogota,98,6903857.0,Bajo,4000000,1547370,90,Tarjeta,False
2112,22,Medellin,120,2789670.0,Bajo,2000000,333112,0,Libre Destino,True
2113,62,Medellin,33,8710474.0,Medio,2000000,1430675,0,Tarjeta,False
2114,44,no_especificada,61,14237465.0,Medio,1000000,27887,0,Libre Destino,False
2115,39,Cali,141,2674039.0,Medio,12000000,7855303,0,Libre Destino,False
2116,18,Bucaramanga,173,11403268.0,Medio,2000000,310568,0,Tarjeta,True
2117,74,Bogota,112,4526241.0,Bajo,2000000,1046910,0,Tarjeta,False
2118,41,Medellin,15,12134251.0,Medio,2000000,622808,90,Tarjeta,False
2119,19,Cali,124,1955169.0,Bajo,12000000,11964539,30,Tarjeta,True
2120,69,Cali,87,12580597.0,Bajo,4000000,1991702,0,Tarjeta,False
2121,26,Bogota,117,14865900.0,Medio,8000000,3155155,90,Tarjeta,True
2122,38,Cali,63,5332263.0,Alto,8000000,4903369,90,Tarjeta,False
2123,32,Cali,36,8323880.0,Bajo,1000000,923966,0,Libre Destino,False
2124,27,Medellin,87,10938764.0,Alto,2000000,1449664,30,Tarjeta,False
2125,63,Bucaramanga,86,2769412.0,Medio,12000000,6648722,0,Tarjeta,False
2126,60,Bucaramanga,18,11365796.0,Bajo,2000000,1281487,60,Libre Destino,False
2127,65,no_especificada,30,4398627.0,Medio,1000000,968686,0,Tarjeta,False
2128,20,Medellin,103,7182180.0,Alto,8000000,7860293,0,Libre Destino,True
2129,26,no_especificada,115,6087782.0,Bajo,2000000,1541851,30,Tarjeta,True
2130,50,Barranquilla,61,14255534.0,Alto,4000000,3477434,30,Tarjeta,False
2131,34,Bogota,80,2521804.0,Alto,1000000,350775,90,Libre Destino,False
2132,52,Bucaramanga,116,6277336.0,Bajo,12000000,6542404,30,Tarjeta,False
2133,36,Bogota,116,2398256.0,Medio,12000000,9712358,0,Tarjeta,False
2134,48,no_especificada,98,1265269.0,Medio,2000000,213374,90,Tarjeta,False
2135,29,Barranquilla,63,7023780.0,Bajo,12000000,6851031,30,Tarjeta,False
2136,46,Cali,40,10721451.0,Bajo,1000000,259141,0,Tarjeta,False
2137,61,Bogota,29,3425415.0,Medio,1000000,631001,90,Tarjeta,False
2138,61,Bucaramanga,52,9103990.0,Bajo,1000000,450519,90,Tarjeta,False
2139,69,no_especificada,23,6187015.0,Alto,4000000,1987274,0,Tarjeta,False
2140,31,Barranquilla,106,12452079.0,Bajo,8000000,810242,0,Libre Destino,False
2141,27,no_especificada,49,4335400.0,Alto,12000000,3843649,0,Tarjeta,False
2142,75,Cali,71,4832995.0,Bajo,1000000,209370,0,Libre Destino,False
2143,30,no_especificada,179,7964868.0,Alto,1000000,41080,0,Tarjeta,True
2144,25,Bogota,131,11226389.0,Bajo,4000000,1884264,0,Tarjeta,True
2145,61,Medellin,32,12254106.0,Medio,2000000,892240,0,Tarjeta,False
2146,29,no_especificada,163,4338786.0,Alto,1000000,613736,30,Tarjeta,True
2147,21,Barranquilla,65,12385816.0,Bajo,12000000,9536388,90,Tarjeta,True
2148,27,Bogota,117,1679804.0,Medio,2000000,780891,90,Tarjeta,True
2149,66,Medellin,2,6220210.0,Bajo,8000000,773486,30,Libre Destino,False
2150,58,no_especificada,161,10825330.0,Alto,4000000,2667060,60,Tarjeta,False
2151,30,Barranquilla,136,10730399.0,Alto,2000000,161204,0,Tarjeta,False
2152,60,Barranquilla,127,2111305.0,Bajo,4000000,3959874,0,Tarjeta,False
2153,69,Bogota,6,5572513.0,Medio,12000000,10106196,30,Tarjeta,False
2154,32,Medellin,110,12429751.0,Medio,1000000,383608,60,Libre Destino,False
2155,39,Medellin,27,7411045.0,Medio,12000000,2065597,0,Tarjeta,False
2156,52,Bogota,157,2403250.0,Medio,1000000,265500,30,Tarjeta,False
2157,68,no_especificada,154,12554627.0,Bajo,1000000,645120,90,Tarjeta,False
2158,37,Bucaramanga,24,13295052.0,Medio,1000000,122326,0,Tarjeta,False
2159,63,Cali,96,11705385.0,Medio,12000000,11505994,30,Tarjeta,False
2160,48,Barranquilla,31,13009413.0,Medio,8000000,6091662,0,Tarjeta,False
2161,44,Bogota,68,2992068.0,Bajo,12000000,10557231,30,Tarjeta,False
2162,42,Bogota,37,14604579.0,Bajo,12000000,1633798,30,Tarjeta,False
2163,43,Medellin,180,10581511.0,Medio,4000000,2658388,30,Tarjeta,False
2164,75,Bucaramanga,25,4698716.0,Medio,2000000,1404876,30,Tarjeta,False
2165,41,no_especificada,85,9401571.0,Alto,8000000,6649693,30,Tarjeta,False
2166,33,Barranquilla,130,11693258.0,Alto,2000000,215687,0,Tarjeta,False
2167,52,Bucaramanga,16,9757557.0,Bajo,8000000,6250500,0,Tarjeta,False
2168,22,Bogota,157,9194269.0,Alto,8000000,7420596,0,Tarjeta,True
2169,46,Bogota,30,10760155.0,Medio,1000000,810544,0,Tarjeta,False
2170,22,Bogota,86,2514937.0,Bajo,1000000,424552,0,Tarjeta,True
2171,54,Bogota,171,13262745.0,Bajo,2000000,390751,60,Libre Destino,False
2172,34,Barranquilla,7,1705889.0,Medio,1000000,448214,0,Libre Destino,False
2173,21,Cali,52,12427156.0,Bajo,4000000,2509865,90,Libre Destino,True
2174,64,Cali,40,7205937.0,Medio,4000000,1438192,60,Tarjeta,False
2175,43,Cali,102,5892136.0,Alto,1000000,408063,30,Libre Destino,False
2176,47,Barranquilla,45,7209163.0,Bajo,12000000,11760056,90,Libre Destino,False
2177,28,Bogota,23,13545473.0,Alto,12000000,2656676,60,Libre Destino,False
2178,23,Cali,96,2999426.0,Alto,4000000,1180686,30,Tarjeta,True
2179,73,no_especificada,35,14005773.0,Alto,1000000,352102,0,Tarjeta,False
2180,26,Barranquilla,17,11089888.0,Medio,4000000,2321988,30,Tarjeta,False
2181,42,no_especificada,144,4178163.0,Bajo,12000000,5437384,90,Tarjeta,False
2182,21,Bucaramanga,20,9110008.0,Alto,4000000,3183945,30,Tarjeta,False
2183,34,Medellin,19,2005300.0,Bajo,1000000,858256,0,Libre Destino,False
2184,24,no_especificada,7,7074733.0,Bajo,2000000,1706863,0,Tarjeta,False
2185,31,Medellin,47,2779400.0,Bajo,4000000,2987986,30,Libre Destino,False
2186,57,Cali,125,3179825.0,Medio,8000000,236052,0,Libre Destino,False
2187,29,Cali,14,6159686.0,Medio,1000000,675129,30,Tarjeta,False
2188,50,Barranquilla,79,4096774.0,Medio,12000000,9654637,0,Tarjeta,False
2189,23,no_especificada,76,13465111.0,Bajo,12000000,2778938,90,Tarjeta,True
2190,67,Bucaramanga,99,14907024.0,Bajo,12000000,6377254,0,Tarjeta,False
2191,61,Bucaramanga,122,3425266.0,Medio,12000000,5762851,0,Tarjeta,False
2192,65,Bucaramanga,73,,Alto,4000000,3831204,30,Tarjeta,False
2193,45,Bucaramanga,108,1623095.0,Alto,4000000,3293115,60,Libre Destino,False
2194,47,Cali,110,8399028.0,Alto,8000000,6489339,0,Libre Destino,False
2195,67,Barranquilla,146,13881653.0,Medio,1000000,171547,90,Libre Destino,False
2196,62,no_especificada,45,5214077.0,Alto,4000000,3208571,60,Libre Destino,False
2197,42,Cali,73,6768124.0,Bajo,2000000,451861,0,Libre Destino,False
2198,57,Barranquilla,134,3479645.0,Medio,2000000,1947218,0,Tarjeta,False
2199,45,Barranquilla,47,11165173.0,Bajo,1000000,72862,90,Libre Destino,False
2200,67,Bogota,15,9415800.0,Bajo,1000000,287029,0,Tarjeta,False
2201,45,no_especificada,87,11609240.0,Medio,2000000,1615707,0,Tarjeta,False
2202,23,Bogota,26,9852103.0,Bajo,12000000,5003414,30,Tarjeta,False
2203,50,Bogota,109,4449439.0,Bajo,12000000,669704,0,Tarjeta,False
2204,42,Medellin,141,11076481.0,Alto,12000000,7440448,60,Libre Destino,False
2205,74,no_especificada,131,13133102.0,Bajo,8000000,1474063,0,Libre Destino,False
2206,62,Barranquilla,138,5118581.0,Bajo,8000000,3866016,0,Tarjeta,False
2207,72,no_especificada,95,10425709.0,Bajo,4000000,1275418,0,Tarjeta,False
2208,42,Cali,1,3501420.0,Alto,8000000,2552992,0,Tarjeta,False
2209,70,no_especificada,38,13252898.0,Medio,1000000,224658,0,Libre Destino,False
2210,63,Barranquilla,21,2628286.0,Alto,4000000,1006460,0,Tarjeta,False
2211,64,Barranquilla,173,4339057.0,Alto,12000000,8882574,0,Libre Destino,False
2212,48,Bogota,88,1553568.0,Alto,1000000,78368,0,Libre Destino,False
2213,27,no_especificada,134,2315816.0,Medio,12000000,8530283,0,Tarjeta,True
2214,70,Bogota,5,13947884.0,Alto,4000000,2914060,30,Tarjeta,False
2215,30,no_especificada,97,4710359.0,Alto,8000000,3912875,60,Libre Destino,False
2216,43,no_especificada,175,10838415.0,Bajo,8000000,4449324,30,Tarjeta,False
2217,64,Barranquilla,111,14550371.0,Alto,4000000,3219539,60,Tarjeta,False
2218,32,Barranquilla,28,5128621.0,Bajo,4000000,569795,90,Tarjeta,False
2219,46,Cali,118,5002629.0,Alto,2000000,1844410,30,Tarjeta,False
2220,18,Bucaramanga,127,12403771.0,Bajo,12000000,6316187,0,Libre Destino,True
2221,53,no_especificada,174,8414712.0,Alto,1000000,916583,30,Libre Destino,False
2222,46,Medellin,96,50000000.0,Medio,1000000,499439,90,Libre Destino,False
2223,30,no_especificada,112,7417575.0,Alto,8000000,5869792,0,Libre Destino,False
2224,72,no_especificada,99,10245912.0,Medio,2000000,1437946,0,Libre Destino,False
2225,24,Bogota,85,6805865.0,Bajo,1000000,399846,30,Libre Destino,True
2226,50,Bucaramanga,132,6117159.0,Bajo,8000000,7880421,0,Libre Destino,False
2227,66,Medellin,18,5468269.0,Medio,2000000,1305174,0,Libre Destino,False
2228,19,no_especificada,97,11247954.0,Medio,2000000,350482,90,Tarjeta,True
2229,62,Bucaramanga,26,1280867.0,Medio,2000000,1924554,60,Tarjeta,False
2230,58,no_especificada,114,14910564.0,Alto,1000000,25053,0,Tarjeta,False
2231,35,no_especificada,20,3820337.0,Bajo,8000000,1748110,0,Libre Destino,False
2232,52,Medellin,59,4673808.0,Alto,8000000,1015772,0,Tarjeta,False
2233,57,Barranquilla,46,10173962.0,Bajo,8000000,7183080,0,Libre Destino,False
2234,46,no_especificada,89,1997192.0,Medio,2000000,51852,90,Libre Destino,False
2235,28,Medellin,45,9043288.0,Bajo,1000000,747958,0,Tarjeta,False
2236,55,Bogota,157,9200801.0,Bajo,12000000,5770073,30,Libre Destino,False
2237,68,Barranquilla,56,3631875.0,Alto,12000000,9237071,90,Tarjeta,False
2238,41,no_especificada,125,3202156.0,Medio,12000000,10375620,90,Tarjeta,False
2239,65,Bogota,154,7671739.0,Bajo,4000000,3144822,90,Tarjeta,False
2240,49,Cali,94,14496020.0,Bajo,4000000,1039454,60,Tarjeta,False
2241,29,Cali,180,6631131.0,Bajo,1000000,553791,90,Tarjeta,True
2242,49,no_especificada,141,7148319.0,Alto,2000000,1736464,60,Tarjeta,False
2243,74,Bucaramanga,94,14042049.0,Alto,8000000,2578433,90,Tarjeta,False
2244,18,no_especificada,157,8008250.0,Alto,12000000,2963313,0,Tarjeta,True
2245,48,Medellin,105,5977108.0,Medio,12000000,7641528,0,Libre Destino,False
2246,30,Medellin,171,4863436.0,Bajo,4000000,3206159,90,Tarjeta,True
2247,58,Barranquilla,67,4530029.0,Bajo,1000000,407151,0,Libre Destino,False
2248,71,Medellin,89,2415291.0,Alto,1000000,564030,0,Libre Destino,False
2249,69,Bogota,67,14116909.0,Bajo,4000000,3442016,90,Tarjeta,False
2250,41,Medellin,2,2195686.0,Medio,4000000,2047623,0,Tarjeta,False
2251,40,Bucaramanga,170,14385734.0,Bajo,8000000,5022506,30,Tarjeta,False
2252,69,Medellin,48,3912100.0,Alto,8000000,3165600,30,Libre Destino,False
2253,72,Bucaramanga,174,13281418.0,Alto,12000000,3685159,90,Tarjeta,False
2254,54,Bucaramanga,44,13209384.0,Alto,1000000,307515,60,Tarjeta,False
2255,73,Bogota,167,2847106.0,Medio,4000000,3086032,0,Tarjeta,False
2256,61,Medellin,25,3232227.0,Bajo,4000000,1411847,0,Tarjeta,False
2257,63,Medellin,133,12104692.0,Bajo,2000000,985161,0,Tarjeta,False
2258,63,Bucaramanga,72,1838034.0,Bajo,1000000,149017,0,Libre Destino,False
2259,22,no_especificada,120,8093656.0,Medio,2000000,936495,0,Tarjeta,True
2260,40,Cali,87,12137404.0,Bajo,8000000,6187544,90,Tarjeta,False
2261,53,no_especificada,136,6078660.0,Alto,12000000,4218046,0,Tarjeta,False
2262,38,Bucaramanga,142,4735194.0,Alto,1000000,314401,0,Tarjeta,False
2263,24,Bucaramanga,15,8655940.0,Bajo,12000000,638480,0,Libre Destino,False
2264,60,Bogota,83,13886145.0,Medio,2000000,1937109,0,Tarjeta,False
2265,59,Barranquilla,163,5588044.0,Bajo,8000000,1391024,0,Libre Destino,False
2266,61,Medellin,23,4492925.0,Bajo,8000000,1356517,0,Libre Destino,False
2267,37,no_especificada,108,4359992.0,Medio,2000000,1941405,0,Tarjeta,False
2268,61,Bucaramanga,161,8973393.0,Bajo,1000000,191462,30,Tarjeta,False
2269,50,no_especificada,48,8599386.0,Alto,4000000,609144,0,Libre Destino,False
2270,19,Medellin,149,5456430.0,Alto,12000000,446826,90,Libre Destino,True
2271,32,Barranquilla,28,3365946.0,Alto,1000000,913935,0,Tarjeta,False
2272,52,Cali,30,13602923.0,Bajo,2000000,572830,90,Tarjeta,False
2273,45,Barranquilla,48,10735046.0,Medio,12000000,9627762,0,Libre Destino,False
2274,50,no_especificada,172,5173239.0,Medio,2000000,362302,0,Libre Destino,False
2275,29,Barranquilla,123,8847459.0,Medio,8000000,4321963,0,Tarjeta,False
2276,75,Bogota,68,2631820.0,Bajo,12000000,9343681,0,Tarjeta,False
2277,49,Cali,145,4004360.0,Medio,8000000,3537549,0,Tarjeta,False
2278,25,no_especificada,22,7171871.0,Alto,2000000,575957,0,Libre Destino,False
2279,32,Medellin,128,1675824.0,Bajo,2000000,503834,0,Tarjeta,False
2280,66,Medellin,1,2820420.0,Alto,12000000,8402648,0,Tarjeta,False
2281,49,Bogota,167,14029605.0,Alto,8000000,5129685,0,Libre Destino,False
2282,18,Bogota,10,12395121.0,Medio,4000000,2069421,60,Tarjeta,True
2283,33,Bogota,55,9216307.0,Alto,2000000,176993,0,Tarjeta,False
2284,19,Medellin,50,7753302.0,Medio,8000000,4708422,0,Libre Destino,True
2285,74,Bogota,4,1236282.0,Bajo,12000000,11662016,60,Libre Destino,False
2286,75,Barranquilla,23,8350316.0,Bajo,4000000,1287129,0,Tarjeta,False
2287,33,no_especificada,57,12598539.0,Bajo,2000000,487505,30,Tarjeta,False
2288,28,Cali,99,11250329.0,Alto,4000000,1929391,0,Tarjeta,False
2289,31,no_especificada,63,11984653.0,Medio,12000000,4922165,30,Tarjeta,False
2290,48,Barranquilla,156,2823089.0,Medio,4000000,2753686,30,Tarjeta,False
2291,61,Medellin,86,4847688.0,Bajo,1000000,442435,30,Tarjeta,False
2292,58,Barranquilla,34,4252982.0,Bajo,12000000,2478612,0,Tarjeta,False
2293,34,Bogota,114,3050519.0,Alto,2000000,564562,0,Tarjeta,False
2294,53,Medellin,2,5783007.0,Medio,4000000,3415062,0,Libre Destino,False
2295,70,Barranquilla,163,8712126.0,Medio,1000000,398191,0,Tarjeta,False
2296,22,Cali,170,8219235.0,Alto,8000000,2699872,0,Libre Destino,True
2297,53,Barranquilla,147,10776458.0,Medio,1000000,36980,60,Tarjeta,False
2298,55,Cali,19,10880739.0,Medio,8000000,1585964,30,Tarjeta,False
2299,63,Bucaramanga,88,13812555.0,Medio,4000000,2324802,60,Tarjeta,False
2300,51,Bogota,142,2793035.0,Medio,2000000,240802,0,Tarjeta,False
2301,42,Barranquilla,50,5828956.0,Medio,8000000,5957140,30,Tarjeta,False
2302,39,Bucaramanga,94,14186131.0,Alto,1000000,206692,30,Tarjeta,False
2303,71,Barranquilla,29,4327846.0,Medio,12000000,8835608,90,Tarjeta,False
2304,74,Bucaramanga,33,6811507.0,Medio,2000000,894850,0,Libre Destino,False
2305,69,no_especificada,158,11106493.0,Medio,4000000,1698007,0,Tarjeta,False
2306,28,Bucaramanga,139,1415616.0,Alto,2000000,225579,60,Tarjeta,True
2307,20,Cali,33,14097873.0,Medio,2000000,1158992,60,Tarjeta,True
2308,39,no_especificada,67,14263593.0,Medio,4000000,649485,90,Libre Destino,False
2309,42,Medellin,95,4105493.0,Bajo,1000000,906486,0,Libre Destino,False
2310,70,Barranquilla,5,6801073.0,Bajo,4000000,986906,0,Tarjeta,False
2311,42,Bogota,149,13505947.0,Medio,8000000,4315842,60,Libre Destino,False
2312,55,Medellin,47,2435661.0,Medio,1000000,578926,60,Tarjeta,False
2313,50,Medellin,155,4653503.0,Medio,1000000,886027,0,Tarjeta,False
2314,32,Bucaramanga,103,10492479.0,Alto,8000000,3165346,0,Libre Destino,False
2315,52,Barranquilla,56,14638470.0,Medio,8000000,3677170,30,Libre Destino,False
2316,65,Bucaramanga,96,3666344.0,Medio,2000000,902310,0,Tarjeta,False
2317,65,no_especificada,83,6238579.0,Alto,12000000,3603235,0,Tarjeta,False
2318,59,Bucaramanga,141,14328182.0,Alto,2000000,1772899,30,Tarjeta,False
2319,62,Barranquilla,149,12017062.0,Bajo,2000000,1711362,0,Tarjeta,False
2320,40,Medellin,135,5064202.0,Alto,8000000,1538387,60,Libre Destino,False
2321,73,Medellin,38,1386532.0,Medio,2000000,1768623,60,Tarjeta,False
2322,60,Barranquilla,119,6737097.0,Medio,8000000,1785792,30,Tarjeta,False
2323,73,no_especificada,121,4328572.0,Bajo,2000000,255314,0,Tarjeta,False
2324,26,Bucaramanga,3,11303968.0,Alto,4000000,1375873,0,Libre Destino,False
2325,42,Cali,43,8323790.0,Medio,4000000,1576031,0,Tarjeta,False
2326,35,Bogota,123,2020910.0,Medio,1000000,850445,0,Tarjeta,False
2327,34,Bucaramanga,85,13322962.0,Alto,8000000,2063726,0,Tarjeta,False
2328,72,Medellin,66,2430831.0,Bajo,1000000,554212,30,Tarjeta,False
2329,20,Bucaramanga,171,,Bajo,12000000,4575784,60,Tarjeta,True
2330,54,Barranquilla,134,14854525.0,Medio,4000000,2086209,0,Tarjeta,False
2331,64,Cali,148,4245117.0,Bajo,12000000,5742116,90,Tarjeta,False
2332,43,Medellin,150,9297763.0,Alto,2000000,849965,60,Libre Destino,False
2333,51,Bucaramanga,143,10184155.0,Alto,4000000,446935,30,Tarjeta,False
2334,30,Bogota,94,14626848.0,Alto,8000000,224499,60,Libre Destino,False
2335,43,no_especificada,32,9748606.0,Bajo,12000000,9242991,0,Tarjeta,False
2336,67,Barranquilla,100,12030450.0,Bajo,4000000,1435938,30,Tarjeta,False
2337,67,Bucaramanga,62,13702027.0,Medio,12000000,3354124,0,Tarjeta,False
2338,25,Cali,14,6846032.0,Bajo,4000000,3945242,0,Libre Destino,False
2339,28,Bogota,154,9915126.0,Bajo,8000000,7667969,0,Tarjeta,True
2340,39,Bucaramanga,8,13102468.0,Medio,12000000,8448588,0,Libre Destino,False
2341,75,Cali,159,5407386.0,Alto,12000000,6291072,90,Libre Destino,False
2342,40,Bucaramanga,34,1509436.0,Alto,8000000,5279096,0,Tarjeta,False
2343,56,Barranquilla,152,11887652.0,Alto,1000000,382601,0,Tarjeta,False
2344,45,Bogota,81,10512762.0,Bajo,1000000,786658,90,Tarjeta,False
2345,74,Cali,171,13413872.0,Medio,12000000,5528085,30,Tarjeta,False
2346,31,Cali,144,14721902.0,Alto,2000000,1106544,60,Tarjeta,False
2347,21,Cali,103,9449927.0,Alto,1000000,244660,30,Tarjeta,True
2348,27,Bucaramanga,173,1557622.0,Bajo,12000000,4731988,60,Tarjeta,True
2349,18,Cali,131,10391267.0,Bajo,1000000,434851,0,Tarjeta,True
2350,68,Bucaramanga,77,7803335.0,Medio,4000000,3733648,0,Libre Destino,False
2351,39,Bogota,146,12059890.0,Medio,12000000,3784092,0,Libre Destino,False
2352,19,no_especificada,176,12667230.0,Medio,4000000,1861824,0,Libre Destino,True
2353,59,no_especificada,95,6819731.0,Medio,8000000,4076219,0,Libre Destino,False
2354,69,Bogota,179,10526804.0,Medio,2000000,1784312,0,Tarjeta,False
2355,31,Bogota,19,12261407.0,Alto,1000000,842903,30,Tarjeta,False
2356,70,no_especificada,160,5872964.0,Bajo,1000000,12646,90,Libre Destino,False
2357,18,Bucaramanga,14,9303500.0,Bajo,8000000,153105,0,Tarjeta,True
2358,27,Bogota,100,8073112.0,Medio,1000000,831289,60,Tarjeta,False
2359,66,Bogota,83,10335527.0,Bajo,1000000,795086,90,Tarjeta,False
2360,59,Bogota,93,3283293.0,Bajo,8000000,5744820,30,Libre Destino,False
2361,62,Barranquilla,62,7136619.0,Medio,4000000,2646099,30,Tarjeta,False
2362,48,Cali,47,9191049.0,Alto,4000000,2597669,0,Tarjeta,False
2363,68,no_especificada,125,9756579.0,Medio,8000000,5574775,30,Libre Destino,False
2364,72,no_especificada,38,1211044.0,Bajo,1000000,417581,30,Tarjeta,False
2365,50,Medellin,173,3639574.0,Medio,4000000,2555742,60,Tarjeta,False
2366,40,Bogota,2,5546745.0,Bajo,4000000,3339590,90,Libre Destino,False
2367,52,Bogota,72,14798343.0,Bajo,8000000,4303005,0,Libre Destino,False
2368,72,Cali,77,10839788.0,Alto,12000000,1640609,90,Libre Destino,False
2369,37,Bucaramanga,126,11217458.0,Bajo,8000000,7079883,0,Tarjeta,False
2370,31,Barranquilla,120,11562611.0,Alto,12000000,4918771,30,Libre Destino,False
2371,64,Bucaramanga,91,12430128.0,Medio,2000000,594901,0,Tarjeta,False
2372,54,no_especificada,35,5517344.0,Bajo,8000000,2633088,30,Libre Destino,False
2373,50,Medellin,32,8636593.0,Medio,8000000,1767933,0,Tarjeta,False
2374,25,Bogota,156,11160755.0,Medio,2000000,1312697,30,Tarjeta,True
2375,33,Bucaramanga,46,8572860.0,Bajo,12000000,6778584,0,Tarjeta,False
2376,36,Barranquilla,170,14114440.0,Medio,8000000,3840294,60,Tarjeta,False
2377,55,Bucaramanga,98,6183861.0,Alto,8000000,1090053,60,Tarjeta,False
2378,20,Bogota,141,10834893.0,Bajo,8000000,3680591,0,Libre Destino,True
2379,44,Bucaramanga,43,13865499.0,Alto,4000000,2587757,30,Tarjeta,False
2380,26,Barranquilla,71,14517281.0,Alto,2000000,1597251,30,Tarjeta,False
2381,64,Medellin,43,5779962.0,Medio,2000000,1145402,0,Tarjeta,False
2382,27,Bogota,166,12784540.0,Medio,2000000,688013,60,Tarjeta,True
2383,43,no_especificada,50,11904321.0,Medio,1000000,798772,0,Libre Destino,False
2384,59,Bogota,80,12509265.0,Bajo,1000000,905586,30,Libre Destino,False
2385,41,Bogota,83,5390005.0,Medio,8000000,5218271,0,Tarjeta,False
2386,47,Bogota,150,7274335.0,Medio,1000000,620486,90,Libre Destino,False
2387,26,no_especificada,167,12484422.0,Alto,12000000,286151,30,Tarjeta,True
2388,22,no_especificada,34,7423058.0,Alto,2000000,1198606,0,Tarjeta,False
2389,64,Cali,67,14263090.0,Medio,2000000,1476288,0,Tarjeta,False
2390,25,no_especificada,128,7324717.0,Medio,1000000,550308,0,Libre Destino,True
2391,35,Barranquilla,55,4429545.0,Bajo,4000000,417568,30,Libre Destino,False
2392,57,Bogota,103,4878437.0,Alto,1000000,248189,0,Libre Destino,False
2393,50,Bucaramanga,35,12328672.0,Alto,8000000,3677058,0,Libre Destino,False
2394,61,Cali,38,12131758.0,Bajo,1000000,130590,90,Libre Destino,False
2395,55,Barranquilla,167,5663402.0,Alto,2000000,1446725,60,Libre Destino,False
2396,55,Bucaramanga,143,1732117.0,Alto,12000000,2478370,0,Libre Destino,False
2397,55,Medellin,47,3956359.0,Bajo,4000000,3892860,60,Tarjeta,False
2398,36,Medellin,46,6711690.0,Medio,8000000,6598817,0,Tarjeta,False
2399,50,Cali,180,6195585.0,Alto,2000000,1025562,0,Tarjeta,False
2400,40,Bucaramanga,145,9082803.0,Bajo,2000000,744133,90,Tarjeta,False
2401,23,no_especificada,111,1367102.0,Alto,12000000,1460225,0,Libre Destino,True
2402,71,Bogota,162,4330176.0,Alto,12000000,9526166,0,Tarjeta,False
2403,62,Bucaramanga,113,7108878.0,Alto,4000000,977290,60,Tarjeta,False
2404,51,no_especificada,105,9668240.0,Alto,2000000,152179,0,Libre Destino,False
2405,60,Bogota,60,12616484.0,Bajo,8000000,6102336,30,Libre Destino,False
2406,34,Medellin,64,11064028.0,Medio,4000000,796783,0,Libre Destino,False
2407,68,Bucaramanga,71,1251748.0,Medio,4000000,577310,90,Tarjeta,False
2408,38,Bogota,123,11187268.0,Medio,1000000,10347,30,Libre Destino,False
2409,27,Bucaramanga,66,11920919.0,Medio,1000000,892277,0,Tarjeta,False
2410,23,Cali,119,3702242.0,Medio,12000000,10631956,0,Tarjeta,True
2411,58,Cali,74,12915421.0,Medio,1000000,388631,0,Tarjeta,False
2412,34,Cali,149,6286692.0,Bajo,1000000,474006,90,Libre Destino,False
2413,66,Medellin,163,13694101.0,Medio,2000000,995377,60,Tarjeta,False
2414,49,no_especificada,43,1734035.0,Bajo,2000000,714191,0,Tarjeta,False
2415,41,Cali,78,5496425.0,Alto,2000000,476109,90,Libre Destino,False
2416,67,Cali,37,13281408.0,Alto,8000000,7040716,60,Libre Destino,False
2417,26,Medellin,25,4201818.0,Alto,1000000,220008,30,Tarjeta,False
2418,72,Bogota,47,12590209.0,Alto,12000000,1303188,0,Tarjeta,False
2419,39,Bogota,108,7121853.0,Bajo,4000000,1191612,90,Libre Destino,False
2420,53,Bucaramanga,39,4461117.0,Alto,8000000,6871532,0,Tarjeta,False
2421,31,Bucaramanga,105,13252223.0,Alto,12000000,7596860,90,Tarjeta,False
2422,70,Bogota,59,12485060.0,Medio,8000000,7205829,0,Tarjeta,False
2423,62,Medellin,60,9771115.0,Bajo,1000000,776144,0,Tarjeta,False
2424,59,Barranquilla,102,2555448.0,Medio,2000000,1814975,60,Tarjeta,False
2425,63,Bogota,78,14916579.0,Bajo,12000000,1436105,0,Tarjeta,False
2426,43,no_especificada,130,9737610.0,Alto,4000000,1560002,30,Libre Destino,False
2427,53,Bogota,64,2525630.0,Alto,1000000,917777,0,Libre Destino,False
2428,67,no_especificada,49,8688345.0,Medio,12000000,6665208,60,Tarjeta,False
2429,68,Cali,47,14152251.0,Medio,8000000,6673208,0,Tarjeta,False
2430,62,Medellin,62,2972456.0,Alto,8000000,6397376,0,Tarjeta,False
2431,36,no_especificada,42,8513664.0,Medio,2000000,1673407,0,Libre Destino,False
2432,19,Medellin,71,11412825.0,Medio,2000000,485292,90,Libre Destino,True
2433,67,Barranquilla,74,8223739.0,Alto,1000000,16077,0,Tarjeta,False
2434,74,no_especificada,80,12984569.0,Medio,12000000,1151627,0,Libre Destino,False
2435,65,Cali,116,11503016.0,Bajo,1000000,585040,90,Tarjeta,False
2436,40,no_especificada,86,7728593.0,Bajo,4000000,3783812,30,Tarjeta,False
2437,70,Bogota,83,9441885.0,Medio,2000000,1090327,0,Tarjeta,False
2438,70,Bogota,35,5547957.0,Medio,2000000,52673,90,Libre Destino,False
2439,33,Cali,80,6904338.0,Alto,1000000,157126,30,Tarjeta,False
2440,40,Cali,140,12973608.0,Medio,8000000,6265567,30,Libre Destino,False
2441,61,Bucaramanga,162,9566291.0,Medio,1000000,262570,0,Tarjeta,False
2442,60,Barranquilla,63,5157803.0,Alto,8000000,6225148,0,Tarjeta,False
2443,54,Bogota,36,5425054.0,Bajo,1000000,833812,90,Tarjeta,False
2444,27,Bucaramanga,92,4847396.0,Alto,2000000,1867191,30,Libre Destino,False
2445,59,Bogota,94,2303994.0,Alto,4000000,498742,30,Tarjeta,False
2446,27,Medellin,140,10047065.0,Medio,2000000,264078,0,Tarjeta,True
2447,48,Medellin,101,6554282.0,Alto,4000000,1163309,0,Libre Destino,False
2448,36,Bucaramanga,96,1761295.0,Medio,1000000,773713,0,Tarjeta,False
2449,21,Medellin,175,2703718.0,Bajo,1000000,710916,60,Tarjeta,True
2450,65,Medellin,57,12693494.0,Bajo,4000000,1209089,0,Libre Destino,False
2451,58,no_especificada,127,6242743.0,Bajo,2000000,132597,30,Libre Destino,False
2452,57,Bucaramanga,62,2174567.0,Medio,1000000,493654,0,Libre Destino,False
2453,35,Medellin,119,5272110.0,Bajo,2000000,418407,0,Libre Destino,False
2454,27,Cali,108,14142349.0,Medio,8000000,5095604,90,Tarjeta,False
2455,65,Bucaramanga,101,2938963.0,Bajo,2000000,650186,90,Tarjeta,False
2456,54,no_especificada,180,5548311.0,Medio,8000000,7132253,30,Tarjeta,False
2457,21,Cali,128,11501048.0,Medio,4000000,3105064,30,Tarjeta,True
2458,21,no_especificada,168,2654354.0,Medio,1000000,747073,0,Tarjeta,True
2459,33,Bogota,27,2014442.0,Medio,8000000,2967504,0,Tarjeta,False
2460,45,Barranquilla,176,13092462.0,Bajo,4000000,3289540,90,Libre Destino,False
2461,54,Bucaramanga,94,6733068.0,Medio,8000000,5912572,0,Tarjeta,False
2462,62,no_especificada,139,9127932.0,Alto,2000000,1317758,0,Libre Destino,False
2463,47,Bucaramanga,30,2558542.0,Bajo,1000000,792649,0,Libre Destino,False
2464,74,Barranquilla,20,1476114.0,Bajo,2000000,1126519,0,Tarjeta,False
2465,74,Bogota,170,11613359.0,Alto,8000000,3370363,30,Tarjeta,False
2466,55,Bogota,34,,Bajo,1000000,74975,0,Libre Destino,False
2467,50,Cali,63,1647593.0,Bajo,4000000,825285,30,Tarjeta,False
2468,65,Barranquilla,46,12361513.0,Alto,12000000,3261810,0,Libre Destino,False
2469,64,Cali,93,5475233.0,Alto,8000000,3117245,0,Tarjeta,False
2470,60,Cali,23,9582190.0,Medio,4000000,3908649,30,Tarjeta,False
2471,36,no_especificada,94,11848485.0,Bajo,4000000,3710063,60,Libre Destino,False
2472,50,Cali,100,12144722.0,Medio,12000000,109192,90,Tarjeta,False
2473,70,Barranquilla,175,11840923.0,Medio,4000000,687833,0,Tarjeta,False
2474,39,Cali,88,10662684.0,Alto,12000000,6240802,0,Libre Destino,False
2475,26,Bogota,146,1524843.0,Bajo,8000000,6342041,0,Libre Destino,True
2476,43,Cali,152,5797622.0,Bajo,4000000,667195,0,Tarjeta,False
2477,33,no_especificada,62,6812779.0,Bajo,4000000,2114092,0,Tarjeta,False
2478,59,Barranquilla,30,6130009.0,Medio,8000000,3068220,90,Tarjeta,False
2479,74,Medellin,119,7397869.0,Bajo,4000000,1193044,0,Tarjeta,False
2480,43,Medellin,98,1494399.0,Medio,8000000,7417592,30,Tarjeta,False
2481,66,Cali,82,10403216.0,Bajo,4000000,3374652,0,Libre Destino,False
2482,23,no_especificada,75,11352308.0,Bajo,8000000,6442003,60,Libre Destino,True
2483,71,Bucaramanga,19,5253225.0,Medio,2000000,625423,0,Tarjeta,False
2484,50,Cali,147,6821133.0,Bajo,8000000,6036706,90,Tarjeta,False
2485,26,Bogota,146,9468313.0,Alto,8000000,2767937,90,Libre Destino,True
2486,23,Cali,179,5011055.0,Medio,12000000,4841322,90,Libre Destino,True
2487,75,Medellin,130,6613936.0,Bajo,12000000,10266197,0,Tarjeta,False
2488,32,Cali,109,7867289.0,Alto,8000000,7842971,30,Tarjeta,False
2489,46,Bogota,6,6662632.0,Alto,12000000,3298345,0,Tarjeta,False
2490,61,Barranquilla,130,11101549.0,Alto,1000000,171216,0,Tarjeta,False
2491,67,Bogota,59,3159818.0,Medio,2000000,1476455,90,Tarjeta,False
2492,60,no_especificada,11,9698884.0,Alto,4000000,2436220,30,Tarjeta,False
2493,25,Bucaramanga,3,12208787.0,Bajo,2000000,1074153,0,Tarjeta,False
2494,49,Cali,121,6439208.0,Alto,4000000,1660583,60,Tarjeta,False
2495,58,Bucaramanga,125,14259266.0,Medio,2000000,651341,60,Tarjeta,False
2496,71,Bucaramanga,15,14121678.0,Alto,1000000,940127,90,Libre Destino,False
2497,19,Barranquilla,117,2145326.0,Medio,1000000,526834,0,Libre Destino,True
2498,49,Medellin,37,3015564.0,Alto,1000000,619824,60,Tarjeta,False
2499,33,Bucaramanga,175,9597880.0,Bajo,12000000,6355125,0,Tarjeta,False
2500,26,Medellin,44,6153788.0,Bajo,2000000,950327,0,Tarjeta,False
2501,63,Cali,67,7060587.0,Medio,12000000,10741128,0,Tarjeta,False
2502,67,Bucaramanga,63,11433398.0,Alto,4000000,836538,30,Tarjeta,False
2503,64,Barranquilla,123,13710245.0,Bajo,12000000,3476863,0,Tarjeta,False
2504,42,no_especificada,41,3288190.0,Bajo,12000000,5372024,90,Tarjeta,False
2505,64,no_especificada,78,12934280.0,Bajo,1000000,350005,0,Tarjeta,False
2506,56,Medellin,135,7067288.0,Alto,8000000,7650856,0,Tarjeta,False
2507,66,Cali,51,9047091.0,Medio,12000000,1045316,60,Tarjeta,False
2508,46,Bogota,43,8978850.0,Medio,1000000,901045,90,Tarjeta,False
2509,38,no_especificada,84,11394550.0,Medio,2000000,1664363,90,Tarjeta,False
2510,40,Medellin,36,1866502.0,Medio,4000000,2389161,0,Tarjeta,False
2511,68,Cali,17,7437448.0,Alto,4000000,1746950,0,Tarjeta,False
2512,61,no_especificada,125,1300562.0,Bajo,2000000,1963206,90,Tarjeta,False
2513,23,no_especificada,63,6442324.0,Alto,8000000,5004342,0,Libre Destino,True
2514,25,Bucaramanga,155,14048178.0,Bajo,4000000,3443949,0,Tarjeta,True
2515,34,Medellin,110,9970897.0,Medio,1000000,78278,60,Libre Destino,False
2516,35,Barranquilla,163,7205517.0,Alto,12000000,6726339,60,Libre Destino,False
2517,67,Bucaramanga,127,4163223.0,Alto,8000000,7739860,90,Tarjeta,False
2518,32,Bogota,113,9050602.0,Alto,2000000,554678,30,Tarjeta,False
2519,67,Bucaramanga,42,1879993.0,Bajo,2000000,932067,0,Tarjeta,False
2520,47,Barranquilla,174,14598721.0,Bajo,12000000,8188841,60,Libre Destino,False
2521,41,no_especificada,36,3538674.0,Bajo,8000000,7637775,0,Tarjeta,False
2522,41,Barranquilla,36,10345103.0,Medio,8000000,3082163,0,Libre Destino,False
2523,27,no_especificada,45,11934068.0,Bajo,1000000,863831,0,Libre Destino,False
2524,33,Medellin,26,13531957.0,Alto,8000000,4350059,0,Libre Destino,False
2525,28,Bogota,96,6175917.0,Bajo,2000000,422190,30,Libre Destino,False
2526,62,Cali,18,7120672.0,Alto,8000000,7118787,60,Libre Destino,False
2527,18,Medellin,39,9196335.0,Medio,12000000,5996525,90,Tarjeta,True
2528,60,Barranquilla,29,2270418.0,Medio,8000000,2364344,90,Libre Destino,False
2529,70,Bogota,104,13995507.0,Alto,1000000,918115,60,Tarjeta,False
2530,62,Bogota,169,7960054.0,Medio,1000000,683259,0,Libre Destino,False
2531,71,Medellin,88,10944433.0,Bajo,8000000,4480829,30,Tarjeta,False
2532,32,Bogota,30,11440976.0,Medio,2000000,20254,0,Libre Destino,False
2533,29,Bucaramanga,2,4080006.0,Bajo,12000000,6232156,0,Libre Destino,False
2534,33,Barranquilla,91,7095060.0,Bajo,12000000,4074166,60,Libre Destino,False
2535,32,Barranquilla,143,11318088.0,Medio,8000000,2444217,30,Tarjeta,False
2536,51,Bucaramanga,63,1275898.0,Bajo,2000000,89902,30,Libre Destino,False
2537,55,Medellin,36,4703207.0,Bajo,2000000,792589,0,Tarjeta,False
2538,29,Cali,81,13166203.0,Medio,1000000,536220,0,Libre Destino,False
2539,22,Bogota,72,5995514.0,Bajo,2000000,1991390,0,Libre Destino,True
2540,75,no_especificada,38,11474998.0,Bajo,8000000,2682398,0,Libre Destino,False
2541,20,Barranquilla,108,6154125.0,Alto,2000000,1059878,0,Tarjeta,True
2542,41,Medellin,111,8568461.0,Alto,12000000,757402,60,Libre Destino,False
2543,50,Bucaramanga,148,8009062.0,Alto,8000000,3602724,0,Tarjeta,False
2544,52,Medellin,26,13644866.0,Alto,8000000,3427793,0,Tarjeta,False
2545,46,Bogota,12,1749339.0,Bajo,1000000,505673,0,Tarjeta,False
2546,57,Barranquilla,39,1920158.0,Bajo,1000000,981462,0,Tarjeta,False
2547,60,Bogota,163,5397647.0,Alto,12000000,1024094,60,Tarjeta,False
2548,47,Bucaramanga,175,7245544.0,Alto,8000000,4349268,60,Tarjeta,False
2549,59,Cali,29,13385931.0,Bajo,2000000,783146,90,Tarjeta,False
2550,32,no_especificada,129,14826883.0,Medio,12000000,6248551,0,Tarjeta,False
2551,44,no_especificada,172,2563113.0,Alto,4000000,2782109,30,Tarjeta,False
2552,35,Bogota,16,12154812.0,Bajo,1000000,64813,0,Tarjeta,False
2553,58,Bogota,79,11473883.0,Medio,1000000,284307,0,Tarjeta,False
2554,31,Barranquilla,14,7286166.0,Alto,4000000,2210311,90,Libre Destino,False
2555,31,Cali,5,6591431.0,Medio,4000000,1004044,0,Libre Destino,False
2556,40,Medellin,71,10600566.0,Alto,12000000,9042118,0,Tarjeta,False
2557,63,Bucaramanga,110,7794798.0,Alto,8000000,3513679,90,Tarjeta,False
2558,43,Barranquilla,179,10559402.0,Alto,1000000,402513,60,Tarjeta,False
2559,65,no_especificada,125,3044992.0,Alto,8000000,3786642,30,Tarjeta,False
2560,41,Medellin,148,2985290.0,Bajo,8000000,3152467,30,Libre Destino,False
2561,55,Cali,44,2752919.0,Bajo,8000000,37995,60,Tarjeta,False
2562,63,Bogota,173,8551323.0,Bajo,1000000,297974,0,Tarjeta,False
2563,39,Bucaramanga,68,2019231.0,Medio,2000000,1365105,30,Tarjeta,False
2564,37,Bogota,27,10281814.0,Bajo,1000000,632587,90,Libre Destino,False
2565,56,Cali,13,2567863.0,Bajo,12000000,1718141,60,Tarjeta,False
2566,23,Medellin,55,3341527.0,Bajo,4000000,968181,0,Tarjeta,False
2567,61,Medellin,70,10781660.0,Bajo,4000000,2700477,0,Tarjeta,False
2568,74,Bogota,170,9596667.0,Bajo,4000000,3891027,0,Libre Destino,False
2569,23,Cali,148,8156653.0,Medio,8000000,2823444,0,Libre Destino,True
2570,49,no_especificada,17,4134332.0,Alto,2000000,1284402,90,Libre Destino,False
2571,69,Bucaramanga,154,8116338.0,Bajo,12000000,10678655,0,Tarjeta,False
2572,25,Bucaramanga,165,4821223.0,Medio,2000000,1981685,90,Tarjeta,True
2573,44,Cali,7,12718199.0,Alto,2000000,1792952,30,Tarjeta,False
2574,57,Bogota,39,13038337.0,Bajo,8000000,4170371,90,Tarjeta,False
2575,62,no_especificada,113,10268696.0,Bajo,4000000,3885165,30,Tarjeta,False
2576,71,Bogota,180,6317593.0,Bajo,4000000,968824,30,Libre Destino,False
2577,75,Cali,155,5421026.0,Alto,12000000,4836177,90,Tarjeta,False
2578,30,Bucaramanga,12,14923552.0,Medio,4000000,462323,0,Tarjeta,False
2579,45,Medellin,22,10472320.0,Bajo,4000000,259359,60,Tarjeta,False
2580,21,Bogota,153,11496442.0,Alto,12000000,1765470,90,Libre Destino,True
2581,59,Bucaramanga,9,11172693.0,Medio,2000000,1625137,60,Tarjeta,False
2582,63,Bucaramanga,171,11379780.0,Medio,2000000,1651023,90,Libre Destino,False
2583,19,Bogota,145,1993660.0,Medio,1000000,515349,0,Tarjeta,True
2584,25,Medellin,103,12530867.0,Bajo,12000000,6087006,60,Libre Destino,True
2585,23,Medellin,125,6844860.0,Alto,8000000,3410539,30,Tarjeta,True
2586,68,Barranquilla,148,7646068.0,Bajo,12000000,11935783,90,Tarjeta,False
2587,63,Barranquilla,16,11755125.0,Alto,8000000,5622125,0,Tarjeta,False
2588,60,Medellin,7,4075217.0,Bajo,1000000,192162,0,Tarjeta,False
2589,21,Barranquilla,145,13722377.0,Alto,4000000,902133,0,Libre Destino,True
2590,43,Cali,81,11211865.0,Medio,12000000,8501672,90,Libre Destino,False
2591,24,Barranquilla,130,4800794.0,Alto,1000000,209868,30,Tarjeta,True
2592,22,Cali,146,13770295.0,Alto,12000000,5362822,0,Tarjeta,True
2593,30,Cali,95,8322158.0,Bajo,2000000,1363022,0,Tarjeta,False
2594,39,Barranquilla,49,2554679.0,Alto,1000000,270062,0,Tarjeta,False
2595,31,Barranquilla,112,3063909.0,Medio,8000000,6687743,60,Tarjeta,False
2596,68,Cali,56,2429074.0,Medio,4000000,3772479,60,Tarjeta,False
2597,66,Cali,128,10372037.0,Bajo,4000000,636517,30,Libre Destino,False
2598,24,Bogota,53,8696140.0,Alto,4000000,775086,0,Tarjeta,False
2599,42,Bucaramanga,60,12982688.0,Medio,12000000,8894440,30,Libre Destino,False
2600,35,Bogota,101,11729720.0,Bajo,1000000,67257,0,Tarjeta,False
2601,19,Bogota,68,14478734.0,Bajo,12000000,891345,90,Tarjeta,True
2602,72,no_especificada,105,12000476.0,Medio,1000000,167943,90,Tarjeta,False
2603,27,Cali,173,,Alto,4000000,1436851,0,Libre Destino,True
2604,70,Cali,10,4797480.0,Bajo,2000000,1580986,0,Libre Destino,False
2605,51,Medellin,73,13233697.0,Bajo,8000000,6442250,60,Tarjeta,False
2606,28,Barranquilla,13,4705394.0,Alto,4000000,2623205,90,Tarjeta,False
2607,52,Bogota,105,3898866.0,Medio,2000000,1110890,0,Tarjeta,False
2608,37,no_especificada,163,12109788.0,Bajo,2000000,1198723,0,Tarjeta,False
2609,57,Bucaramanga,43,14483294.0,Medio,8000000,3252554,0,Tarjeta,False
2610,45,Bucaramanga,78,8210112.0,Bajo,8000000,2832575,90,Tarjeta,False
2611,61,Medellin,113,2467876.0,Alto,1000000,854466,0,Tarjeta,False
2612,37,Medellin,49,3328828.0,Bajo,2000000,567071,90,Tarjeta,False
2613,45,Medellin,149,2054396.0,Medio,12000000,3918383,0,Libre Destino,False
2614,36,no_especificada,128,5055698.0,Medio,1000000,580081,0,Libre Destino,False
2615,47,Bogota,95,1421865.0,Medio,4000000,531788,0,Tarjeta,False
2616,41,Bogota,164,12993510.0,Medio,12000000,8124504,30,Libre Destino,False
2617,31,Cali,87,11239118.0,Alto,8000000,4968053,0,Libre Destino,False
2618,48,Bogota,15,3886356.0,Medio,2000000,924520,60,Tarjeta,False
2619,60,no_especificada,168,1993050.0,Alto,8000000,6610217,30,Tarjeta,False
2620,64,Bogota,132,11494801.0,Medio,1000000,384945,90,Tarjeta,False
2621,73,no_especificada,115,6767201.0,Bajo,12000000,8706099,30,Tarjeta,False
2622,65,Medellin,56,11955390.0,Alto,2000000,1942332,90,Tarjeta,False
2623,27,no_especificada,134,8910310.0,Bajo,12000000,9366205,0,Libre Destino,True
2624,64,Barranquilla,160,1351384.0,Alto,12000000,11919520,0,Tarjeta,False
2625,37,Barranquilla,16,12872594.0,Bajo,12000000,4505685,30,Tarjeta,False
2626,67,Barranquilla,116,9655359.0,Bajo,8000000,4244060,0,Libre Destino,False
2627,46,no_especificada,146,8944527.0,Medio,12000000,11704937,0,Tarjeta,False
2628,20,Barranquilla,14,8527322.0,Medio,8000000,1113809,0,Tarjeta,False
2629,53,Bucaramanga,137,13907998.0,Alto,4000000,2609556,0,Tarjeta,False
2630,44,no_especificada,143,5774155.0,Bajo,4000000,1519525,90,Tarjeta,False
2631,62,Medellin,5,8152855.0,Alto,2000000,1865757,90,Tarjeta,False
2632,69,no_especificada,79,1353942.0,Bajo,8000000,2007078,30,Tarjeta,False
2633,67,no_especificada,169,12526002.0,Bajo,2000000,1768119,60,Libre Destino,False
2634,47,Bogota,11,6791067.0,Alto,4000000,1603437,60,Tarjeta,False
2635,56,Medellin,160,4556606.0,Alto,2000000,256812,90,Libre Destino,False
2636,70,Bucaramanga,40,4367789.0,Bajo,1000000,388047,30,Libre Destino,False
2637,59,Bogota,96,2703107.0,Alto,12000000,10335343,90,Tarjeta,False
2638,36,Barranquilla,122,4565139.0,Bajo,2000000,1617054,0,Libre Destino,False
2639,44,no_especificada,76,7074916.0,Medio,2000000,577047,60,Libre Destino,False
2640,44,Bogota,41,5366320.0,Medio,4000000,3543793,0,Tarjeta,False
2641,65,Medellin,50,8304430.0,Medio,2000000,1258780,60,Libre Destino,False
2642,59,Medellin,109,7630219.0,Medio,8000000,284416,60,Libre Destino,False
2643,36,Bogota,124,14432299.0,Alto,4000000,3090383,60,Tarjeta,False
2644,29,Medellin,1,14907418.0,Medio,4000000,3611165,30,Libre Destino,False
2645,56,Cali,129,14427089.0,Medio,1000000,472992,0,Tarjeta,False
2646,44,Cali,33,9815989.0,Alto,1000000,555918,0,Libre Destino,False
2647,46,Bogota,1,8433799.0,Medio,1000000,92042,30,Tarjeta,False
2648,18,Bucaramanga,108,7638689.0,Medio,12000000,4639762,60,Libre Destino,True
2649,57,Cali,156,9761388.0,Alto,4000000,142098,30,Tarjeta,False
2650,51,Medellin,119,2399204.0,Alto,1000000,728290,60,Libre Destino,False
2651,37,no_especificada,176,10757013.0,Bajo,2000000,1402105,60,Tarjeta,False
2652,57,Cali,161,1792435.0,Medio,12000000,3453882,0,Libre Destino,False
2653,46,Barranquilla,147,8058242.0,Bajo,2000000,62146,90,Tarjeta,False
2654,37,Bucaramanga,77,2177310.0,Bajo,8000000,1991389,60,Tarjeta,False
2655,60,Bogota,4,3387027.0,Medio,1000000,578002,0,Tarjeta,False
2656,30,Medellin,165,8354027.0,Alto,4000000,3553190,0,Libre Destino,True
2657,48,Bogota,39,10178198.0,Alto,2000000,1109168,60,Tarjeta,False
2658,39,Cali,36,11596470.0,Medio,8000000,1599889,0,Tarjeta,False
2659,44,Cali,121,11290471.0,Alto,1000000,80812,0,Tarjeta,False
2660,46,Bogota,4,13562446.0,Alto,4000000,3226349,60,Libre Destino,False
2661,67,Medellin,35,10777571.0,Alto,2000000,1460367,30,Tarjeta,False
2662,53,no_especificada,171,13439967.0,Alto,8000000,4235217,60,Tarjeta,False
2663,28,Medellin,178,14479004.0,Alto,1000000,710475,0,Tarjeta,True
2664,66,Bogota,135,11071821.0,Medio,8000000,1625844,90,Tarjeta,False
2665,18,Barranquilla,32,11611246.0,Bajo,2000000,659896,0,Tarjeta,True
2666,42,Cali,33,9536151.0,Bajo,8000000,5014457,30,Tarjeta,False
2667,40,Cali,13,2002815.0,Alto,2000000,645104,30,Tarjeta,False
2668,70,Bogota,86,13695043.0,Medio,8000000,2008509,0,Tarjeta,False
2669,52,Bogota,128,4253132.0,Medio,8000000,6756280,30,Tarjeta,False
2670,29,Cali,180,1585942.0,Bajo,8000000,3201021,90,Libre Destino,True
2671,23,Medellin,21,11897582.0,Medio,12000000,1388620,60,Tarjeta,False
2672,57,Bogota,155,2581887.0,Bajo,1000000,799455,0,Tarjeta,False
2673,31,Bogota,8,5898518.0,Medio,12000000,2815064,30,Tarjeta,False
2674,47,Bogota,91,3688267.0,Medio,8000000,5627673,0,Tarjeta,False
2675,65,Barranquilla,171,8828747.0,Medio,1000000,517088,0,Tarjeta,False
2676,36,no_especificada,124,9354803.0,Medio,2000000,540479,0,Tarjeta,False
2677,27,no_especificada,73,7195643.0,Bajo,1000000,947901,0,Tarjeta,False
2678,52,Bucaramanga,157,12886962.0,Medio,8000000,6111155,0,Libre Destino,False
2679,33,no_especificada,135,13579296.0,Medio,1000000,327555,0,Tarjeta,False
2680,20,Bucaramanga,3,5717889.0,Alto,1000000,313654,0,Tarjeta,False
2681,34,Medellin,176,10280933.0,Alto,2000000,680556,30,Tarjeta,False
2682,21,Medellin,39,9879371.0,Bajo,1000000,251042,90,Tarjeta,True
2683,59,Medellin,20,12603636.0,Alto,12000000,4821108,90,Tarjeta,False
2684,67,no_especificada,74,6017945.0,Alto,8000000,1705857,60,Tarjeta,False
2685,32,Bogota,99,12636901.0,Bajo,1000000,940412,90,Libre Destino,False
2686,72,Cali,137,1912695.0,Alto,12000000,9293059,0,Tarjeta,False
2687,38,Medellin,25,1491482.0,Bajo,2000000,12317,30,Tarjeta,False
2688,25,Cali,106,4834099.0,Alto,8000000,823204,90,Tarjeta,True
2689,56,Bogota,55,9766658.0,Bajo,1000000,485809,0,Tarjeta,False
2690,48,Cali,34,7943408.0,Medio,2000000,1986437,0,Tarjeta,False
2691,27,Cali,15,14867692.0,Alto,12000000,8094392,60,Libre Destino,False
2692,69,no_especificada,10,2304819.0,Bajo,12000000,7896347,0,Tarjeta,False
2693,21,Barranquilla,96,8889876.0,Bajo,12000000,2925810,60,Tarjeta,True
2694,66,Bucaramanga,39,8042350.0,Medio,12000000,1664891,0,Libre Destino,False
2695,43,Cali,25,8527847.0,Medio,12000000,4783004,0,Tarjeta,False
2696,21,no_especificada,130,12990185.0,Medio,4000000,1688847,0,Tarjeta,True
2697,24,Bucaramanga,91,5166345.0,Bajo,1000000,829752,0,Tarjeta,True
2698,60,Medellin,117,10130976.0,Bajo,8000000,7407853,90,Tarjeta,False
2699,62,Medellin,13,5865166.0,Medio,4000000,1323945,60,Tarjeta,False
2700,27,Barranquilla,127,10296721.0,Alto,1000000,595409,90,Libre Destino,True
2701,71,no_especificada,82,8383239.0,Bajo,2000000,414963,0,Tarjeta,False
2702,25,Bogota,147,3417253.0,Alto,8000000,2795877,0,Libre Destino,True
2703,37,no_especificada,33,4538435.0,Bajo,2000000,1835648,0,Libre Destino,False
2704,27,Barranquilla,12,2059352.0,Medio,2000000,1277629,90,Tarjeta,False
2705,44,Bogota,136,9823798.0,Alto,4000000,3436928,0,Tarjeta,False
2706,46,Cali,69,11925692.0,Alto,2000000,8340,60,Libre Destino,False
2707,60,no_especificada,114,6782283.0,Bajo,1000000,959410,0,Tarjeta,False
2708,64,Bogota,31,7500202.0,Bajo,1000000,778903,0,Tarjeta,False
2709,22,Cali,20,1415277.0,Bajo,4000000,2854465,0,Tarjeta,False
2710,46,Medellin,117,1798768.0,Alto,2000000,360560,30,Tarjeta,False
2711,31,Cali,55,14952946.0,Bajo,2000000,714461,30,Tarjeta,False
2712,59,no_especificada,7,11127032.0,Alto,8000000,7160294,90,Tarjeta,False
2713,45,Cali,177,14442244.0,Medio,4000000,147781,30,Tarjeta,False
2714,30,no_especificada,115,6152888.0,Bajo,1000000,853712,0,Libre Destino,False
2715,65,Bogota,83,3629495.0,Bajo,8000000,3107234,90,Tarjeta,False
2716,64,Barranquilla,87,13485332.0,Bajo,8000000,1076460,90,Tarjeta,False
2717,75,Barranquilla,5,9002866.0,Alto,8000000,2924405,0,Tarjeta,False
2718,46,Bucaramanga,53,14102762.0,Alto,12000000,7453801,30,Tarjeta,False
2719,60,Cali,53,5850661.0,Alto,1000000,98711,0,Libre Destino,False
2720,32,Medellin,88,11370610.0,Medio,2000000,1653357,0,Tarjeta,False
2721,24,Cali,6,4666033.0,Alto,8000000,761529,0,Tarjeta,False
2722,71,Barranquilla,156,2626307.0,Medio,4000000,2897259,30,Libre Destino,False
2723,43,Barranquilla,38,8643387.0,Alto,2000000,931645,90,Libre Destino,False
2724,58,no_especificada,46,11970283.0,Medio,12000000,5330331,0,Tarjeta,False
2725,56,no_especificada,15,6380626.0,Alto,8000000,3213790,0,Libre Destino,False
2726,72,no_especificada,133,14438669.0,Medio,4000000,1977758,30,Tarjeta,False
2727,53,Bucaramanga,39,6450109.0,Alto,2000000,1011866,30,Libre Destino,False
2728,20,Medellin,33,10617309.0,Alto,1000000,59678,0,Tarjeta,True
2729,47,Barranquilla,108,11108190.0,Bajo,1000000,58473,0,Libre Destino,False
2730,58,Bucaramanga,134,2976714.0,Alto,4000000,1945034,0,Tarjeta,False
2731,68,Bucaramanga,104,11970223.0,Bajo,2000000,406008,90,Libre Destino,False
2732,73,Medellin,81,7936096.0,Medio,2000000,1645529,90,Tarjeta,False
2733,67,Bogota,171,10233036.0,Alto,12000000,9264286,60,Libre Destino,False
2734,27,Barranquilla,151,3637996.0,Bajo,8000000,84781,30,Tarjeta,True
2735,65,Cali,91,14723001.0,Bajo,4000000,15986,30,Tarjeta,False
2736,22,Cali,170,9338340.0,Bajo,1000000,536333,60,Tarjeta,True
2737,72,Medellin,14,11536202.0,Alto,12000000,9832996,0,Tarjeta,False
2738,24,Medellin,153,7145412.0,Bajo,8000000,5144567,0,Tarjeta,True
2739,43,no_especificada,178,5022930.0,Medio,2000000,743410,90,Tarjeta,False
2740,45,Bucaramanga,31,,Bajo,8000000,1939597,0,Libre Destino,False
2741,24,Barranquilla,82,14239173.0,Medio,12000000,8643394,90,Libre Destino,True
2742,29,Cali,120,4913867.0,Bajo,4000000,2890659,90,Tarjeta,False
2743,64,no_especificada,145,12832122.0,Alto,4000000,1929481,0,Tarjeta,False
2744,44,Bogota,129,5637853.0,Bajo,2000000,1461264,0,Tarjeta,False
2745,73,Cali,78,2032691.0,Alto,4000000,1978318,30,Tarjeta,False
2746,34,Medellin,116,10004258.0,Medio,8000000,4834920,0,Tarjeta,False
2747,62,Cali,167,2100127.0,Bajo,8000000,6953268,60,Libre Destino,False
2748,28,no_especificada,148,5941822.0,Medio,1000000,209132,60,Tarjeta,True
2749,24,Bogota,106,7068282.0,Alto,4000000,580273,60,Tarjeta,True
2750,28,Medellin,132,11738423.0,Bajo,8000000,1899193,0,Libre Destino,True
2751,66,Medellin,115,12562018.0,Alto,1000000,210982,60,Libre Destino,False
2752,75,no_especificada,23,2313583.0,Bajo,1000000,634990,0,Libre Destino,False
2753,62,Bucaramanga,7,7083362.0,Alto,4000000,3639452,30,Tarjeta,False
2754,40,Cali,105,5673076.0,Bajo,8000000,644831,0,Tarjeta,False
2755,57,Barranquilla,17,3999058.0,Alto,4000000,1226313,60,Libre Destino,False
2756,33,Medellin,59,9111047.0,Bajo,8000000,1033077,30,Libre Destino,False
2757,73,Medellin,69,12353082.0,Alto,1000000,909491,0,Tarjeta,False
2758,52,Medellin,154,7111375.0,Alto,12000000,3150916,0,Libre Destino,False
2759,55,no_especificada,152,9565332.0,Bajo,1000000,549367,0,Libre Destino,False
2760,69,no_especificada,118,14879761.0,Alto,4000000,506785,90,Tarjeta,False
2761,28,Barranquilla,151,8466064.0,Medio,2000000,1955813,0,Tarjeta,True
2762,56,Medellin,12,9742938.0,Bajo,2000000,1547960,30,Tarjeta,False
2763,69,Medellin,30,4134498.0,Alto,12000000,9026885,0,Tarjeta,False
2764,48,Cali,128,7829925.0,Bajo,8000000,7315796,30,Tarjeta,False
2765,31,Bucaramanga,9,2662673.0,Medio,2000000,4000,0,Tarjeta,False
2766,39,Barranquilla,2,9337578.0,Bajo,1000000,650470,90,Tarjeta,False
2767,23,Bucaramanga,79,12706163.0,Bajo,2000000,333281,0,Tarjeta,True
2768,67,Bogota,116,10535205.0,Medio,8000000,6785940,0,Libre Destino,False
2769,28,no_especificada,102,7177552.0,Medio,4000000,3040679,0,Tarjeta,False
2770,37,Bucaramanga,84,3856571.0,Medio,2000000,301441,0,Tarjeta,False
2771,57,Medellin,122,4436771.0,Alto,1000000,902148,90,Libre Destino,False
2772,62,Cali,162,4076194.0,Bajo,1000000,578264,0,Libre Destino,False
2773,60,Bogota,16,1453212.0,Bajo,4000000,2751689,0,Tarjeta,False
2774,51,Barranquilla,113,3350626.0,Alto,8000000,3204261,60,Tarjeta,False
2775,44,Barranquilla,80,3068258.0,Bajo,8000000,3768182,90,Tarjeta,False
2776,25,Bucaramanga,80,6776836.0,Alto,4000000,1884695,30,Tarjeta,False
2777,54,Bucaramanga,7,14947651.0,Medio,8000000,3320530,0,Tarjeta,False
2778,33,Medellin,99,4737921.0,Medio,12000000,2732768,60,Libre Destino,False
2779,26,Bogota,143,10800532.0,Bajo,12000000,1491942,60,Tarjeta,True
2780,65,Bogota,119,2658506.0,Medio,2000000,1632410,90,Tarjeta,False
2781,50,Bogota,59,13711775.0,Bajo,4000000,2527613,0,Libre Destino,False
2782,36,Cali,159,12498416.0,Alto,1000000,36408,60,Tarjeta,False
2783,44,Bucaramanga,133,13920169.0,Medio,8000000,6660252,90,Tarjeta,False
2784,63,no_especificada,48,11291875.0,Medio,8000000,2768008,30,Tarjeta,False
2785,70,Bucaramanga,30,13700562.0,Alto,1000000,964803,30,Tarjeta,False
2786,23,Barranquilla,76,9109505.0,Alto,12000000,375476,30,Libre Destino,True
2787,45,Bogota,122,8322939.0,Alto,8000000,2354395,0,Tarjeta,False
2788,73,no_especificada,104,9683344.0,Medio,1000000,998663,90,Tarjeta,False
2789,64,no_especificada,79,10617479.0,Medio,4000000,1993272,30,Tarjeta,False
2790,29,Medellin,94,13505192.0,Medio,1000000,856310,60,Tarjeta,False
2791,30,Bogota,33,12629049.0,Medio,8000000,6392154,30,Tarjeta,False
2792,70,Cali,23,8263087.0,Bajo,4000000,3202511,90,Libre Destino,False
2793,44,Cali,119,2832112.0,Alto,12000000,3948054,60,Tarjeta,False
2794,39,Barranquilla,148,5918488.0,Bajo,4000000,901267,0,Libre Destino,False
2795,51,Medellin,57,3291000.0,Medio,4000000,3371949,30,Tarjeta,False
2796,55,Bogota,26,12580822.0,Bajo,8000000,7890615,30,Libre Destino,False
2797,29,Bogota,20,7845209.0,Alto,2000000,992449,0,Tarjeta,False
2798,22,Barranquilla,97,12670336.0,Medio,4000000,2242842,0,Tarjeta,True
2799,43,Bogota,67,8915089.0,Alto,4000000,216250,0,Tarjeta,False
2800,24,Cali,67,2104379.0,Medio,12000000,7946539,90,Libre Destino,False
2801,41,Bogota,13,13024580.0,Bajo,4000000,2728266,0,Tarjeta,False
2802,56,Bogota,161,8137752.0,Bajo,4000000,2870060,0,Tarjeta,False
2803,25,no_especificada,6,12407062.0,Medio,1000000,828240,60,Tarjeta,False
2804,40,Barranquilla,158,5272261.0,Bajo,12000000,8438219,0,Tarjeta,False
2805,54,Bucaramanga,31,12376044.0,Bajo,2000000,1975926,0,Tarjeta,False
2806,39,Bucaramanga,30,1337262.0,Bajo,1000000,706693,30,Tarjeta,False
2807,29,Barranquilla,32,2154119.0,Alto,4000000,1256086,90,Tarjeta,False
2808,71,Bucaramanga,159,6383838.0,Medio,8000000,376,60,Tarjeta,False
2809,69,no_especificada,140,13553544.0,Bajo,8000000,7802319,0,Libre Destino,False
2810,44,Bogota,23,10564499.0,Alto,4000000,3634454,30,Libre Destino,False
2811,74,Medellin,170,8273186.0,Medio,1000000,521515,0,Libre Destino,False
2812,32,Medellin,76,3925014.0,Alto,2000000,1533214,60,Tarjeta,False
2813,35,Cali,98,4494290.0,Bajo,1000000,300152,60,Tarjeta,False
2814,50,Bucaramanga,171,6865748.0,Alto,2000000,1084442,60,Libre Destino,False
2815,66,Cali,11,11066730.0,Alto,4000000,176017,0,Tarjeta,False
2816,45,Medellin,37,4067434.0,Medio,4000000,1463082,60,Tarjeta,False
2817,60,Bucaramanga,74,2511388.0,Medio,1000000,542420,60,Tarjeta,False
2818,38,Cali,14,14289990.0,Alto,4000000,1876475,0,Tarjeta,False
2819,75,Bucaramanga,107,10441529.0,Alto,4000000,3496279,0,Tarjeta,False
2820,41,Bucaramanga,21,8338115.0,Bajo,8000000,5234970,0,Tarjeta,False
2821,37,Medellin,94,12656597.0,Alto,1000000,828932,60,Libre Destino,False
2822,34,Cali,1,2041129.0,Medio,1000000,220010,30,Tarjeta,False
2823,20,Medellin,116,13348283.0,Alto,1000000,999389,0,Libre Destino,True
2824,61,no_especificada,96,4770556.0,Bajo,1000000,349901,0,Libre Destino,False
2825,34,Medellin,62,5319448.0,Bajo,1000000,148357,90,Tarjeta,False
2826,68,no_especificada,77,13878485.0,Medio,8000000,4241866,0,Tarjeta,False
2827,39,no_especificada,86,8570514.0,Bajo,8000000,7364002,0,Tarjeta,False
2828,34,Medellin,44,6997800.0,Bajo,1000000,51859,30,Libre Destino,False
2829,52,Cali,96,3892017.0,Medio,12000000,10008221,0,Libre Destino,False
2830,40,Bucaramanga,83,10086351.0,Medio,8000000,282417,0,Libre Destino,False
2831,41,Barranquilla,64,3052822.0,Medio,2000000,1496370,90,Libre Destino,False
2832,36,Bucaramanga,7,9579726.0,Bajo,8000000,2417764,0,Tarjeta,False
2833,30,Cali,62,4542720.0,Medio,8000000,5350509,30,Libre Destino,False
2834,71,Cali,161,4743876.0,Medio,1000000,696067,0,Libre Destino,False
2835,21,no_especificada,121,5817196.0,Alto,2000000,1833224,0,Tarjeta,True
2836,60,Medellin,88,8487350.0,Alto,2000000,979165,0,Tarjeta,False
2837,72,Bucaramanga,69,10357287.0,Medio,4000000,461226,90,Libre Destino,False
2838,50,no_especificada,27,11075025.0,Alto,4000000,3922882,90,Tarjeta,False
2839,71,Barranquilla,169,6859934.0,Alto,12000000,11311825,0,Tarjeta,False
2840,70,Bogota,24,14817950.0,Medio,1000000,109744,90,Tarjeta,False
2841,33,no_especificada,131,6993710.0,Medio,8000000,4440825,90,Tarjeta,False
2842,73,Medellin,127,2377286.0,Alto,8000000,402597,60,Tarjeta,False
2843,22,Barranquilla,164,4309761.0,Alto,1000000,218422,60,Tarjeta,True
2844,18,Cali,87,5371615.0,Medio,4000000,3712742,90,Tarjeta,True
2845,43,Cali,29,12124439.0,Bajo,12000000,2940948,0,Tarjeta,False
2846,43,Barranquilla,74,11238846.0,Bajo,2000000,129959,0,Libre Destino,False
2847,54,Bucaramanga,110,8966362.0,Alto,4000000,3030306,30,Tarjeta,False
2848,26,Cali,162,1239202.0,Alto,4000000,1510339,60,Tarjeta,True
2849,53,Cali,1,12747766.0,Bajo,2000000,1043338,0,Libre Destino,False
2850,51,Bogota,91,2834535.0,Medio,8000000,5334679,0,Tarjeta,False
2851,69,Bucaramanga,160,4069219.0,Bajo,8000000,6482639,0,Tarjeta,False
2852,72,Barranquilla,88,3875070.0,Medio,12000000,9415203,0,Libre Destino,False
2853,45,Barranquilla,14,4801042.0,Medio,8000000,4551152,60,Tarjeta,False
2854,65,Barranquilla,18,5532646.0,Bajo,12000000,9677837,0,Tarjeta,False
2855,33,no_especificada,74,13290242.0,Medio,4000000,3458467,30,Tarjeta,False
2856,59,no_especificada,57,7715824.0,Alto,12000000,10676890,0,Tarjeta,False
2857,44,Bogota,75,5708810.0,Alto,4000000,2891114,30,Tarjeta,False
2858,66,Cali,119,5917346.0,Bajo,12000000,5153888,0,Tarjeta,False
2859,62,Bucaramanga,44,4755696.0,Bajo,8000000,6871846,0,Libre Destino,False
2860,71,Bogota,102,13973567.0,Alto,12000000,11074197,30,Tarjeta,False
2861,30,Bogota,97,10061708.0,Medio,2000000,18927,0,Libre Destino,False
2862,55,Bogota,157,5133766.0,Alto,4000000,688619,0,Tarjeta,False
2863,41,Medellin,126,4819863.0,Bajo,1000000,908802,30,Libre Destino,False
2864,35,Barranquilla,35,4288781.0,Medio,4000000,381803,60,Libre Destino,False
2865,46,Bogota,125,13074499.0,Bajo,8000000,179089,60,Tarjeta,False
2866,25,Medellin,155,14155054.0,Bajo,2000000,305246,90,Tarjeta,True
2867,28,Barranquilla,102,12632877.0,Bajo,4000000,1905850,30,Tarjeta,False
2868,42,Barranquilla,145,6847307.0,Bajo,4000000,1415306,60,Libre Destino,False
2869,49,Bucaramanga,126,5092984.0,Medio,8000000,598689,90,Libre Destino,False
2870,21,Cali,173,12543387.0,Alto,4000000,1097842,60,Tarjeta,True
2871,35,Bucaramanga,166,7531154.0,Bajo,1000000,262118,0,Libre Destino,False
2872,19,Bogota,173,5433698.0,Medio,2000000,459947,60,Tarjeta,True
2873,62,no_especificada,126,3917320.0,Alto,8000000,2843645,0,Libre Destino,False
2874,63,Barranquilla,119,4491026.0,Bajo,1000000,208562,30,Tarjeta,False
2875,28,Bogota,51,13033941.0,Bajo,2000000,501855,30,Libre Destino,False
2876,19,no_especificada,43,9575689.0,Medio,2000000,1899467,90,Tarjeta,True
2877,53,Medellin,127,,Bajo,1000000,462497,30,Tarjeta,False
2878,44,Cali,175,14929649.0,Alto,2000000,1394102,60,Libre Destino,False
2879,27,Bucaramanga,53,5974203.0,Medio,2000000,565284,0,Libre Destino,False
2880,47,Bogota,71,10388529.0,Bajo,8000000,6704317,0,Tarjeta,False
2881,20,Barranquilla,102,4230853.0,Bajo,4000000,1632599,30,Tarjeta,True
2882,35,Cali,61,10784140.0,Alto,1000000,768906,60,Tarjeta,False
2883,38,Cali,15,8184315.0,Medio,8000000,6630701,30,Tarjeta,False
2884,45,Bucaramanga,138,7425590.0,Bajo,4000000,2318285,30,Libre Destino,False
2885,54,no_especificada,147,1662905.0,Medio,8000000,5614632,60,Tarjeta,False
2886,50,Bucaramanga,111,5522135.0,Medio,4000000,1612274,30,Tarjeta,False
2887,70,Bogota,157,3517670.0,Bajo,2000000,862997,0,Tarjeta,False
2888,71,Barranquilla,38,13863307.0,Bajo,8000000,6167,0,Libre Destino,False
2889,51,no_especificada,113,13443386.0,Alto,12000000,8175081,0,Libre Destino,False
2890,26,Cali,119,11814260.0,Alto,1000000,745048,30,Tarjeta,True
2891,29,no_especificada,160,13399271.0,Medio,2000000,1792794,90,Tarjeta,True
2892,18,Cali,98,3192493.0,Medio,4000000,3031437,60,Tarjeta,True
2893,48,no_especificada,39,6024243.0,Alto,2000000,1344856,90,Tarjeta,False
2894,68,no_especificada,127,3895281.0,Alto,2000000,802976,30,Tarjeta,False
2895,74,Barranquilla,153,14225078.0,Bajo,8000000,7017544,30,Tarjeta,False
2896,45,Bucaramanga,123,3478469.0,Medio,4000000,461093,30,Libre Destino,False
2897,42,Cali,119,14757138.0,Alto,8000000,5796602,0,Tarjeta,False
2898,60,Bogota,52,5422566.0,Medio,12000000,9509169,30,Tarjeta,False
2899,31,Bogota,131,11106988.0,Bajo,4000000,2011706,0,Tarjeta,False
2900,23,no_especificada,24,6310834.0,Alto,12000000,7951429,60,Libre Destino,False
2901,19,Barranquilla,15,13025769.0,Bajo,2000000,302703,90,Libre Destino,True
2902,34,Bogota,74,7557891.0,Bajo,2000000,1714674,0,Tarjeta,False
2903,74,no_especificada,102,1850419.0,Bajo,4000000,1762871,0,Tarjeta,False
2904,57,no_especificada,1,13574152.0,Alto,1000000,22134,0,Tarjeta,False
2905,42,Bogota,175,8245938.0,Medio,12000000,496549,90,Tarjeta,False
2906,54,Barranquilla,152,9490504.0,Medio,12000000,11424660,0,Tarjeta,False
2907,20,Cali,39,14020904.0,Bajo,1000000,456843,30,Tarjeta,True
2908,38,Barranquilla,23,3964931.0,Medio,12000000,500233,60,Tarjeta,False
2909,27,Medellin,12,2941270.0,Alto,4000000,3567416,0,Tarjeta,False
2910,18,no_especificada,172,3495157.0,Alto,12000000,9925097,0,Tarjeta,True
2911,66,Cali,154,9304373.0,Bajo,12000000,9589725,0,Libre Destino,False
2912,51,Cali,24,11261457.0,Alto,4000000,1402600,30,Tarjeta,False
2913,35,Cali,178,10752514.0,Bajo,1000000,52818,0,Tarjeta,False
2914,30,Barranquilla,97,10797190.0,Bajo,4000000,661401,0,Tarjeta,False
2915,53,Medellin,71,8617639.0,Alto,2000000,680019,0,Libre Destino,False
2916,70,Bucaramanga,110,11934525.0,Bajo,12000000,5801032,90,Libre Destino,False
2917,54,Bogota,8,13882616.0,Bajo,8000000,612656,60,Libre Destino,False
2918,23,Bogota,143,13974998.0,Medio,4000000,3783216,0,Tarjeta,True
2919,26,Barranquilla,80,11961171.0,Medio,2000000,1784222,90,Tarjeta,False
2920,29,Bucaramanga,103,6298793.0,Medio,4000000,3585650,0,Libre Destino,False
2921,58,Cali,162,8473822.0,Alto,1000000,623637,0,Tarjeta,False
2922,66,Cali,139,6669644.0,Alto,1000000,824280,60,Tarjeta,False
2923,72,no_especificada,148,12482143.0,Alto,2000000,877641,30,Tarjeta,False
2924,39,Barranquilla,109,11151333.0,Alto,8000000,6818080,0,Libre Destino,False
2925,62,Medellin,80,5055797.0,Medio,2000000,7513,30,Tarjeta,False
2926,54,no_especificada,32,2625330.0,Alto,12000000,9609477,0,Libre Destino,False
2927,31,Barranquilla,88,10270601.0,Bajo,2000000,307411,60,Tarjeta,False
2928,59,Medellin,46,1230795.0,Medio,4000000,3644661,0,Tarjeta,False
2929,64,Medellin,30,4442983.0,Bajo,12000000,4441111,30,Tarjeta,False
2930,59,no_especificada,46,7777645.0,Bajo,2000000,1643492,90,Libre Destino,False
2931,62,no_especificada,63,3791012.0,Medio,12000000,51958,0,Tarjeta,False
2932,34,Barranquilla,61,2024090.0,Bajo,4000000,3106810,30,Tarjeta,False
2933,20,Bucaramanga,164,13813779.0,Bajo,4000000,2694987,0,Libre Destino,True
2934,36,Medellin,100,11703678.0,Alto,8000000,5908642,0,Libre Destino,False
2935,63,Medellin,140,1804726.0,Bajo,12000000,1095685,0,Tarjeta,False
2936,72,Bogota,120,14077257.0,Alto,2000000,561686,60,Tarjeta,False
2937,66,no_especificada,91,7769078.0,Alto,4000000,2740149,60,Libre Destino,False
2938,70,no_especificada,116,2493200.0,Bajo,1000000,450578,0,Tarjeta,False
2939,30,no_especificada,7,7332191.0,Medio,2000000,398797,30,Libre Destino,False
2940,33,Bucaramanga,161,3148130.0,Bajo,1000000,407448,90,Libre Destino,False
2941,31,Bogota,154,3880961.0,Bajo,12000000,8749994,0,Tarjeta,False
2942,54,Bogota,96,6068811.0,Bajo,12000000,2330054,0,Libre Destino,False
2943,66,Medellin,122,7441076.0,Medio,1000000,669319,60,Libre Destino,False
2944,45,Cali,158,14701095.0,Bajo,8000000,693689,0,Libre Destino,False
2945,49,Bogota,140,7732809.0,Medio,4000000,3538719,0,Tarjeta,False
2946,18,Cali,139,4673808.0,Medio,4000000,1599449,30,Tarjeta,True
2947,55,no_especificada,2,12104572.0,Medio,12000000,3594262,0,Tarjeta,False
2948,71,Medellin,113,4883381.0,Alto,12000000,10939000,90,Tarjeta,False
2949,46,Bucaramanga,112,6378312.0,Bajo,12000000,2374631,0,Tarjeta,False
2950,42,Barranquilla,32,13553576.0,Medio,12000000,11729360,60,Tarjeta,False
2951,30,no_especificada,2,7943360.0,Alto,8000000,5786974,60,Tarjeta,False
2952,61,Cali,152,12091009.0,Alto,12000000,9266044,30,Tarjeta,False
2953,37,Medellin,24,6634462.0,Alto,8000000,4738428,30,Libre Destino,False
2954,49,Bogota,106,12062572.0,Medio,8000000,2203966,30,Tarjeta,False
2955,47,Bucaramanga,18,12576626.0,Bajo,1000000,233884,90,Tarjeta,False
2956,36,Bogota,112,4442777.0,Bajo,12000000,10655985,0,Tarjeta,False
2957,43,Barranquilla,125,4915960.0,Bajo,1000000,980241,90,Libre Destino,False
2958,66,Medellin,127,4688465.0,Medio,12000000,2790016,90,Tarjeta,False
2959,61,Medellin,72,6396574.0,Alto,8000000,1628302,0,Libre Destino,False
2960,32,no_especificada,95,12621205.0,Bajo,1000000,264132,60,Tarjeta,False
2961,60,Bogota,67,9148058.0,Alto,8000000,5469432,0,Tarjeta,False
2962,72,Medellin,87,2923863.0,Medio,2000000,1876348,90,Tarjeta,False
2963,40,Bucaramanga,115,4530396.0,Alto,8000000,6702509,0,Tarjeta,False
2964,73,Medellin,17,10250210.0,Alto,1000000,796575,0,Tarjeta,False
2965,21,Bucaramanga,180,12276451.0,Bajo,2000000,106379,90,Tarjeta,True
2966,22,Barranquilla,50,10915046.0,Bajo,2000000,1966578,90,Tarjeta,True
2967,25,Cali,30,13633602.0,Medio,2000000,1886046,0,Libre Destino,False
2968,20,Bucaramanga,175,5404211.0,Bajo,4000000,1150877,0,Tarjeta,True
2969,25,no_especificada,29,6709821.0,Medio,2000000,24778,60,Tarjeta,False
2970,44,Bucaramanga,50,13662395.0,Medio,8000000,6444682,30,Libre Destino,False
2971,45,no_especificada,154,5080467.0,Medio,4000000,3792822,30,Tarjeta,False
2972,20,Cali,114,13691255.0,Bajo,8000000,2178891,60,Libre Destino,True
2973,38,Cali,106,10589588.0,Bajo,12000000,6745657,0,Libre Destino,False
2974,73,Bogota,13,5821899.0,Bajo,1000000,759862,0,Tarjeta,False
2975,37,Bucaramanga,56,2193720.0,Alto,1000000,278031,0,Libre Destino,False
2976,36,Barranquilla,117,2854565.0,Medio,2000000,1155370,0,Libre Destino,False
2977,33,Barranquilla,133,11954678.0,Alto,8000000,3879688,0,Tarjeta,False
2978,75,Cali,39,13929198.0,Bajo,12000000,1393238,0,Tarjeta,False
2979,61,Medellin,88,5739832.0,Medio,1000000,174695,60,Tarjeta,False
2980,75,Cali,55,11836967.0,Alto,8000000,4999333,90,Tarjeta,False
2981,44,Bogota,180,13297046.0,Alto,1000000,465836,0,Tarjeta,False
2982,46,Cali,138,5600962.0,Bajo,1000000,864822,0,Tarjeta,False
2983,75,Bogota,34,5586146.0,Alto,1000000,721869,60,Tarjeta,False
2984,45,Barranquilla,38,8002219.0,Bajo,12000000,6485865,0,Tarjeta,False
2985,33,no_especificada,1,13095301.0,Alto,8000000,6583970,90,Tarjeta,False
2986,75,Bogota,142,8728156.0,Bajo,8000000,4487202,0,Libre Destino,False
2987,73,Bucaramanga,162,1791020.0,Bajo,8000000,2706098,60,Tarjeta,False
2988,54,Cali,55,8496328.0,Bajo,1000000,834166,60,Libre Destino,False
2989,66,Bogota,129,2278141.0,Medio,1000000,547596,30,Tarjeta,False
2990,38,Barranquilla,95,9169408.0,Medio,2000000,972344,0,Libre Destino,False
2991,63,Cali,96,6681319.0,Medio,12000000,7793404,0,Tarjeta,False
2992,37,Bucaramanga,119,12615389.0,Bajo,8000000,4975574,30,Tarjeta,False
2993,53,Medellin,35,13068196.0,Medio,4000000,816260,60,Tarjeta,False
2994,29,Barranquilla,162,9733344.0,Alto,4000000,1467442,0,Tarjeta,True
2995,44,Bogota,84,11793588.0,Medio,8000000,467335,90,Tarjeta,False
2996,49,Cali,10,1605765.0,Bajo,2000000,1882516,0,Tarjeta,False
2997,62,Bogota,9,3985627.0,Bajo,2000000,991150,0,Tarjeta,False
2998,37,Cali,79,10009596.0,Alto,12000000,10146041,0,Libre Destino,False
2999,51,Bucaramanga,39,9715601.0,Bajo,12000000,2594600,30,Tarjeta,False
3000,52,Cali,28,2328515.0,Alto,1000000,937115,0,Libre Destino,False
3001,49,Medellin,136,6143189.0,Medio,8000000,5147152,30,Tarjeta,False
3002,36,Medellin,10,12928292.0,Bajo,8000000,2169520,0,Tarjeta,False
3003,21,Medellin,130,13142711.0,Medio,1000000,116256,30,Tarjeta,True
3004,26,Bogota,117,7274241.0,Bajo,4000000,1832435,0,Libre Destino,True
3005,69,Bogota,167,12208669.0,Alto,8000000,464240,0,Tarjeta,False
3006,72,no_especificada,129,13562618.0,Alto,1000000,867337,30,Libre Destino,False
3007,48,Barranquilla,161,14019352.0,Medio,4000000,3049114,90,Libre Destino,False
3008,72,Medellin,33,4904524.0,Medio,8000000,2528256,30,Tarjeta,False
3009,75,Bogota,43,7884047.0,Bajo,2000000,340046,60,Tarjeta,False
3010,53,Bucaramanga,30,8313083.0,Alto,12000000,696329,0,Tarjeta,False
3011,71,Barranquilla,69,2470358.0,Alto,12000000,11430224,30,Tarjeta,False
3012,48,Cali,104,14886887.0,Bajo,1000000,899089,0,Libre Destino,False
3013,29,Bogota,148,13037370.0,Medio,12000000,191628,90,Tarjeta,True
3014,75,Barranquilla,66,,Alto,4000000,1788520,0,Tarjeta,False
3015,42,Bucaramanga,168,4213995.0,Alto,2000000,1430757,30,Libre Destino,False
3016,31,Bogota,139,7810433.0,Alto,4000000,2777743,0,Tarjeta,False
3017,38,Medellin,56,8196950.0,Bajo,12000000,8330304,0,Tarjeta,False
3018,51,Cali,65,9562390.0,Medio,12000000,9419610,0,Tarjeta,False
3019,39,Bogota,113,12476327.0,Medio,12000000,9820139,0,Tarjeta,False
3020,31,Barranquilla,99,13186157.0,Medio,8000000,2090680,30,Libre Destino,False
3021,61,no_especificada,10,14065852.0,Bajo,8000000,3508899,0,Tarjeta,False
3022,36,Cali,8,13216141.0,Alto,2000000,1489099,30,Tarjeta,False
3023,75,Cali,150,8553761.0,Bajo,1000000,64806,0,Tarjeta,False
3024,28,Bogota,149,4008366.0,Medio,12000000,10366606,0,Libre Destino,True
3025,53,Bogota,58,7285944.0,Alto,12000000,7223518,0,Libre Destino,False
3026,72,Barranquilla,89,7607797.0,Alto,4000000,3504975,90,Libre Destino,False
3027,36,Medellin,92,9785027.0,Medio,12000000,11221169,90,Tarjeta,False
3028,54,Barranquilla,154,10051339.0,Alto,8000000,1577764,0,Tarjeta,False
3029,75,Medellin,20,7720064.0,Medio,1000000,898773,60,Libre Destino,False
3030,20,Bucaramanga,33,5365893.0,Alto,8000000,2654199,60,Tarjeta,True
3031,51,Cali,113,7647722.0,Bajo,8000000,1161879,0,Tarjeta,False
3032,42,Barranquilla,65,13026588.0,Medio,2000000,1006885,0,Tarjeta,False
3033,65,Cali,176,2155446.0,Medio,4000000,2126249,30,Tarjeta,False
3034,40,Bogota,139,2895753.0,Bajo,1000000,410192,60,Tarjeta,False
3035,66,Bucaramanga,109,11804812.0,Medio,1000000,375428,90,Tarjeta,False
3036,68,Bogota,130,14209968.0,Bajo,2000000,963730,0,Tarjeta,False
3037,57,Bucaramanga,38,10748266.0,Medio,8000000,5447571,90,Tarjeta,False
3038,19,Medellin,149,5936029.0,Alto,12000000,7532160,0,Tarjeta,True
3039,34,Barranquilla,116,14107963.0,Alto,8000000,925455,0,Tarjeta,False
3040,27,no_especificada,10,5762186.0,Bajo,1000000,454346,90,Tarjeta,False
3041,54,Medellin,52,5923375.0,Bajo,8000000,3717796,0,Tarjeta,False
3042,44,no_especificada,48,13677779.0,Medio,4000000,3539263,0,Tarjeta,False
3043,75,Bogota,94,4188255.0,Alto,1000000,372850,90,Tarjeta,False
3044,53,Bucaramanga,55,8188780.0,Bajo,12000000,11819790,0,Libre Destino,False
3045,52,Bucaramanga,3,13199248.0,Bajo,8000000,373709,0,Tarjeta,False
3046,21,no_especificada,109,8722752.0,Bajo,1000000,814564,0,Tarjeta,True
3047,65,Bucaramanga,98,2289612.0,Medio,2000000,725703,0,Tarjeta,False
3048,44,Bogota,90,10266447.0,Medio,12000000,3580140,30,Tarjeta,False
3049,75,Cali,171,14980668.0,Alto,12000000,759476,0,Libre Destino,False
3050,33,Bucaramanga,38,8559932.0,Bajo,2000000,798589,0,Libre Destino,False
3051,72,Bucaramanga,133,6416831.0,Alto,4000000,1709663,60,Tarjeta,False
3052,66,Bucaramanga,81,11354452.0,Bajo,4000000,2236694,0,Libre Destino,False
3053,72,Bucaramanga,36,5551483.0,Bajo,4000000,1316507,90,Tarjeta,False
3054,24,Bogota,85,12796722.0,Medio,4000000,3443726,30,Tarjeta,True
3055,68,no_especificada,19,6527243.0,Alto,12000000,6155406,90,Tarjeta,False
3056,30,Barranquilla,152,2769743.0,Medio,4000000,184926,0,Tarjeta,True
3057,24,Medellin,19,6223098.0,Medio,8000000,7895444,0,Libre Destino,False
3058,62,no_especificada,165,4446110.0,Alto,4000000,2379223,0,Tarjeta,False
3059,45,no_especificada,17,4023002.0,Medio,8000000,2634313,60,Libre Destino,False
3060,66,Cali,20,4719860.0,Alto,1000000,297380,0,Libre Destino,False
3061,74,Medellin,136,1724989.0,Bajo,8000000,1169923,0,Tarjeta,False
3062,63,Barranquilla,28,6752910.0,Medio,12000000,4584871,0,Libre Destino,False
3063,31,no_especificada,52,1525620.0,Bajo,8000000,6865657,30,Tarjeta,False
3064,42,Bogota,41,3724223.0,Medio,1000000,254329,60,Libre Destino,False
3065,31,Cali,47,13734924.0,Alto,2000000,1428477,0,Tarjeta,False
3066,39,Bogota,80,14451611.0,Bajo,1000000,348397,30,Libre Destino,False
3067,46,Bogota,124,7689835.0,Alto,8000000,1661505,90,Libre Destino,False
3068,24,Medellin,163,7420602.0,Medio,8000000,5957172,0,Tarjeta,True
3069,28,Barranquilla,98,8763114.0,Medio,8000000,6957664,30,Tarjeta,False
3070,69,Medellin,65,8108496.0,Bajo,12000000,11034037,30,Tarjeta,False
3071,69,Barranquilla,133,11769816.0,Medio,8000000,3891724,30,Tarjeta,False
3072,56,Barranquilla,84,14145114.0,Bajo,1000000,759906,30,Libre Destino,False
3073,46,no_especificada,20,10615195.0,Bajo,8000000,691765,0,Tarjeta,False
3074,52,Barranquilla,96,7180169.0,Medio,12000000,7282058,60,Tarjeta,False
3075,60,no_especificada,92,8843961.0,Alto,8000000,2581787,60,Tarjeta,False
3076,37,Bogota,91,11790894.0,Bajo,12000000,2877923,0,Tarjeta,False
3077,28,Cali,156,9346360.0,Bajo,2000000,432107,60,Libre Destino,True
3078,45,Cali,117,14060025.0,Bajo,2000000,1860533,90,Tarjeta,False
3079,28,Medellin,37,14860176.0,Alto,4000000,2998782,0,Libre Destino,False
3080,50,Barranquilla,174,10467860.0,Bajo,8000000,1567873,0,Tarjeta,False
3081,51,Bogota,48,1231792.0,Bajo,8000000,6119627,0,Tarjeta,False
3082,54,Barranquilla,19,2901262.0,Bajo,2000000,1005347,0,Tarjeta,False
3083,66,no_especificada,96,4542914.0,Bajo,8000000,1450490,0,Libre Destino,False
3084,24,Medellin,146,10783281.0,Alto,4000000,3476165,60,Libre Destino,True
3085,25,no_especificada,64,8011955.0,Alto,4000000,2744768,30,Libre Destino,False
3086,69,Bogota,103,11199615.0,Alto,4000000,3308461,0,Tarjeta,False
3087,31,Bucaramanga,162,2268384.0,Alto,12000000,4699463,30,Libre Destino,True
3088,23,Barranquilla,10,3237501.0,Medio,4000000,1514833,0,Tarjeta,False
3089,58,Barranquilla,174,7725956.0,Bajo,2000000,1590063,60,Tarjeta,False
3090,75,Bogota,100,12508100.0,Medio,8000000,2444861,0,Tarjeta,False
3091,57,no_especificada,10,14714695.0,Medio,12000000,4492752,60,Tarjeta,False
3092,42,Bogota,174,6601843.0,Alto,2000000,629149,60,Tarjeta,False
3093,71,Bogota,93,14001607.0,Medio,4000000,2468313,0,Tarjeta,False
3094,73,Medellin,145,12322386.0,Medio,8000000,5512571,0,Tarjeta,False
3095,33,Bucaramanga,28,11833540.0,Medio,1000000,449805,0,Tarjeta,False
3096,30,Bogota,145,7799466.0,Medio,8000000,1348701,60,Tarjeta,True
3097,46,Barranquilla,58,10554635.0,Alto,12000000,7600927,30,Libre Destino,False
3098,49,no_especificada,133,9007090.0,Medio,2000000,1629528,30,Tarjeta,False
3099,41,Medellin,135,3600217.0,Medio,4000000,3724418,0,Libre Destino,False
3100,20,Barranquilla,39,5868699.0,Medio,12000000,9381946,90,Libre Destino,True
3101,45,Bucaramanga,93,9271878.0,Medio,12000000,10129497,0,Tarjeta,False
3102,39,Medellin,66,13084084.0,Alto,4000000,1558047,0,Libre Destino,False
3103,41,Barranquilla,128,13391673.0,Alto,8000000,6809505,0,Tarjeta,False
3104,48,Medellin,86,2921627.0,Alto,8000000,5012050,60,Libre Destino,False
3105,75,Cali,53,9893171.0,Medio,1000000,985199,60,Tarjeta,False
3106,74,Cali,120,6650918.0,Medio,4000000,3284705,0,Tarjeta,False
3107,64,Bogota,124,1320254.0,Bajo,4000000,1748133,0,Libre Destino,False
3108,61,Barranquilla,107,7844872.0,Alto,4000000,3874297,60,Libre Destino,False
3109,40,Bucaramanga,42,9996755.0,Medio,1000000,67304,0,Tarjeta,False
3110,36,Cali,168,12700178.0,Bajo,12000000,9107326,60,Tarjeta,False
3111,35,no_especificada,132,2237026.0,Medio,12000000,807657,30,Tarjeta,False
3112,67,Bucaramanga,105,14237028.0,Alto,8000000,4447416,90,Tarjeta,False
3113,46,Bucaramanga,107,14261506.0,Alto,2000000,35988,0,Tarjeta,False
3114,58,Bogota,50,13122527.0,Bajo,8000000,1490656,0,Tarjeta,False
3115,42,no_especificada,165,10276638.0,Alto,12000000,5810585,0,Tarjeta,False
3116,70,Medellin,173,3570165.0,Medio,4000000,1869988,0,Libre Destino,False
3117,43,Medellin,24,12962434.0,Alto,2000000,1180738,0,Libre Destino,False
3118,43,Bogota,50,3080971.0,Alto,4000000,2367637,90,Libre Destino,False
3119,51,Bogota,112,6379121.0,Alto,8000000,481815,60,Tarjeta,False
3120,68,no_especificada,149,3123430.0,Medio,2000000,779938,0,Tarjeta,False
3121,25,Barranquilla,157,2567188.0,Alto,4000000,1113999,60,Libre Destino,True
3122,32,Medellin,154,8467697.0,Bajo,8000000,3706761,0,Tarjeta,False
3123,39,Barranquilla,150,13847816.0,Bajo,12000000,2764902,60,Tarjeta,False
3124,49,Bogota,170,11281390.0,Bajo,2000000,1858221,60,Libre Destino,False
3125,64,Bogota,36,5269385.0,Bajo,8000000,1376127,0,Tarjeta,False
3126,28,Bucaramanga,79,3448293.0,Bajo,12000000,6731170,0,Tarjeta,False
3127,53,Bucaramanga,39,7854336.0,Alto,2000000,672513,0,Libre Destino,False
3128,59,no_especificada,171,10842418.0,Bajo,2000000,1240172,60,Tarjeta,False
3129,23,Bogota,10,13516670.0,Alto,1000000,702068,30,Libre Destino,False
3130,22,no_especificada,112,13591150.0,Alto,4000000,431770,60,Libre Destino,True
3131,69,Bucaramanga,128,7257908.0,Bajo,2000000,296445,0,Tarjeta,False
3132,67,Bogota,133,10055255.0,Bajo,2000000,1927696,0,Libre Destino,False
3133,21,Barranquilla,15,4683229.0,Medio,4000000,2518349,0,Libre Destino,False
3134,54,Bogota,161,12366374.0,Alto,8000000,31081,30,Tarjeta,False
3135,23,Medellin,4,6332610.0,Alto,4000000,3525029,90,Libre Destino,False
3136,51,Bogota,122,3187047.0,Medio,4000000,3077547,0,Libre Destino,False
3137,27,Barranquilla,135,2079795.0,Bajo,4000000,3484555,0,Tarjeta,True
3138,20,Bucaramanga,11,1663595.0,Alto,12000000,9312746,60,Libre Destino,False
3139,19,Cali,20,11328514.0,Alto,12000000,1373993,60,Tarjeta,True
3140,43,Bogota,60,11026471.0,Alto,12000000,967408,0,Tarjeta,False
3141,70,Barranquilla,19,1311162.0,Bajo,4000000,3507609,0,Tarjeta,False
3142,39,Bucaramanga,6,6323684.0,Alto,8000000,1632942,90,Tarjeta,False
3143,33,no_especificada,24,1891649.0,Bajo,8000000,958976,90,Tarjeta,False
3144,19,Cali,106,13770362.0,Alto,1000000,329511,30,Tarjeta,True
3145,63,Medellin,31,12484249.0,Medio,1000000,457578,60,Tarjeta,False
3146,71,Barranquilla,32,5226829.0,Medio,4000000,80307,0,Tarjeta,False
3147,64,no_especificada,169,7389854.0,Bajo,8000000,6611663,0,Tarjeta,False
3148,54,Bucaramanga,113,12851036.0,Medio,12000000,1461690,0,Tarjeta,False
3149,71,no_especificada,106,6543601.0,Medio,12000000,8755825,0,Libre Destino,False
3150,60,no_especificada,29,12035222.0,Bajo,4000000,1128634,90,Tarjeta,False
3151,68,Medellin,79,,Alto,1000000,366966,0,Tarjeta,False
3152,23,Barranquilla,55,9530189.0,Medio,1000000,229340,0,Tarjeta,False
3153,26,Medellin,101,7426258.0,Bajo,8000000,7262987,90,Tarjeta,True
3154,58,no_especificada,17,4842589.0,Medio,8000000,2842270,0,Libre Destino,False
3155,33,Bogota,45,2996342.0,Alto,8000000,6362590,0,Libre Destino,False
3156,49,Bucaramanga,141,9093366.0,Medio,4000000,518146,60,Libre Destino,False
3157,25,Cali,161,12593921.0,Alto,1000000,379066,0,Tarjeta,True
3158,26,Medellin,63,7036791.0,Medio,2000000,1407923,60,Tarjeta,False
3159,50,Bucaramanga,129,10955124.0,Alto,2000000,624544,0,Tarjeta,False
3160,19,no_especificada,142,11765674.0,Medio,8000000,4510305,60,Tarjeta,True
3161,54,Bucaramanga,159,12777748.0,Bajo,1000000,395730,60,Tarjeta,False
3162,70,Cali,178,9807584.0,Medio,2000000,941129,90,Tarjeta,False
3163,64,Medellin,24,1329624.0,Alto,8000000,512910,0,Libre Destino,False
3164,60,Barranquilla,59,5828977.0,Medio,12000000,4491537,0,Tarjeta,False
3165,18,Cali,128,11049693.0,Bajo,4000000,1276144,30,Tarjeta,True
3166,48,Medellin,18,11431615.0,Medio,8000000,1454306,0,Tarjeta,False
3167,39,Medellin,177,9970725.0,Medio,4000000,1991474,0,Libre Destino,False
3168,51,Bogota,59,4570030.0,Alto,1000000,598022,0,Tarjeta,False
3169,73,no_especificada,60,4655944.0,Bajo,12000000,1812268,90,Tarjeta,False
3170,44,Medellin,62,9129251.0,Alto,4000000,3054974,0,Tarjeta,False
3171,18,Medellin,102,14731712.0,Medio,1000000,207628,60,Tarjeta,True
3172,22,Barranquilla,13,6425112.0,Bajo,8000000,4917223,30,Libre Destino,False
3173,56,Barranquilla,125,12767953.0,Bajo,1000000,555687,30,Libre Destino,False
3174,26,Cali,118,12947592.0,Medio,4000000,3402169,0,Tarjeta,True
3175,20,Cali,90,3749592.0,Medio,12000000,6195559,0,Tarjeta,True
3176,67,Bogota,140,4172739.0,Bajo,4000000,8339,0,Tarjeta,False
3177,67,Cali,84,8010082.0,Bajo,1000000,453063,30,Libre Destino,False
3178,60,no_especificada,70,10644733.0,Medio,8000000,5887331,90,Tarjeta,False
3179,29,Bogota,10,7080494.0,Alto,1000000,445234,0,Libre Destino,False
3180,34,Bogota,99,5193757.0,Alto,8000000,2377779,90,Tarjeta,False
3181,21,Bogota,106,5135867.0,Alto,8000000,2901549,0,Libre Destino,True
3182,55,Barranquilla,26,11889772.0,Medio,8000000,1244316,60,Libre Destino,False
3183,51,Medellin,54,4820485.0,Bajo,12000000,5530176,90,Tarjeta,False
3184,33,Bucaramanga,91,8699627.0,Bajo,2000000,1611636,60,Libre Destino,False
3185,21,no_especificada,137,4539067.0,Medio,12000000,9478063,60,Tarjeta,True
3186,62,Barranquilla,161,9841827.0,Alto,8000000,5424248,60,Libre Destino,False
3187,59,Medellin,52,5856275.0,Alto,4000000,3794910,30,Tarjeta,False
3188,49,Cali,147,13017471.0,Medio,8000000,4507727,0,Tarjeta,False
3189,58,Medellin,18,14678278.0,Medio,2000000,1500454,90,Tarjeta,False
3190,61,Medellin,153,3671380.0,Alto,4000000,2232737,60,Libre Destino,False
3191,24,Medellin,69,5846397.0,Alto,1000000,164669,90,Tarjeta,False
3192,72,Medellin,77,3911095.0,Alto,2000000,917591,90,Tarjeta,False
3193,47,no_especificada,96,9613288.0,Bajo,4000000,1061272,60,Tarjeta,False
3194,23,Barranquilla,16,1455617.0,Bajo,8000000,7802709,0,Libre Destino,False
3195,64,Medellin,27,1766297.0,Medio,12000000,897614,0,Tarjeta,False
3196,43,Cali,93,13181988.0,Alto,8000000,5946366,30,Libre Destino,False
3197,70,no_especificada,154,14640288.0,Medio,12000000,6926934,30,Tarjeta,False
3198,32,Bucaramanga,62,13868373.0,Medio,12000000,17033,30,Tarjeta,False
3199,29,Barranquilla,85,9426118.0,Bajo,1000000,658321,90,Tarjeta,False
3200,73,Bogota,128,12051091.0,Bajo,12000000,738705,0,Tarjeta,False
3201,40,Bucaramanga,71,14371830.0,Alto,1000000,592913,30,Tarjeta,False
3202,43,Barranquilla,35,4584504.0,Alto,1000000,473687,30,Tarjeta,False
3203,42,Medellin,124,11103008.0,Medio,8000000,2204922,0,Tarjeta,False
3204,39,Cali,133,6990686.0,Alto,2000000,310043,90,Libre Destino,False
3205,71,Bogota,59,8865070.0,Bajo,8000000,7062964,0,Tarjeta,False
3206,72,Barranquilla,160,5345520.0,Alto,2000000,856194,0,Tarjeta,False
3207,61,Bogota,118,4270100.0,Medio,12000000,6337594,90,Tarjeta,False
3208,27,Bogota,127,13707408.0,Bajo,4000000,2998278,0,Libre Destino,True
3209,52,Bogota,140,7848977.0,Alto,8000000,1083129,0,Tarjeta,False
3210,19,Bogota,127,9286001.0,Bajo,1000000,171972,0,Tarjeta,True
3211,61,Bucaramanga,137,4133211.0,Alto,1000000,553652,0,Tarjeta,False
3212,45,Medellin,157,14044533.0,Alto,2000000,1023675,60,Tarjeta,False
3213,33,Medellin,50,5009527.0,Medio,8000000,3563637,60,Tarjeta,False
3214,60,Barranquilla,67,8020287.0,Medio,2000000,815191,0,Libre Destino,False
3215,52,Barranquilla,18,14806044.0,Medio,12000000,1619526,60,Tarjeta,False
3216,73,Barranquilla,153,3232256.0,Bajo,1000000,132248,0,Tarjeta,False
3217,70,Bucaramanga,143,4460226.0,Bajo,1000000,505023,0,Tarjeta,False
3218,75,Bucaramanga,23,7514476.0,Alto,4000000,3843675,60,Libre Destino,False
3219,29,Bucaramanga,110,10262776.0,Medio,1000000,372965,30,Tarjeta,False
3220,31,Bucaramanga,127,10130799.0,Bajo,2000000,1022082,30,Libre Destino,False
3221,62,no_especificada,127,10970638.0,Bajo,8000000,7950060,90,Tarjeta,False
3222,67,Barranquilla,67,9444256.0,Medio,8000000,3760234,0,Tarjeta,False
3223,61,Medellin,89,5375428.0,Alto,4000000,1410358,60,Libre Destino,False
3224,50,Barranquilla,162,10961311.0,Alto,4000000,1771444,0,Libre Destino,False
3225,59,Cali,132,12374602.0,Bajo,1000000,87287,0,Tarjeta,False
3226,54,Barranquilla,88,6626198.0,Medio,4000000,3175251,0,Tarjeta,False
3227,61,Cali,170,7560202.0,Bajo,8000000,500130,90,Tarjeta,False
3228,22,no_especificada,44,6845348.0,Medio,2000000,1178483,90,Tarjeta,False
3229,55,no_especificada,126,6736630.0,Medio,1000000,302027,30,Libre Destino,False
3230,22,Barranquilla,115,2674360.0,Alto,2000000,870233,30,Libre Destino,True
3231,57,Bogota,79,6721547.0,Bajo,2000000,86497,90,Tarjeta,False
3232,30,Barranquilla,105,7665677.0,Alto,8000000,6458315,90,Libre Destino,False
3233,31,Medellin,138,4091995.0,Bajo,8000000,5012543,30,Libre Destino,False
3234,64,Bogota,143,14611257.0,Medio,2000000,24742,0,Tarjeta,False
3235,66,Bogota,83,11893437.0,Bajo,4000000,3771271,30,Tarjeta,False
3236,35,Bogota,115,9655261.0,Alto,12000000,356691,90,Libre Destino,False
3237,22,Barranquilla,61,3042427.0,Alto,4000000,2973591,60,Tarjeta,True
3238,73,no_especificada,159,1775468.0,Medio,8000000,3853974,90,Tarjeta,False
3239,52,Cali,110,2290714.0,Medio,12000000,10647377,0,Tarjeta,False
3240,32,Medellin,154,7151535.0,Medio,4000000,2809302,30,Tarjeta,False
3241,65,Barranquilla,36,11491873.0,Alto,8000000,1585188,60,Tarjeta,False
3242,42,no_especificada,65,14474976.0,Bajo,2000000,478546,30,Libre Destino,False
3243,70,Barranquilla,143,13856788.0,Medio,12000000,4933587,30,Tarjeta,False
3244,57,Medellin,62,9774328.0,Bajo,4000000,3082797,60,Libre Destino,False
3245,52,no_especificada,11,14399028.0,Alto,2000000,1281661,30,Tarjeta,False
3246,72,no_especificada,22,10941895.0,Bajo,8000000,5220870,60,Libre Destino,False
3247,47,no_especificada,25,10706861.0,Alto,4000000,742714,0,Tarjeta,False
3248,62,Bucaramanga,107,12769335.0,Medio,1000000,887415,60,Tarjeta,False
3249,27,no_especificada,76,10429601.0,Alto,12000000,11087463,90,Tarjeta,False
3250,27,Bucaramanga,19,2380007.0,Bajo,8000000,7584515,30,Tarjeta,False
3251,67,no_especificada,67,4220007.0,Medio,2000000,1178733,60,Tarjeta,False
3252,66,Barranquilla,27,6258770.0,Bajo,1000000,974050,0,Tarjeta,False
3253,33,no_especificada,109,8642951.0,Alto,8000000,843943,30,Tarjeta,False
3254,67,Cali,157,3927579.0,Medio,4000000,2911688,0,Tarjeta,False
3255,53,Barranquilla,125,6284531.0,Medio,4000000,1061828,30,Tarjeta,False
3256,60,Bogota,42,2245440.0,Medio,8000000,3136442,60,Tarjeta,False
3257,20,Barranquilla,34,10059728.0,Bajo,8000000,28101,60,Tarjeta,True
3258,37,Medellin,180,13805129.0,Alto,2000000,144087,90,Tarjeta,False
3259,54,Bogota,83,11041065.0,Bajo,2000000,861999,0,Tarjeta,False
3260,26,Cali,44,6981719.0,Medio,8000000,4024242,0,Tarjeta,False
3261,67,Bucaramanga,40,4427301.0,Medio,1000000,211889,30,Libre Destino,False
3262,33,Bucaramanga,95,13015437.0,Alto,2000000,1638689,0,Tarjeta,False
3263,40,Cali,65,2870111.0,Medio,12000000,7144406,60,Libre Destino,False
3264,56,Cali,174,2763432.0,Alto,8000000,2247274,0,Libre Destino,False
3265,61,no_especificada,72,7549109.0,Alto,1000000,702165,90,Libre Destino,False
3266,31,Bucaramanga,81,5178551.0,Alto,8000000,5982105,90,Libre Destino,False
3267,41,Barranquilla,130,7780659.0,Medio,2000000,372983,0,Tarjeta,False
3268,72,Bucaramanga,135,4692906.0,Bajo,1000000,214038,60,Tarjeta,False
3269,49,no_especificada,85,4698006.0,Medio,2000000,1865431,30,Tarjeta,False
3270,18,Bogota,26,3658327.0,Bajo,8000000,3690153,60,Libre Destino,True
3271,40,Cali,23,2210751.0,Alto,12000000,10423480,0,Tarjeta,False
3272,66,Bogota,51,8828647.0,Alto,1000000,63336,0,Libre Destino,False
3273,62,Barranquilla,32,7143581.0,Bajo,2000000,1709577,90,Libre Destino,False
3274,24,no_especificada,14,8892439.0,Medio,2000000,316686,0,Tarjeta,False
3275,31,Bogota,98,11660728.0,Medio,2000000,1959722,0,Libre Destino,False
3276,31,Medellin,84,4300434.0,Medio,8000000,3361398,90,Libre Destino,False
3277,58,Barranquilla,141,13331361.0,Medio,8000000,1681930,0,Libre Destino,False
3278,48,Medellin,137,14702649.0,Alto,12000000,8433358,30,Tarjeta,False
3279,33,Bucaramanga,41,6019938.0,Alto,12000000,3692786,90,Tarjeta,False
3280,61,Bucaramanga,150,13949824.0,Alto,4000000,1162951,60,Libre Destino,False
3281,51,Bucaramanga,132,12857185.0,Alto,2000000,73220,0,Tarjeta,False
3282,48,Cali,106,14457990.0,Alto,2000000,1483854,0,Tarjeta,False
3283,45,no_especificada,28,5374479.0,Medio,1000000,284920,60,Tarjeta,False
3284,35,Bogota,41,12288992.0,Medio,12000000,9254679,0,Tarjeta,False
3285,26,Cali,77,11474865.0,Medio,4000000,1566628,90,Tarjeta,False
3286,50,Medellin,177,1287165.0,Bajo,12000000,8713095,0,Tarjeta,False
3287,49,Bucaramanga,113,14421148.0,Alto,2000000,46089,0,Tarjeta,False
3288,60,Bucaramanga,64,,Medio,8000000,2539041,30,Libre Destino,False
3289,18,Barranquilla,18,13046777.0,Alto,4000000,174117,0,Tarjeta,True
3290,67,Bucaramanga,56,9223520.0,Medio,12000000,6610632,60,Tarjeta,False
3291,49,Medellin,160,10147405.0,Bajo,1000000,864892,0,Tarjeta,False
3292,47,Barranquilla,93,6804282.0,Alto,4000000,2989683,0,Libre Destino,False
3293,53,Bogota,13,9335608.0,Medio,12000000,11501029,60,Libre Destino,False
3294,40,Medellin,146,3183766.0,Alto,12000000,613402,60,Tarjeta,False
3295,43,Barranquilla,132,14268463.0,Medio,12000000,11132914,90,Libre Destino,False
3296,64,no_especificada,33,11663328.0,Alto,8000000,3247079,30,Tarjeta,False
3297,22,Cali,112,4926663.0,Alto,12000000,11565897,0,Tarjeta,True
3298,51,no_especificada,81,5463521.0,Bajo,2000000,1648216,0,Libre Destino,False
3299,41,Cali,125,2720218.0,Alto,8000000,6414579,0,Tarjeta,False
3300,43,Bogota,153,7158309.0,Alto,12000000,9236078,90,Tarjeta,False
3301,47,no_especificada,49,7367055.0,Medio,1000000,427262,0,Tarjeta,False
3302,68,Bucaramanga,27,4394326.0,Alto,4000000,104286,0,Tarjeta,False
3303,31,Bogota,74,4968684.0,Bajo,12000000,11844786,60,Tarjeta,False
3304,25,Cali,86,10153222.0,Medio,1000000,915199,0,Libre Destino,True
3305,30,Medellin,47,2938950.0,Bajo,4000000,3813203,30,Libre Destino,False
3306,49,Medellin,102,6761800.0,Medio,12000000,5846047,0,Libre Destino,False
3307,24,Medellin,158,7621389.0,Bajo,12000000,5873641,60,Libre Destino,True
3308,75,Barranquilla,47,10950769.0,Alto,12000000,4960631,90,Tarjeta,False
3309,55,Medellin,61,9195079.0,Alto,4000000,3975777,30,Tarjeta,False
3310,45,Barranquilla,67,4637885.0,Medio,12000000,6434008,90,Libre Destino,False
3311,34,Bogota,151,11943660.0,Bajo,8000000,6499287,60,Libre Destino,False
3312,30,Cali,136,1220710.0,Alto,12000000,5806579,0,Tarjeta,False
3313,24,Bogota,21,6373997.0,Alto,8000000,531467,30,Tarjeta,False
3314,32,Barranquilla,55,1507196.0,Bajo,8000000,5609802,90,Tarjeta,False
3315,61,Bogota,2,9328337.0,Alto,4000000,1825530,0,Tarjeta,False
3316,25,Bucaramanga,116,3078461.0,Medio,8000000,6542044,0,Tarjeta,True
3317,56,Cali,39,9457932.0,Alto,12000000,2315968,0,Libre Destino,False
3318,52,Bogota,41,2603227.0,Alto,8000000,6695564,0,Tarjeta,False
3319,28,Cali,159,12472587.0,Alto,12000000,3147883,90,Libre Destino,True
3320,74,no_especificada,136,11791827.0,Alto,4000000,2406140,0,Tarjeta,False
3321,30,Bucaramanga,33,13374819.0,Alto,12000000,4201394,0,Libre Destino,False
3322,49,Bucaramanga,112,7707430.0,Alto,8000000,6546244,0,Libre Destino,False
3323,48,Barranquilla,5,6085201.0,Medio,12000000,8766104,90,Tarjeta,False
3324,18,no_especificada,176,4025530.0,Medio,4000000,3410013,90,Tarjeta,True
3325,49,Medellin,71,11797560.0,Bajo,8000000,2098674,60,Tarjeta,False
3326,68,Bucaramanga,116,3998770.0,Medio,4000000,3342451,90,Tarjeta,False
3327,63,Bogota,143,14970414.0,Bajo,2000000,696280,0,Tarjeta,False
3328,71,Cali,116,4272268.0,Alto,12000000,11206081,90,Tarjeta,False
3329,47,Cali,17,8871907.0,Medio,4000000,3857410,0,Tarjeta,False
3330,61,Medellin,10,2997294.0,Medio,1000000,199007,90,Libre Destino,False
3331,35,no_especificada,130,9656057.0,Alto,1000000,858659,0,Libre Destino,False
3332,66,Bogota,79,6943358.0,Bajo,1000000,607249,90,Tarjeta,False
3333,75,Medellin,165,12317833.0,Bajo,4000000,991135,90,Tarjeta,False
3334,37,Bogota,143,12487196.0,Alto,1000000,817455,60,Tarjeta,False
3335,54,Bucaramanga,159,13368363.0,Medio,1000000,194255,0,Tarjeta,False
3336,20,Medellin,71,2060017.0,Medio,8000000,4340128,0,Tarjeta,True
3337,68,Barranquilla,53,3115913.0,Alto,12000000,10180445,90,Libre Destino,False
3338,23,Bucaramanga,145,5267649.0,Medio,1000000,372519,0,Libre Destino,True
3339,26,Cali,76,3049651.0,Bajo,12000000,3477110,30,Libre Destino,False
3340,58,Cali,121,13420945.0,Alto,2000000,147475,30,Tarjeta,False
3341,26,no_especificada,91,5540101.0,Medio,12000000,5346669,30,Tarjeta,False
3342,21,Bogota,160,14140292.0,Medio,2000000,1880004,0,Libre Destino,True
3343,61,Cali,44,4341373.0,Medio,2000000,846412,60,Libre Destino,False
3344,28,no_especificada,91,13525998.0,Alto,4000000,1264878,60,Tarjeta,False
3345,66,Bucaramanga,176,1394263.0,Alto,2000000,707803,30,Tarjeta,False
3346,55,Medellin,19,1245243.0,Bajo,2000000,915199,90,Libre Destino,False
3347,36,Bucaramanga,15,12183082.0,Bajo,1000000,382883,0,Tarjeta,False
3348,53,Cali,27,5117293.0,Bajo,2000000,899579,0,Libre Destino,False
3349,56,Barranquilla,161,7067199.0,Medio,1000000,145837,0,Tarjeta,False
3350,71,Barranquilla,40,2864404.0,Medio,4000000,3255532,0,Tarjeta,False
3351,47,Barranquilla,31,3490665.0,Medio,12000000,7479240,30,Libre Destino,False
3352,75,Bucaramanga,169,4640498.0,Medio,12000000,4995599,0,Tarjeta,False
3353,18,Bucaramanga,19,7389126.0,Alto,8000000,4613302,60,Libre Destino,True
3354,44,Bucaramanga,78,10688055.0,Alto,8000000,5276612,90,Libre Destino,False
3355,46,no_especificada,31,12099188.0,Alto,2000000,1183784,0,Tarjeta,False
3356,38,Bucaramanga,146,12631426.0,Bajo,4000000,3187321,0,Tarjeta,False
3357,73,Cali,145,5577995.0,Bajo,4000000,3525210,90,Tarjeta,False
3358,35,no_especificada,147,3342492.0,Medio,8000000,1335576,0,Tarjeta,False
3359,68,no_especificada,81,5099791.0,Bajo,12000000,7664613,30,Libre Destino,False
3360,22,Medellin,166,9875603.0,Bajo,1000000,859775,0,Tarjeta,True
3361,28,no_especificada,123,4784609.0,Bajo,12000000,10350576,30,Tarjeta,True
3362,72,Bucaramanga,55,12974847.0,Medio,1000000,211824,0,Libre Destino,False
3363,33,Cali,86,14115371.0,Bajo,8000000,1901198,0,Tarjeta,False
3364,29,Bogota,100,8717776.0,Bajo,12000000,9069535,30,Libre Destino,False
3365,25,Bucaramanga,17,4438387.0,Bajo,4000000,623289,90,Tarjeta,False
3366,18,Cali,175,12597916.0,Alto,4000000,3262277,0,Tarjeta,True
3367,59,no_especificada,148,8614730.0,Alto,4000000,1947451,0,Tarjeta,False
3368,69,Cali,14,6040559.0,Bajo,2000000,1387261,30,Tarjeta,False
3369,63,no_especificada,144,12954976.0,Medio,12000000,10853356,0,Libre Destino,False
3370,63,no_especificada,78,3542195.0,Medio,1000000,159480,90,Tarjeta,False
3371,43,Bogota,104,5946259.0,Medio,2000000,1562532,30,Libre Destino,False
3372,39,Bogota,163,10481929.0,Medio,1000000,24591,60,Libre Destino,False
3373,46,Cali,32,4295967.0,Alto,4000000,3922957,60,Tarjeta,False
3374,53,Medellin,14,4862847.0,Bajo,1000000,816084,90,Libre Destino,False
3375,73,no_especificada,37,13739332.0,Bajo,1000000,324931,90,Tarjeta,False
3376,27,Bogota,59,8808295.0,Medio,8000000,5520314,0,Tarjeta,False
3377,45,Medellin,69,1483000.0,Bajo,12000000,11449799,0,Tarjeta,False
3378,62,no_especificada,103,7527931.0,Medio,1000000,80610,60,Tarjeta,False
3379,27,Bogota,17,9983597.0,Bajo,12000000,9613530,60,Tarjeta,False
3380,53,no_especificada,61,11821041.0,Medio,2000000,756784,60,Tarjeta,False
3381,52,Medellin,68,3638514.0,Alto,8000000,1334681,0,Tarjeta,False
3382,56,Bogota,56,4716730.0,Medio,1000000,770530,0,Tarjeta,False
3383,42,Cali,127,4837615.0,Alto,12000000,10159020,0,Libre Destino,False
3384,72,Barranquilla,165,8489386.0,Bajo,8000000,1562917,90,Libre Destino,False
3385,20,Medellin,74,12538854.0,Bajo,8000000,6714384,0,Tarjeta,True
3386,40,no_especificada,34,13665623.0,Bajo,4000000,2199068,0,Tarjeta,False
3387,70,Barranquilla,179,10403680.0,Bajo,1000000,25649,90,Tarjeta,False
3388,71,Bogota,73,2020691.0,Medio,2000000,1625168,0,Tarjeta,False
3389,37,Medellin,46,5329915.0,Bajo,2000000,496698,0,Tarjeta,False
3390,38,no_especificada,35,1901002.0,Bajo,1000000,646763,30,Tarjeta,False
3391,49,Bogota,76,10570387.0,Alto,4000000,661981,0,Tarjeta,False
3392,59,no_especificada,113,7219050.0,Bajo,2000000,1907129,0,Tarjeta,False
3393,71,no_especificada,151,1383035.0,Medio,1000000,995894,0,Tarjeta,False
3394,33,Medellin,169,13485891.0,Medio,1000000,730331,60,Libre Destino,False
3395,54,no_especificada,84,9999962.0,Medio,12000000,10764362,0,Tarjeta,False
3396,54,Bogota,117,5791959.0,Alto,8000000,4399532,0,Libre Destino,False
3397,55,Bogota,165,6034298.0,Medio,2000000,1302690,60,Libre Destino,False
3398,34,Barranquilla,173,9610954.0,Medio,12000000,4803958,30,Tarjeta,False
3399,58,Barranquilla,35,14636959.0,Alto,8000000,5998262,0,Tarjeta,False
3400,60,Bucaramanga,132,12521648.0,Medio,4000000,2222024,90,Tarjeta,False
3401,59,Bogota,99,13855328.0,Alto,1000000,530303,30,Libre Destino,False
3402,70,Medellin,24,1938587.0,Medio,2000000,1719320,0,Tarjeta,False
3403,19,no_especificada,3,3287877.0,Alto,8000000,2715575,30,Libre Destino,False
3404,71,Cali,119,3164554.0,Alto,8000000,20664,60,Tarjeta,False
3405,29,Barranquilla,163,2217104.0,Alto,12000000,3919487,30,Libre Destino,True
3406,51,Bogota,45,8508482.0,Medio,1000000,964888,30,Libre Destino,False
3407,39,Bucaramanga,173,14623666.0,Medio,2000000,1185099,0,Libre Destino,False
3408,34,Bucaramanga,6,9924068.0,Medio,8000000,1259130,0,Libre Destino,False
3409,60,Bucaramanga,142,4787968.0,Medio,1000000,710144,60,Libre Destino,False
3410,37,Cali,106,7648745.0,Medio,1000000,347268,90,Libre Destino,False
3411,29,no_especificada,52,1412215.0,Bajo,2000000,1223474,0,Tarjeta,False
3412,36,Bogota,81,5303756.0,Medio,1000000,721194,0,Tarjeta,False
3413,64,Bucaramanga,114,6638661.0,Medio,2000000,980967,90,Libre Destino,False
3414,31,Bucaramanga,71,10124800.0,Medio,1000000,492103,90,Libre Destino,False
3415,67,Barranquilla,42,6433710.0,Alto,1000000,267728,0,Tarjeta,False
3416,70,Bucaramanga,111,13153409.0,Alto,2000000,1893743,0,Tarjeta,False
3417,24,Medellin,122,3418497.0,Bajo,8000000,2099970,0,Tarjeta,True
3418,60,Medellin,70,4930907.0,Alto,8000000,1377185,60,Libre Destino,False
3419,40,Barranquilla,135,8033099.0,Bajo,8000000,3971302,60,Tarjeta,False
3420,37,Cali,18,12305530.0,Alto,2000000,779039,90,Tarjeta,False
3421,35,Medellin,94,11720907.0,Bajo,2000000,15699,0,Libre Destino,False
3422,25,Cali,166,8435070.0,Medio,12000000,2940052,0,Libre Destino,True
3423,25,Bucaramanga,64,3956294.0,Alto,2000000,890028,90,Tarjeta,False
3424,34,Bogota,162,7064470.0,Alto,12000000,7028636,0,Libre Destino,False
3425,41,Medellin,70,,Medio,2000000,1926660,0,Tarjeta,False
3426,52,no_especificada,115,3552014.0,Alto,4000000,2689561,90,Tarjeta,False
3427,40,Barranquilla,96,11819054.0,Alto,8000000,6067521,90,Tarjeta,False
3428,69,no_especificada,141,8357936.0,Medio,4000000,2661833,30,Tarjeta,False
3429,49,Barranquilla,46,14186361.0,Medio,12000000,8020762,0,Tarjeta,False
3430,59,Cali,42,1492273.0,Bajo,8000000,5767883,0,Tarjeta,False
3431,58,Bogota,27,12836401.0,Medio,4000000,420047,0,Tarjeta,False
3432,70,Medellin,23,2336115.0,Medio,4000000,461689,0,Libre Destino,False
3433,50,Medellin,146,5682078.0,Alto,1000000,144848,0,Libre Destino,False
3434,20,Barranquilla,25,6496413.0,Medio,12000000,3996722,0,Libre Destino,True
3435,64,Cali,158,10736267.0,Alto,8000000,2019880,0,Tarjeta,False
3436,37,Medellin,107,3801082.0,Medio,4000000,2555730,0,Libre Destino,False
3437,58,Bucaramanga,38,2293826.0,Alto,2000000,1230413,90,Tarjeta,False
3438,65,Bogota,24,11131846.0,Medio,8000000,5457629,0,Libre Destino,False
3439,35,Bucaramanga,105,11677174.0,Medio,8000000,4594221,30,Libre Destino,False
3440,60,Bucaramanga,104,7767443.0,Alto,4000000,2542200,0,Libre Destino,False
3441,73,no_especificada,70,8230217.0,Alto,2000000,130878,0,Tarjeta,False
3442,32,Bogota,177,10150740.0,Bajo,1000000,799211,0,Tarjeta,True
3443,75,Cali,66,5879342.0,Bajo,2000000,928253,0,Tarjeta,False
3444,40,Bucaramanga,22,12045160.0,Bajo,1000000,573584,0,Tarjeta,False
3445,22,Bucaramanga,54,6102617.0,Bajo,8000000,4349737,0,Tarjeta,True
3446,46,Bucaramanga,119,7291027.0,Medio,2000000,1061778,0,Tarjeta,False
3447,35,Bucaramanga,111,5472082.0,Medio,4000000,3070608,60,Tarjeta,False
3448,65,Cali,71,5748964.0,Medio,1000000,455078,0,Tarjeta,False
3449,59,Cali,101,4591518.0,Alto,4000000,33318,30,Libre Destino,False
3450,24,no_especificada,143,12219916.0,Medio,2000000,1431598,30,Tarjeta,True
3451,48,Barranquilla,140,11384906.0,Bajo,1000000,355154,0,Tarjeta,False
3452,55,Bucaramanga,171,14351294.0,Alto,4000000,3886024,30,Libre Destino,False
3453,49,Cali,21,8665278.0,Alto,1000000,876480,90,Tarjeta,False
3454,57,Cali,163,13945246.0,Medio,2000000,1193658,30,Tarjeta,False
3455,22,Bucaramanga,143,3673029.0,Medio,12000000,7172662,90,Libre Destino,True
3456,36,Bucaramanga,26,14732787.0,Medio,1000000,693894,0,Tarjeta,False
3457,49,Medellin,115,9532126.0,Alto,8000000,6798444,60,Libre Destino,False
3458,71,Medellin,133,5248763.0,Bajo,1000000,183097,0,Tarjeta,False
3459,61,no_especificada,13,3790875.0,Alto,4000000,2883095,0,Libre Destino,False
3460,62,no_especificada,64,8019365.0,Medio,2000000,1135477,90,Tarjeta,False
3461,57,Medellin,108,10313166.0,Medio,12000000,9678581,0,Tarjeta,False
3462,30,Medellin,134,3826987.0,Medio,2000000,1411937,0,Libre Destino,False
3463,36,Medellin,30,9555294.0,Medio,8000000,6332477,60,Libre Destino,False
3464,59,Bogota,91,2366760.0,Alto,1000000,308024,90,Libre Destino,False
3465,57,no_especificada,71,8546135.0,Medio,8000000,2411886,90,Tarjeta,False
3466,27,Cali,101,3407775.0,Medio,12000000,11094400,0,Libre Destino,False
3467,38,Barranquilla,136,3555536.0,Alto,8000000,364011,90,Libre Destino,False
3468,57,Medellin,69,7798293.0,Bajo,12000000,11284557,90,Tarjeta,False
3469,46,Barranquilla,64,5567033.0,Medio,4000000,3207387,0,Libre Destino,False
3470,55,Cali,50,2159884.0,Medio,12000000,1030894,0,Tarjeta,False
3471,36,Cali,118,7158113.0,Medio,4000000,1935187,60,Tarjeta,False
3472,24,Barranquilla,152,3201337.0,Bajo,12000000,11579984,0,Libre Destino,True
3473,60,Bogota,42,3556910.0,Bajo,8000000,5344804,0,Tarjeta,False
3474,73,no_especificada,175,11815332.0,Medio,2000000,1579963,0,Libre Destino,False
3475,56,Medellin,146,4775968.0,Medio,12000000,1363344,0,Libre Destino,False
3476,27,no_especificada,43,4544091.0,Bajo,12000000,3263030,60,Tarjeta,False
3477,72,Bucaramanga,170,13175165.0,Alto,2000000,1530054,0,Tarjeta,False
3478,33,Bucaramanga,27,6092522.0,Medio,12000000,6188327,0,Tarjeta,False
3479,29,Bogota,150,11863114.0,Bajo,1000000,681313,90,Tarjeta,True
3480,57,Bogota,81,3984442.0,Alto,2000000,717783,90,Tarjeta,False
3481,30,Bucaramanga,76,9510648.0,Alto,4000000,782494,90,Tarjeta,False
3482,35,Barranquilla,95,7660862.0,Alto,2000000,479221,90,Tarjeta,False
3483,50,Cali,93,2844313.0,Medio,1000000,250487,0,Tarjeta,False
3484,26,no_especificada,50,8332459.0,Alto,12000000,8554467,0,Libre Destino,False
3485,54,no_especificada,57,13485801.0,Bajo,2000000,216000,0,Tarjeta,False
3486,64,Cali,129,10991752.0,Bajo,2000000,1648372,30,Libre Destino,False
3487,67,Bogota,4,5842689.0,Bajo,8000000,7237429,0,Libre Destino,False
3488,42,Bucaramanga,86,9224282.0,Bajo,2000000,307844,30,Tarjeta,False
3489,51,Bucaramanga,88,7997989.0,Bajo,4000000,2495751,0,Tarjeta,False
3490,38,Medellin,129,10523838.0,Bajo,2000000,137844,30,Libre Destino,False
3491,24,Cali,130,2012855.0,Bajo,12000000,3691109,0,Tarjeta,True
3492,38,Barranquilla,66,4480557.0,Alto,8000000,3674477,60,Libre Destino,False
3493,47,Bogota,23,8671983.0,Alto,4000000,2953732,90,Tarjeta,False
3494,46,Cali,140,5959205.0,Alto,4000000,1383621,90,Tarjeta,False
3495,39,no_especificada,64,2456503.0,Alto,8000000,5314618,30,Tarjeta,False
3496,54,Barranquilla,105,8221603.0,Alto,4000000,1111047,30,Libre Destino,False
3497,72,Cali,119,8263051.0,Bajo,12000000,10839532,30,Libre Destino,False
3498,72,Bogota,97,3410171.0,Bajo,2000000,295489,60,Tarjeta,False
3499,63,no_especificada,106,9662735.0,Alto,8000000,5176769,60,Tarjeta,False
3500,74,Barranquilla,73,5076047.0,Bajo,8000000,5817916,60,Tarjeta,False
3501,22,Cali,90,3264284.0,Bajo,8000000,6437331,0,Tarjeta,True
3502,19,no_especificada,2,7794114.0,Bajo,8000000,3265629,0,Tarjeta,False
3503,63,Barranquilla,158,2217556.0,Bajo,1000000,445504,60,Tarjeta,False
3504,39,Bucaramanga,19,11884816.0,Alto,4000000,2174297,60,Libre Destino,False
3505,67,Medellin,153,8309862.0,Medio,12000000,10504778,0,Libre Destino,False
3506,28,no_especificada,108,9130416.0,Alto,1000000,235138,90,Tarjeta,False
3507,64,Medellin,12,12775725.0,Alto,8000000,6038763,0,Libre Destino,False
3508,24,no_especificada,108,2779805.0,Medio,8000000,1320912,60,Libre Destino,True
3509,52,Bucaramanga,135,4679158.0,Bajo,1000000,145221,30,Tarjeta,False
3510,47,Bucaramanga,77,12632748.0,Medio,2000000,1543884,0,Tarjeta,False
3511,45,Bucaramanga,152,11107981.0,Medio,4000000,582685,0,Tarjeta,False
3512,63,Barranquilla,60,5916397.0,Alto,2000000,564312,0,Libre Destino,False
3513,75,Medellin,161,11747432.0,Alto,4000000,2268497,90,Libre Destino,False
3514,20,Medellin,25,7899037.0,Bajo,8000000,7364018,90,Libre Destino,True
3515,53,Bucaramanga,108,11179531.0,Bajo,8000000,6372385,90,Tarjeta,False
3516,37,Medellin,73,10272173.0,Bajo,1000000,590282,0,Tarjeta,False
3517,46,no_especificada,12,13378635.0,Medio,12000000,6946986,0,Libre Destino,False
3518,73,Bogota,26,9651427.0,Medio,12000000,8741040,90,Tarjeta,False
3519,27,Bucaramanga,2,9039735.0,Alto,2000000,1743007,0,Tarjeta,False
3520,47,no_especificada,108,13687935.0,Bajo,1000000,487815,90,Tarjeta,False
3521,61,Barranquilla,25,5960488.0,Medio,4000000,1583216,90,Tarjeta,False
3522,75,Medellin,171,7530677.0,Medio,4000000,3166318,0,Libre Destino,False
3523,33,no_especificada,26,7508796.0,Bajo,8000000,903010,0,Tarjeta,False
3524,47,Medellin,135,2496646.0,Medio,1000000,962234,30,Libre Destino,False
3525,66,Cali,42,5544811.0,Bajo,2000000,814966,30,Libre Destino,False
3526,53,Barranquilla,46,5691410.0,Medio,12000000,11192633,0,Tarjeta,False
3527,60,Bucaramanga,63,7903573.0,Alto,1000000,88932,60,Tarjeta,False
3528,75,Barranquilla,117,2488495.0,Bajo,8000000,1676063,0,Libre Destino,False
3529,38,Bucaramanga,171,10213421.0,Bajo,4000000,3392213,0,Libre Destino,False
3530,52,Bucaramanga,71,7881448.0,Alto,4000000,3931027,0,Tarjeta,False
3531,28,Cali,10,9381926.0,Medio,12000000,4948258,0,Tarjeta,False
3532,48,Cali,37,12296174.0,Bajo,1000000,568671,0,Tarjeta,False
3533,70,Barranquilla,68,7273794.0,Bajo,1000000,324174,0,Libre Destino,False
3534,64,no_especificada,94,7084423.0,Alto,4000000,2141663,30,Tarjeta,False
3535,47,Bogota,144,5996857.0,Medio,12000000,10689027,0,Tarjeta,False
3536,53,Medellin,118,1798971.0,Medio,1000000,982159,0,Libre Destino,False
3537,48,no_especificada,3,1371225.0,Alto,12000000,4178305,0,Tarjeta,False
3538,51,Barranquilla,59,3891065.0,Medio,8000000,4868047,0,Tarjeta,False
3539,71,Bogota,12,1786431.0,Bajo,2000000,379504,30,Libre Destino,False
3540,70,Cali,132,2820314.0,Medio,2000000,1216071,0,Libre Destino,False
3541,45,Barranquilla,23,5460216.0,Medio,12000000,4212190,0,Tarjeta,False
3542,35,Cali,144,10169363.0,Alto,1000000,993820,0,Tarjeta,False
3543,40,no_especificada,175,14192770.0,Alto,8000000,4272023,30,Tarjeta,False
3544,71,Barranquilla,41,3463913.0,Medio,8000000,578914,60,Tarjeta,False
3545,51,Bucaramanga,89,11109335.0,Bajo,8000000,5748483,0,Libre Destino,False
3546,65,no_especificada,155,5054931.0,Bajo,4000000,1083465,0,Tarjeta,False
3547,20,Medellin,172,8642928.0,Alto,2000000,1696979,0,Libre Destino,True
3548,48,Barranquilla,39,4838722.0,Bajo,8000000,2563547,90,Tarjeta,False
3549,70,Barranquilla,86,12055796.0,Bajo,1000000,796582,0,Libre Destino,False
3550,74,Bucaramanga,24,11082913.0,Alto,4000000,93896,90,Libre Destino,False
3551,34,Bucaramanga,49,11374318.0,Medio,2000000,1823956,30,Tarjeta,False
3552,61,Cali,114,12224784.0,Alto,2000000,922873,0,Tarjeta,False
3553,62,Medellin,31,1481304.0,Alto,4000000,1460634,90,Tarjeta,False
3554,22,Cali,64,10871874.0,Medio,12000000,240448,60,Tarjeta,True
3555,63,Bucaramanga,27,9066285.0,Bajo,2000000,545717,90,Tarjeta,False
3556,32,no_especificada,43,4649534.0,Bajo,4000000,1213067,0,Tarjeta,False
3557,60,Medellin,35,11574034.0,Medio,4000000,309964,0,Tarjeta,False
3558,44,Cali,83,7935132.0,Alto,1000000,405060,30,Libre Destino,False
3559,72,Barranquilla,11,4046734.0,Alto,4000000,36267,90,Libre Destino,False
3560,35,Cali,57,10911146.0,Medio,8000000,1426935,90,Tarjeta,False
3561,39,no_especificada,16,14092403.0,Medio,4000000,2134077,0,Libre Destino,False
3562,19,Bogota,116,,Alto,1000000,66565,90,Tarjeta,True
3563,32,Cali,120,1358927.0,Bajo,4000000,1451036,0,Libre Destino,False
3564,44,Cali,176,12578724.0,Bajo,12000000,7349804,60,Libre Destino,False
3565,43,Barranquilla,166,8892785.0,Bajo,8000000,4577196,30,Libre Destino,False
3566,35,Barranquilla,129,9632480.0,Bajo,2000000,1540007,90,Tarjeta,False
3567,31,Bogota,88,7219253.0,Bajo,12000000,7775309,90,Tarjeta,False
3568,58,Barranquilla,149,1686766.0,Medio,4000000,2901778,30,Tarjeta,False
3569,20,Bucaramanga,47,10364405.0,Alto,1000000,912393,90,Tarjeta,True
3570,47,no_especificada,125,1272385.0,Medio,8000000,6397815,0,Tarjeta,False
3571,54,Cali,122,4497573.0,Alto,1000000,435335,0,Tarjeta,False
3572,75,no_especificada,102,2232092.0,Alto,2000000,728967,0,Libre Destino,False
3573,38,Cali,56,1952281.0,Medio,1000000,203871,60,Libre Destino,False
3574,69,Bucaramanga,28,14712653.0,Alto,1000000,413721,0,Tarjeta,False
3575,64,Medellin,9,6018839.0,Bajo,2000000,1801221,60,Libre Destino,False
3576,61,Bogota,139,5994717.0,Alto,4000000,513759,30,Tarjeta,False
3577,28,no_especificada,101,8600768.0,Medio,2000000,189772,90,Tarjeta,False
3578,68,Bogota,113,1563877.0,Medio,8000000,2927936,0,Tarjeta,False
3579,41,Bogota,38,9290711.0,Medio,8000000,3888156,90,Tarjeta,False
3580,21,Cali,131,12561702.0,Medio,12000000,5761416,0,Tarjeta,True
3581,69,Bogota,46,9072213.0,Medio,8000000,7497622,30,Tarjeta,False
3582,53,Bucaramanga,111,14747134.0,Medio,1000000,323777,0,Libre Destino,False
3583,60,Medellin,102,8798045.0,Bajo,2000000,1623592,0,Tarjeta,False
3584,19,Cali,158,11049409.0,Medio,4000000,1701955,0,Libre Destino,True
3585,44,no_especificada,62,5194299.0,Alto,8000000,6075296,0,Tarjeta,False
3586,33,Barranquilla,90,8228484.0,Alto,2000000,1966007,0,Tarjeta,False
3587,36,Cali,105,4792912.0,Medio,12000000,3742329,0,Tarjeta,False
3588,30,Bucaramanga,60,13309585.0,Alto,2000000,90960,30,Tarjeta,False
3589,49,Medellin,160,10930034.0,Medio,4000000,3170222,60,Tarjeta,False
3590,39,Cali,85,7444651.0,Bajo,12000000,1880267,0,Tarjeta,False
3591,34,Medellin,117,8380538.0,Bajo,2000000,1903142,0,Libre Destino,False
3592,66,Cali,83,13274510.0,Bajo,8000000,3880755,60,Tarjeta,False
3593,25,Bogota,53,13937147.0,Alto,1000000,822681,30,Libre Destino,False
3594,21,Bogota,53,10900936.0,Alto,8000000,3610522,30,Tarjeta,True
3595,65,no_especificada,154,4324142.0,Medio,12000000,9101334,30,Tarjeta,False
3596,37,Bogota,14,3719936.0,Bajo,2000000,1473080,30,Libre Destino,False
3597,36,Bogota,98,9770440.0,Medio,4000000,531406,60,Libre Destino,False
3598,53,Barranquilla,175,13597344.0,Alto,4000000,34867,60,Tarjeta,False
3599,49,Bogota,15,9120920.0,Bajo,8000000,4982734,0,Tarjeta,False
3600,37,Cali,155,11563620.0,Medio,2000000,1109332,30,Tarjeta,False
3601,71,Medellin,97,2053173.0,Bajo,1000000,666759,90,Tarjeta,False
3602,53,Bogota,158,2179469.0,Alto,4000000,764929,30,Tarjeta,False
3603,50,Cali,27,7773604.0,Medio,1000000,275257,30,Libre Destino,False
3604,32,Medellin,121,5905196.0,Alto,8000000,6193337,0,Libre Destino,False
3605,69,Medellin,168,12366219.0,Alto,12000000,6057322,90,Libre Destino,False
3606,48,Medellin,96,2369077.0,Bajo,12000000,1707766,0,Libre Destino,False
3607,29,Bucaramanga,153,11897574.0,Bajo,8000000,6305477,60,Tarjeta,True
3608,28,Medellin,107,5959470.0,Bajo,2000000,1878026,0,Tarjeta,False
3609,73,Bogota,36,11411684.0,Medio,1000000,475380,0,Tarjeta,False
3610,36,Cali,48,13010608.0,Alto,1000000,838412,30,Libre Destino,False
3611,68,Barranquilla,24,11282089.0,Bajo,1000000,531403,30,Tarjeta,False
3612,48,Barranquilla,158,13025866.0,Alto,4000000,1644626,0,Tarjeta,False
3613,63,Medellin,11,9302680.0,Bajo,8000000,3276229,0,Libre Destino,False
3614,47,Cali,177,5480826.0,Bajo,4000000,1920323,0,Libre Destino,False
3615,55,no_especificada,120,7222735.0,Bajo,1000000,351013,30,Tarjeta,False
3616,64,no_especificada,156,10146116.0,Alto,4000000,2519676,0,Libre Destino,False
3617,60,Cali,16,5382435.0,Alto,4000000,2552832,60,Tarjeta,False
3618,23,Bucaramanga,58,4369280.0,Medio,12000000,2248563,0,Tarjeta,False
3619,70,Bogota,63,6829365.0,Medio,4000000,2109963,90,Tarjeta,False
3620,59,no_especificada,29,5186805.0,Alto,4000000,2360720,0,Libre Destino,False
3621,25,Bogota,113,10589727.0,Bajo,4000000,3637325,0,Tarjeta,True
3622,37,Cali,161,4563263.0,Bajo,1000000,957842,30,Tarjeta,False
3623,43,Barranquilla,98,8893126.0,Alto,2000000,1298923,30,Tarjeta,False
3624,71,Bogota,88,13542148.0,Medio,1000000,356925,0,Libre Destino,False
3625,46,Barranquilla,87,9450655.0,Bajo,4000000,856665,30,Tarjeta,False
3626,70,Bucaramanga,120,6552874.0,Bajo,1000000,485598,30,Tarjeta,False
3627,29,Medellin,146,11227518.0,Medio,2000000,188261,90,Tarjeta,True
3628,66,Medellin,6,3061621.0,Medio,1000000,469006,90,Libre Destino,False
3629,26,Medellin,45,3277293.0,Bajo,8000000,199248,60,Tarjeta,False
3630,75,Cali,142,12246627.0,Alto,4000000,3792573,0,Tarjeta,False
3631,49,Bucaramanga,33,10230752.0,Bajo,12000000,11220545,0,Tarjeta,False
3632,74,Medellin,42,12739041.0,Bajo,2000000,901242,0,Tarjeta,False
3633,20,Bogota,126,9077636.0,Alto,1000000,790677,0,Libre Destino,True
3634,62,Barranquilla,82,10992931.0,Bajo,4000000,1762433,60,Tarjeta,False
3635,36,Barranquilla,52,10736625.0,Medio,2000000,1805383,0,Tarjeta,False
3636,67,Bucaramanga,120,13161366.0,Alto,4000000,14670,60,Tarjeta,False
3637,48,Bogota,132,9303176.0,Medio,8000000,309055,30,Tarjeta,False
3638,70,no_especificada,151,12077729.0,Medio,1000000,135069,0,Tarjeta,False
3639,72,Bogota,6,8529377.0,Medio,1000000,954426,90,Tarjeta,False
3640,46,no_especificada,78,8238323.0,Bajo,2000000,317791,60,Libre Destino,False
3641,73,Barranquilla,55,14221985.0,Alto,2000000,1545399,0,Libre Destino,False
3642,63,no_especificada,156,2266233.0,Alto,12000000,10358721,30,Tarjeta,False
3643,62,Bucaramanga,16,4790546.0,Medio,12000000,9920272,0,Tarjeta,False
3644,56,Barranquilla,23,7374417.0,Medio,12000000,11095628,90,Tarjeta,False
3645,75,Cali,149,9158015.0,Alto,8000000,1719457,0,Tarjeta,False
3646,47,Bucaramanga,146,3579989.0,Bajo,8000000,377022,90,Tarjeta,False
3647,59,Bogota,11,4292984.0,Alto,1000000,407714,60,Libre Destino,False
3648,49,Medellin,172,6487637.0,Bajo,2000000,532986,30,Tarjeta,False
3649,70,Medellin,92,3160043.0,Alto,8000000,4404399,0,Libre Destino,False
3650,47,Bucaramanga,141,4851036.0,Alto,2000000,1569872,30,Libre Destino,False
3651,32,no_especificada,179,13355174.0,Alto,12000000,9200498,0,Tarjeta,True
3652,65,Medellin,84,8221355.0,Medio,8000000,5868168,90,Tarjeta,False
3653,53,Bogota,39,14609740.0,Bajo,1000000,945397,0,Tarjeta,False
3654,54,Bucaramanga,49,10202455.0,Alto,12000000,165759,60,Tarjeta,False
3655,39,Cali,109,12885196.0,Alto,12000000,6311106,0,Tarjeta,False
3656,56,Bogota,124,11322356.0,Medio,1000000,905560,90,Tarjeta,False
3657,24,no_especificada,142,6711819.0,Alto,1000000,78658,0,Tarjeta,True
3658,27,Barranquilla,53,7302692.0,Alto,1000000,942028,0,Tarjeta,False
3659,40,Cali,128,10790406.0,Bajo,4000000,2825844,90,Tarjeta,False
3660,67,Bogota,78,11527234.0,Bajo,4000000,2170523,0,Libre Destino,False
3661,62,Medellin,76,9657638.0,Medio,1000000,913606,30,Tarjeta,False
3662,49,Cali,82,11753315.0,Alto,12000000,9602451,60,Tarjeta,False
3663,20,Bucaramanga,178,5804542.0,Alto,1000000,137019,30,Libre Destino,True
3664,19,Barranquilla,172,13307542.0,Medio,2000000,1897572,60,Tarjeta,True
3665,45,Medellin,83,6420803.0,Medio,8000000,4766840,90,Libre Destino,False
3666,59,Medellin,21,4144932.0,Bajo,4000000,3362141,90,Libre Destino,False
3667,37,Bucaramanga,159,13548931.0,Medio,2000000,921564,0,Tarjeta,False
3668,52,no_especificada,42,3070099.0,Alto,4000000,357128,90,Tarjeta,False
3669,26,no_especificada,78,5883516.0,Medio,4000000,3649480,30,Tarjeta,False
3670,20,Bucaramanga,97,12869046.0,Bajo,4000000,3146609,90,Libre Destino,True
3671,22,Bogota,175,1295582.0,Medio,1000000,392030,0,Libre Destino,True
3672,30,Medellin,103,11483807.0,Alto,1000000,820450,0,Tarjeta,False
3673,27,Medellin,12,10856201.0,Alto,1000000,11426,0,Tarjeta,False
3674,51,Bucaramanga,128,7107254.0,Alto,12000000,8683757,0,Libre Destino,False
3675,31,no_especificada,124,7299740.0,Bajo,1000000,244837,0,Tarjeta,False
3676,70,Medellin,123,1679661.0,Medio,8000000,5471003,0,Tarjeta,False
3677,49,Barranquilla,174,4904188.0,Alto,12000000,7016732,30,Libre Destino,False
3678,35,Barranquilla,98,7055916.0,Medio,12000000,1461711,0,Tarjeta,False
3679,61,Cali,4,5642111.0,Alto,12000000,4461241,60,Tarjeta,False
3680,58,Bucaramanga,3,3669523.0,Bajo,4000000,1831604,0,Tarjeta,False
3681,41,Medellin,81,4901695.0,Bajo,12000000,7844107,90,Tarjeta,False
3682,45,Medellin,35,13338909.0,Alto,8000000,6093305,0,Libre Destino,False
3683,56,Medellin,56,12374978.0,Bajo,4000000,640540,60,Tarjeta,False
3684,72,Bogota,28,8206332.0,Bajo,12000000,7742146,0,Tarjeta,False
3685,65,no_especificada,143,7404040.0,Bajo,1000000,481514,60,Tarjeta,False
3686,21,Medellin,98,8193149.0,Medio,1000000,811566,0,Tarjeta,True
3687,75,Medellin,164,11891635.0,Medio,2000000,64320,30,Tarjeta,False
3688,58,Barranquilla,51,2563493.0,Bajo,2000000,1504013,30,Tarjeta,False
3689,45,Bogota,145,4694138.0,Bajo,12000000,9912600,90,Tarjeta,False
3690,43,Cali,164,14659227.0,Medio,1000000,690136,0,Tarjeta,False
3691,44,Cali,31,11384212.0,Alto,12000000,3356905,0,Tarjeta,False
3692,32,no_especificada,145,3959354.0,Medio,1000000,104997,60,Libre Destino,False
3693,59,Barranquilla,90,14377707.0,Alto,12000000,10260731,0,Tarjeta,False
3694,43,Barranquilla,163,10050329.0,Alto,4000000,2038667,0,Tarjeta,False
3695,47,Barranquilla,57,11323271.0,Alto,12000000,10814147,30,Tarjeta,False
3696,23,Bogota,148,7955543.0,Alto,2000000,1604074,30,Libre Destino,True
3697,64,Cali,41,10334650.0,Medio,8000000,6868166,0,Libre Destino,False
3698,36,Barranquilla,68,2050287.0,Medio,8000000,1576415,0,Tarjeta,False
3699,27,Bucaramanga,15,,Bajo,1000000,454922,90,Tarjeta,False
3700,20,no_especificada,157,8429126.0,Bajo,8000000,2160332,0,Libre Destino,True
3701,41,Barranquilla,67,2756397.0,Medio,1000000,230844,0,Libre Destino,False
3702,72,Bucaramanga,39,11286076.0,Bajo,4000000,1345209,0,Tarjeta,False
3703,64,Bucaramanga,141,9497406.0,Alto,2000000,308829,0,Tarjeta,False
3704,40,Barranquilla,127,5749427.0,Medio,12000000,8462251,90,Tarjeta,False
3705,70,Barranquilla,87,4623684.0,Bajo,1000000,89459,0,Libre Destino,False
3706,61,Medellin,32,8717355.0,Medio,8000000,5543853,90,Tarjeta,False
3707,44,Bogota,75,13877240.0,Medio,8000000,5599162,0,Tarjeta,False
3708,53,Cali,128,7448538.0,Medio,12000000,11959354,30,Tarjeta,False
3709,57,no_especificada,171,1748899.0,Medio,4000000,2824467,60,Tarjeta,False
3710,71,Bucaramanga,137,2633350.0,Bajo,8000000,5350447,90,Tarjeta,False
3711,62,Cali,127,10985779.0,Medio,8000000,1074447,0,Tarjeta,False
3712,59,Medellin,119,7281310.0,Medio,2000000,1075849,90,Tarjeta,False
3713,45,Barranquilla,156,2907592.0,Medio,4000000,1811429,90,Tarjeta,False
3714,60,no_especificada,122,3093331.0,Medio,2000000,1905743,30,Libre Destino,False
3715,67,Barranquilla,17,6286283.0,Bajo,8000000,4445047,30,Tarjeta,False
3716,31,Barranquilla,18,6724252.0,Medio,12000000,5582703,30,Tarjeta,False
3717,38,Bogota,53,8495831.0,Bajo,12000000,7710254,0,Tarjeta,False
3718,30,Bucaramanga,2,5103988.0,Alto,1000000,994803,0,Tarjeta,False
3719,65,Medellin,163,3218467.0,Bajo,4000000,3041710,0,Tarjeta,False
3720,35,Medellin,117,9572723.0,Bajo,8000000,7009442,0,Tarjeta,False
3721,23,Bucaramanga,98,6881133.0,Alto,1000000,917553,0,Tarjeta,True
3722,65,Medellin,96,14612097.0,Bajo,2000000,194104,30,Tarjeta,False
3723,37,Medellin,117,5813791.0,Medio,2000000,1265745,30,Tarjeta,False
3724,75,Bucaramanga,107,8566033.0,Alto,4000000,3772217,30,Tarjeta,False
3725,71,Bucaramanga,108,13459884.0,Bajo,12000000,478121,90,Libre Destino,False
3726,52,no_especificada,124,9030274.0,Alto,8000000,1255934,60,Tarjeta,False
3727,44,Barranquilla,108,11529117.0,Medio,2000000,205293,0,Tarjeta,False
3728,64,Barranquilla,6,9479256.0,Medio,12000000,6584473,0,Tarjeta,False
3729,40,Cali,43,10204607.0,Bajo,8000000,2710607,60,Libre Destino,False
3730,72,Bucaramanga,102,11958085.0,Bajo,4000000,153628,0,Libre Destino,False
3731,22,Medellin,14,4621124.0,Alto,1000000,736963,30,Libre Destino,False
3732,53,no_especificada,108,3104988.0,Bajo,2000000,1040089,0,Libre Destino,False
3733,28,Bucaramanga,73,7086721.0,Bajo,1000000,630865,0,Tarjeta,False
3734,64,Bogota,27,4219608.0,Medio,1000000,719534,60,Libre Destino,False
3735,49,Medellin,155,9367189.0,Alto,1000000,796079,0,Tarjeta,False
3736,57,Bucaramanga,4,13672213.0,Bajo,2000000,1410996,30,Tarjeta,False
3737,64,Bogota,10,9543724.0,Alto,4000000,3307020,90,Tarjeta,False
3738,18,no_especificada,99,9234810.0,Alto,12000000,4315166,0,Tarjeta,True
3739,64,Medellin,37,14163542.0,Bajo,4000000,32608,0,Libre Destino,False
3740,56,no_especificada,78,10298129.0,Medio,2000000,1308325,90,Tarjeta,False
3741,33,Bogota,152,10998773.0,Bajo,8000000,4672016,0,Tarjeta,False
3742,45,Bucaramanga,122,1931067.0,Alto,8000000,1511224,0,Libre Destino,False
3743,37,no_especificada,140,8237570.0,Alto,2000000,1226484,0,Tarjeta,False
3744,75,Barranquilla,163,10922146.0,Medio,2000000,1875937,0,Libre Destino,False
3745,18,Bogota,132,3440982.0,Alto,4000000,2279155,60,Libre Destino,True
3746,56,Bogota,82,13834222.0,Bajo,12000000,1733700,0,Libre Destino,False
3747,21,Barranquilla,167,4325471.0,Bajo,1000000,836046,30,Tarjeta,True
3748,55,no_especificada,50,3560062.0,Medio,2000000,79161,60,Libre Destino,False
3749,75,Barranquilla,35,3966332.0,Medio,4000000,2856776,0,Tarjeta,False
3750,50,no_especificada,10,3096615.0,Bajo,12000000,3673916,60,Tarjeta,False
3751,52,Medellin,14,1390403.0,Medio,4000000,3362587,0,Tarjeta,False
3752,49,no_especificada,55,8729974.0,Medio,8000000,5705127,0,Tarjeta,False
3753,70,Cali,109,12736537.0,Alto,1000000,946965,60,Libre Destino,False
3754,38,Barranquilla,8,6585252.0,Medio,1000000,654012,60,Libre Destino,False
3755,55,Medellin,46,11828756.0,Medio,8000000,2705032,0,Tarjeta,False
3756,71,Bucaramanga,124,1989890.0,Alto,1000000,459857,0,Tarjeta,False
3757,32,Bucaramanga,109,5880647.0,Medio,12000000,2506192,90,Tarjeta,False
3758,54,Medellin,43,1564836.0,Bajo,8000000,6627762,90,Tarjeta,False
3759,70,Bucaramanga,34,4772592.0,Alto,4000000,71847,0,Tarjeta,False
3760,47,Barranquilla,50,1408917.0,Medio,2000000,1223312,0,Libre Destino,False
3761,28,Cali,54,4825955.0,Bajo,2000000,1332502,30,Tarjeta,False
3762,22,no_especificada,27,5457542.0,Alto,2000000,1387193,0,Tarjeta,False
3763,27,no_especificada,169,5609776.0,Medio,4000000,1641623,0,Libre Destino,True
3764,42,Cali,71,7740868.0,Medio,12000000,4710844,0,Libre Destino,False
3765,41,Bucaramanga,45,13740644.0,Bajo,8000000,2988821,90,Libre Destino,False
3766,25,Medellin,144,6690091.0,Alto,2000000,1563054,0,Libre Destino,True
3767,52,Medellin,111,11833740.0,Medio,4000000,3280947,0,Libre Destino,False
3768,57,Bogota,84,11846191.0,Bajo,8000000,827839,30,Tarjeta,False
3769,23,Bogota,159,2338556.0,Alto,12000000,7440164,90,Tarjeta,True
3770,32,Bucaramanga,170,3280473.0,Bajo,1000000,601227,30,Tarjeta,True
3771,42,Barranquilla,64,2422297.0,Alto,8000000,151645,60,Tarjeta,False
3772,69,Barranquilla,158,4191667.0,Bajo,12000000,819221,0,Libre Destino,False
3773,43,Cali,146,10305203.0,Bajo,2000000,1432082,0,Libre Destino,False
3774,42,Bucaramanga,41,3781335.0,Alto,12000000,10598748,30,Libre Destino,False
3775,55,Medellin,30,4808942.0,Medio,4000000,1114529,90,Tarjeta,False
3776,62,Bucaramanga,172,8940140.0,Bajo,8000000,836206,30,Tarjeta,False
3777,20,Bogota,118,9615160.0,Bajo,4000000,1587677,30,Tarjeta,True
3778,63,Bogota,63,8086098.0,Medio,8000000,4891217,30,Tarjeta,False
3779,66,Cali,137,5419036.0,Alto,12000000,7957046,90,Tarjeta,False
3780,45,Medellin,8,3820731.0,Alto,4000000,604328,30,Tarjeta,False
3781,43,Cali,30,8757323.0,Medio,4000000,2120384,60,Tarjeta,False
3782,70,Bucaramanga,127,13600566.0,Bajo,12000000,7729267,0,Libre Destino,False
3783,64,no_especificada,106,2641559.0,Bajo,2000000,1163562,0,Tarjeta,False
3784,28,Bucaramanga,102,1253151.0,Alto,1000000,229896,0,Libre Destino,False
3785,49,Bucaramanga,131,5716132.0,Bajo,2000000,1049362,0,Libre Destino,False
3786,41,Barranquilla,79,2152107.0,Medio,12000000,11669698,0,Libre Destino,False
3787,68,Medellin,110,4250208.0,Bajo,8000000,5421756,0,Tarjeta,False
3788,52,Bogota,13,9316050.0,Medio,8000000,7827919,0,Tarjeta,False
3789,60,Bucaramanga,135,1647609.0,Alto,12000000,4604379,0,Tarjeta,False
3790,43,Bucaramanga,90,9976644.0,Alto,4000000,2168484,30,Libre Destino,False
3791,39,Medellin,57,8379493.0,Bajo,8000000,2378373,0,Tarjeta,False
3792,73,no_especificada,57,7485385.0,Bajo,4000000,45239,30,Tarjeta,False
3793,55,Bucaramanga,82,11254837.0,Medio,4000000,2062738,30,Libre Destino,False
3794,29,no_especificada,65,9654017.0,Bajo,4000000,1894156,0,Tarjeta,False
3795,29,Medellin,105,5380492.0,Bajo,8000000,4153116,60,Tarjeta,False
3796,46,Barranquilla,87,5541774.0,Medio,1000000,578016,30,Libre Destino,False
3797,75,Bogota,61,9616853.0,Medio,12000000,10962334,0,Tarjeta,False
3798,32,Bucaramanga,98,14557386.0,Alto,2000000,1774766,0,Libre Destino,False
3799,45,Medellin,135,12251874.0,Medio,2000000,391467,0,Tarjeta,False
3800,71,Bucaramanga,77,11643351.0,Bajo,4000000,3197963,30,Tarjeta,False
3801,45,Barranquilla,100,8767066.0,Bajo,2000000,1823698,60,Libre Destino,False
3802,66,no_especificada,26,13924194.0,Alto,4000000,2807694,0,Libre Destino,False
3803,43,Bogota,145,12309083.0,Medio,1000000,493707,90,Tarjeta,False
3804,44,Bucaramanga,1,9475771.0,Medio,2000000,1875794,90,Tarjeta,False
3805,70,no_especificada,58,5198623.0,Medio,4000000,2293235,0,Tarjeta,False
3806,31,Barranquilla,13,2869378.0,Bajo,2000000,879592,30,Libre Destino,False
3807,28,Medellin,56,2583381.0,Alto,2000000,1791352,30,Tarjeta,False
3808,56,Cali,61,6917905.0,Alto,2000000,1894357,90,Tarjeta,False
3809,26,Bogota,94,10822664.0,Bajo,4000000,1487452,0,Libre Destino,False
3810,46,Bucaramanga,103,6689287.0,Bajo,8000000,6009552,0,Tarjeta,False
3811,52,Bogota,176,3789401.0,Bajo,8000000,3701716,60,Libre Destino,False
3812,75,Cali,58,6682279.0,Medio,2000000,98002,30,Libre Destino,False
3813,44,no_especificada,9,8962607.0,Alto,1000000,359387,0,Libre Destino,False
3814,40,no_especificada,6,4759877.0,Medio,1000000,429823,0,Tarjeta,False
3815,42,no_especificada,100,7540071.0,Alto,4000000,1748700,60,Tarjeta,False
3816,74,Medellin,155,2920665.0,Bajo,2000000,1003412,0,Libre Destino,False
3817,68,no_especificada,4,5320441.0,Bajo,4000000,1508527,90,Libre Destino,False
3818,22,Cali,52,8263476.0,Alto,8000000,2374716,90,Libre Destino,True
3819,45,Medellin,145,13645823.0,Medio,2000000,1441912,60,Tarjeta,False
3820,58,Barranquilla,118,11038392.0,Alto,4000000,1357445,30,Tarjeta,False
3821,34,Bogota,92,14718946.0,Alto,4000000,1854723,30,Libre Destino,False
3822,61,no_especificada,49,6846461.0,Bajo,1000000,988004,30,Libre Destino,False
3823,71,no_especificada,153,9957460.0,Medio,8000000,146037,30,Tarjeta,False
3824,59,Medellin,3,13566481.0,Alto,12000000,9579349,90,Libre Destino,False
3825,31,Cali,124,12646619.0,Medio,4000000,1533851,0,Libre Destino,False
3826,38,Cali,28,12598942.0,Alto,12000000,9853120,0,Tarjeta,False
3827,57,Bucaramanga,47,14509847.0,Medio,2000000,1248736,30,Libre Destino,False
3828,62,Bucaramanga,154,10692260.0,Bajo,12000000,3999740,0,Tarjeta,False
3829,57,Medellin,153,9123348.0,Bajo,8000000,6975443,0,Libre Destino,False
3830,68,Medellin,138,6868769.0,Medio,12000000,2597962,0,Tarjeta,False
3831,71,Cali,27,3553994.0,Medio,12000000,7364595,60,Tarjeta,False
3832,20,Barranquilla,42,3494055.0,Medio,2000000,214489,90,Tarjeta,True
3833,30,Bucaramanga,155,9386387.0,Bajo,4000000,3062747,0,Tarjeta,True
3834,51,Bogota,91,3159836.0,Alto,4000000,3722702,30,Tarjeta,False
3835,62,Barranquilla,18,14286760.0,Medio,1000000,356068,0,Libre Destino,False
3836,46,Bucaramanga,27,,Alto,8000000,7917208,0,Libre Destino,False
3837,20,Medellin,67,8982481.0,Alto,4000000,1328385,0,Tarjeta,True
3838,38,Bucaramanga,92,11679975.0,Alto,4000000,1612754,90,Tarjeta,False
3839,69,Bogota,174,5688466.0,Bajo,1000000,419225,60,Tarjeta,False
3840,35,Medellin,52,5007381.0,Alto,4000000,188415,30,Tarjeta,False
3841,19,Bucaramanga,143,11418869.0,Medio,2000000,1436829,0,Tarjeta,True
3842,60,Barranquilla,154,1336219.0,Medio,1000000,709588,30,Tarjeta,False
3843,64,Bogota,107,8455706.0,Medio,1000000,27877,30,Tarjeta,False
3844,73,Bogota,97,9387701.0,Medio,2000000,522389,60,Tarjeta,False
3845,66,Bucaramanga,43,6054652.0,Medio,8000000,3175894,0,Tarjeta,False
3846,50,Cali,27,1933165.0,Bajo,12000000,2661174,90,Tarjeta,False
3847,66,Bucaramanga,147,10865391.0,Alto,1000000,789251,0,Tarjeta,False
3848,70,Cali,25,10599971.0,Alto,4000000,1130673,90,Tarjeta,False
3849,72,Medellin,139,11912828.0,Medio,1000000,698375,0,Libre Destino,False
3850,32,Barranquilla,61,9191516.0,Bajo,1000000,942571,30,Tarjeta,False
3851,75,Barranquilla,45,7696934.0,Medio,8000000,7465899,0,Libre Destino,False
3852,72,Barranquilla,69,2599997.0,Medio,8000000,450500,0,Tarjeta,False
3853,27,Bogota,25,3759280.0,Alto,4000000,992719,30,Tarjeta,False
3854,50,Bogota,8,10859541.0,Alto,2000000,1632962,30,Tarjeta,False
3855,71,Cali,123,12700061.0,Bajo,1000000,742214,0,Tarjeta,False
3856,61,Bucaramanga,75,9536578.0,Bajo,1000000,154807,30,Tarjeta,False
3857,18,Cali,155,5527205.0,Bajo,12000000,6656694,90,Tarjeta,True
3858,25,Bucaramanga,65,4861892.0,Bajo,1000000,583307,0,Tarjeta,False
3859,26,Barranquilla,5,7090273.0,Alto,4000000,1159535,90,Tarjeta,False
3860,58,Bucaramanga,1,2552405.0,Medio,2000000,1304379,60,Tarjeta,False
3861,55,no_especificada,139,12899786.0,Bajo,8000000,5627364,30,Libre Destino,False
3862,26,Barranquilla,98,7495923.0,Medio,2000000,137351,0,Tarjeta,True
3863,62,Bucaramanga,101,7683118.0,Medio,12000000,7686044,0,Libre Destino,False
3864,26,Bogota,101,12890600.0,Alto,1000000,303360,30,Tarjeta,True
3865,60,Bucaramanga,125,11846473.0,Medio,1000000,945962,90,Tarjeta,False
3866,69,Bogota,3,4798904.0,Medio,12000000,11856878,0,Tarjeta,False
3867,62,Bucaramanga,84,1863010.0,Medio,12000000,1672551,30,Libre Destino,False
3868,38,Cali,50,1382288.0,Medio,2000000,315801,0,Tarjeta,False
3869,27,Cali,154,7151797.0,Bajo,4000000,2824406,90,Libre Destino,True
3870,68,Medellin,34,9289968.0,Medio,8000000,7460544,90,Tarjeta,False
3871,27,Medellin,119,12285883.0,Medio,1000000,101702,30,Libre Destino,True
3872,43,Bucaramanga,97,14853793.0,Bajo,4000000,3859306,0,Tarjeta,False
3873,58,no_especificada,58,4356253.0,Alto,4000000,3457508,0,Tarjeta,False
3874,28,Medellin,63,2370495.0,Bajo,12000000,11392907,0,Tarjeta,False
3875,61,Bogota,11,13875639.0,Bajo,2000000,236340,60,Tarjeta,False
3876,23,Barranquilla,72,12754764.0,Alto,8000000,2703379,0,Libre Destino,True
3877,27,Medellin,160,1667801.0,Medio,1000000,924455,90,Tarjeta,True
3878,35,Medellin,38,13553986.0,Medio,4000000,229532,30,Tarjeta,False
3879,65,Bucaramanga,114,8227861.0,Medio,12000000,4705402,0,Tarjeta,False
3880,42,Cali,153,2561564.0,Alto,12000000,7423714,30,Tarjeta,False
3881,51,no_especificada,11,4505861.0,Medio,8000000,88395,90,Libre Destino,False
3882,32,Cali,88,13203625.0,Bajo,2000000,1984683,90,Libre Destino,False
3883,21,Bucaramanga,58,5440626.0,Bajo,8000000,7262644,0,Libre Destino,True
3884,66,Medellin,163,13891748.0,Bajo,4000000,1995728,0,Libre Destino,False
3885,26,Barranquilla,180,14317526.0,Medio,1000000,138809,60,Libre Destino,True
3886,64,Medellin,53,14927012.0,Alto,4000000,882426,0,Tarjeta,False
3887,20,Medellin,79,2494371.0,Medio,12000000,5773576,60,Tarjeta,True
3888,65,Bucaramanga,133,6192926.0,Alto,2000000,750203,0,Libre Destino,False
3889,40,Bogota,132,7028368.0,Bajo,12000000,4704249,0,Tarjeta,False
3890,57,Cali,96,14075200.0,Alto,4000000,2935536,30,Libre Destino,False
3891,31,Bucaramanga,151,2455708.0,Alto,12000000,11247845,0,Tarjeta,False
3892,42,no_especificada,62,14093669.0,Medio,12000000,3264960,0,Libre Destino,False
3893,60,Cali,7,7581247.0,Medio,12000000,8723329,0,Tarjeta,False
3894,67,Bogota,140,11425573.0,Alto,2000000,683316,30,Libre Destino,False
3895,40,Barranquilla,177,3544997.0,Bajo,1000000,323743,30,Libre Destino,False
3896,30,Bogota,69,7964436.0,Bajo,4000000,3508859,0,Libre Destino,False
3897,44,Barranquilla,176,14882286.0,Medio,2000000,1710654,90,Libre Destino,False
3898,60,Cali,96,3210138.0,Bajo,8000000,982245,60,Libre Destino,False
3899,47,Medellin,10,13478339.0,Medio,12000000,2666589,0,Tarjeta,False
3900,36,no_especificada,19,6360615.0,Bajo,8000000,6201791,90,Tarjeta,False
3901,43,no_especificada,162,14024298.0,Alto,8000000,4103208,0,Tarjeta,False
3902,42,Barranquilla,134,6990919.0,Medio,4000000,658083,30,Tarjeta,False
3903,51,no_especificada,116,5829981.0,Bajo,1000000,334130,30,Libre Destino,False
3904,63,Medellin,139,9038723.0,Alto,12000000,9179302,30,Tarjeta,False
3905,22,Bogota,28,4716189.0,Bajo,8000000,7141636,0,Tarjeta,False
3906,28,Bucaramanga,171,8487116.0,Medio,1000000,834501,0,Libre Destino,True
3907,30,Cali,96,2096461.0,Bajo,8000000,4577525,0,Tarjeta,False
3908,73,Bucaramanga,74,3327807.0,Alto,8000000,3602685,0,Libre Destino,False
3909,53,no_especificada,13,9402670.0,Medio,8000000,4744917,30,Tarjeta,False
3910,62,no_especificada,83,10523610.0,Medio,8000000,3220844,0,Libre Destino,False
3911,54,no_especificada,79,3967798.0,Alto,2000000,1109887,90,Libre Destino,False
3912,18,Cali,68,5741016.0,Bajo,12000000,9511488,60,Libre Destino,True
3913,72,Cali,170,14044851.0,Medio,8000000,5387965,0,Tarjeta,False
3914,24,no_especificada,74,9315962.0,Alto,8000000,262553,90,Tarjeta,True
3915,47,Bucaramanga,169,9358031.0,Medio,2000000,1098611,0,Libre Destino,False
3916,33,Bucaramanga,156,9709414.0,Alto,4000000,3721448,60,Tarjeta,False
3917,61,Cali,157,10285101.0,Medio,8000000,2944620,30,Tarjeta,False
3918,53,Bogota,114,11327480.0,Bajo,8000000,4845648,30,Tarjeta,False
3919,45,Bucaramanga,50,3619207.0,Bajo,1000000,478302,60,Tarjeta,False
3920,22,no_especificada,155,2815106.0,Medio,12000000,7218603,0,Tarjeta,True
3921,70,no_especificada,35,12453878.0,Bajo,4000000,1605302,60,Tarjeta,False
3922,73,Bucaramanga,148,1211122.0,Alto,2000000,430488,90,Tarjeta,False
3923,55,Cali,51,1247787.0,Alto,4000000,3808964,30,Tarjeta,False
3924,42,Cali,112,12517741.0,Bajo,2000000,1171062,0,Tarjeta,False
3925,29,Bucaramanga,17,10102437.0,Medio,4000000,1128445,60,Libre Destino,False
3926,74,Bucaramanga,155,7201417.0,Bajo,12000000,6243453,0,Tarjeta,False
3927,67,Medellin,104,14846477.0,Medio,8000000,5908402,0,Libre Destino,False
3928,56,no_especificada,131,4624814.0,Alto,12000000,8415152,90,Libre Destino,False
3929,19,Bucaramanga,56,9526651.0,Alto,2000000,1744401,0,Tarjeta,True
3930,46,Bucaramanga,152,7283275.0,Alto,2000000,753410,0,Libre Destino,False
3931,73,Bucaramanga,44,2365089.0,Medio,12000000,2687791,0,Tarjeta,False
3932,27,Cali,48,13616041.0,Alto,1000000,854013,90,Tarjeta,False
3933,70,Medellin,1,2463768.0,Medio,4000000,672943,0,Tarjeta,False
3934,62,Bucaramanga,70,13078707.0,Medio,2000000,1910341,0,Libre Destino,False
3935,42,Barranquilla,126,5330342.0,Bajo,8000000,2732686,90,Tarjeta,False
3936,57,Barranquilla,94,1753562.0,Bajo,8000000,1049579,90,Libre Destino,False
3937,49,Bucaramanga,28,7545291.0,Medio,2000000,795392,60,Tarjeta,False
3938,32,Medellin,136,1626452.0,Alto,1000000,319310,90,Libre Destino,False
3939,24,Barranquilla,23,5222455.0,Alto,4000000,3698345,0,Tarjeta,False
3940,66,Medellin,20,14291024.0,Bajo,4000000,1118678,0,Tarjeta,False
3941,42,Medellin,87,9782582.0,Medio,12000000,9360298,30,Libre Destino,False
3942,73,Bogota,84,12578399.0,Bajo,4000000,3318582,60,Libre Destino,False
3943,34,Bogota,97,1203403.0,Bajo,1000000,546930,0,Tarjeta,False
3944,32,Cali,145,10551006.0,Alto,12000000,5527752,30,Tarjeta,False
3945,73,Medellin,126,14858062.0,Alto,1000000,575382,60,Tarjeta,False
3946,46,Barranquilla,171,2772708.0,Bajo,2000000,1030126,60,Libre Destino,False
3947,53,Bogota,34,11149286.0,Medio,4000000,3051653,0,Tarjeta,False
3948,29,Barranquilla,106,6137552.0,Bajo,12000000,10480681,0,Tarjeta,False
3949,75,Bucaramanga,60,2918598.0,Alto,2000000,1927482,90,Tarjeta,False
3950,36,Medellin,97,8390754.0,Alto,2000000,218610,0,Tarjeta,False
3951,69,no_especificada,167,1921323.0,Alto,8000000,6307158,0,Libre Destino,False
3952,60,Bogota,113,11226102.0,Bajo,8000000,5914405,30,Tarjeta,False
3953,26,Medellin,139,2821342.0,Bajo,8000000,1840391,0,Tarjeta,True
3954,27,Bogota,95,4803478.0,Medio,4000000,2524920,90,Libre Destino,False
3955,24,Medellin,141,13905639.0,Alto,12000000,9774514,0,Tarjeta,True
3956,57,Cali,131,6760789.0,Medio,12000000,4106936,60,Tarjeta,False
3957,45,Medellin,127,6390489.0,Bajo,4000000,1096255,0,Tarjeta,False
3958,57,Cali,104,14939409.0,Alto,8000000,6185304,60,Libre Destino,False
3959,49,Cali,150,8809821.0,Bajo,1000000,485870,0,Libre Destino,False
3960,35,no_especificada,171,11714034.0,Alto,8000000,400725,0,Tarjeta,False
3961,50,Bucaramanga,153,10590972.0,Medio,2000000,1348923,30,Tarjeta,False
3962,21,Cali,15,4668985.0,Alto,1000000,337104,30,Tarjeta,False
3963,61,Medellin,45,12800235.0,Bajo,1000000,934318,90,Tarjeta,False
3964,40,Bucaramanga,6,14064196.0,Bajo,1000000,533673,0,Tarjeta,False
3965,56,Bogota,148,13742301.0,Bajo,1000000,65366,0,Tarjeta,False
3966,65,Cali,146,1246199.0,Bajo,1000000,520608,90,Tarjeta,False
3967,42,Bogota,68,12156312.0,Alto,12000000,8968492,60,Libre Destino,False
3968,32,Cali,46,8034509.0,Alto,8000000,557268,0,Tarjeta,False
3969,55,Bucaramanga,124,11585476.0,Bajo,2000000,4565,60,Tarjeta,False
3970,48,Cali,90,10914948.0,Medio,8000000,7135673,30,Libre Destino,False
3971,60,no_especificada,178,4450990.0,Alto,2000000,761866,60,Tarjeta,False
3972,29,Bogota,23,14317057.0,Bajo,2000000,22145,0,Tarjeta,False
3973,48,Barranquilla,117,,Bajo,1000000,778886,0,Libre Destino,False
3974,63,Bogota,163,12049057.0,Alto,1000000,609980,30,Libre Destino,False
3975,36,Barranquilla,98,11096320.0,Medio,12000000,1242691,0,Libre Destino,False
3976,43,no_especificada,56,8744860.0,Medio,4000000,3299806,0,Libre Destino,False
3977,23,Barranquilla,148,5020816.0,Alto,8000000,4659115,0,Tarjeta,True
3978,49,Bucaramanga,78,7303669.0,Bajo,2000000,742041,0,Libre Destino,False
3979,39,Medellin,80,11112490.0,Medio,12000000,10370240,0,Tarjeta,False
3980,48,Medellin,54,12296499.0,Alto,1000000,674150,0,Tarjeta,False
3981,53,Cali,141,8267146.0,Bajo,2000000,1363338,0,Libre Destino,False
3982,25,Barranquilla,3,2578133.0,Alto,2000000,434451,0,Libre Destino,False
3983,56,Bogota,97,13627082.0,Bajo,8000000,4367628,0,Tarjeta,False
3984,28,no_especificada,154,10478080.0,Medio,2000000,1656105,0,Libre Destino,True
3985,47,no_especificada,23,5089586.0,Alto,12000000,1435864,0,Tarjeta,False
3986,59,Medellin,7,5969313.0,Bajo,4000000,18984,0,Libre Destino,False
3987,73,Bogota,82,10509582.0,Alto,2000000,1285391,60,Tarjeta,False
3988,50,Medellin,86,13396904.0,Alto,8000000,7411732,0,Libre Destino,False
3989,40,Barranquilla,159,1864402.0,Medio,1000000,25505,90,Tarjeta,False
3990,34,Bucaramanga,73,10033706.0,Bajo,12000000,5875984,0,Libre Destino,False
3991,64,Bucaramanga,65,7823477.0,Alto,4000000,88704,30,Tarjeta,False
3992,59,Bogota,121,4085841.0,Alto,4000000,740286,0,Tarjeta,False
3993,30,Bucaramanga,164,5579694.0,Alto,12000000,4259789,30,Tarjeta,True
3994,55,Barranquilla,41,12759541.0,Alto,1000000,895263,60,Libre Destino,False
3995,70,Barranquilla,166,4436984.0,Medio,2000000,1426968,30,Tarjeta,False
3996,41,Bogota,168,11090940.0,Alto,2000000,652007,90,Tarjeta,False
3997,42,Medellin,148,8481766.0,Medio,4000000,74558,60,Tarjeta,False
3998,41,Barranquilla,36,9652941.0,Medio,12000000,11121932,90,Tarjeta,False
3999,72,Cali,61,8900463.0,Bajo,2000000,1107861,30,Tarjeta,False
4000,37,Bogota,102,3723444.0,Bajo,2000000,111223,0,Libre Destino,False
4001,20,Cali,125,10244156.0,Bajo,12000000,664718,60,Tarjeta,True
4002,39,Cali,74,12538222.0,Bajo,8000000,4521424,0,Tarjeta,False
4003,37,Barranquilla,97,14797683.0,Bajo,2000000,1835216,90,Libre Destino,False
4004,34,Bogota,99,13570124.0,Alto,12000000,5310662,0,Tarjeta,False
4005,40,Barranquilla,128,6161097.0,Medio,12000000,8357405,0,Tarjeta,False
4006,60,Barranquilla,84,7458221.0,Alto,4000000,3060043,90,Tarjeta,False
4007,30,Barranquilla,119,14177124.0,Bajo,1000000,641432,0,Libre Destino,False
4008,47,Medellin,159,4540454.0,Bajo,1000000,685383,0,Libre Destino,False
4009,60,Medellin,136,4950214.0,Medio,4000000,599182,0,Tarjeta,False
4010,36,Cali,68,3373571.0,Bajo,4000000,2331377,0,Libre Destino,False
4011,48,Bucaramanga,45,5657868.0,Bajo,2000000,162196,90,Tarjeta,False
4012,50,Cali,53,11400393.0,Alto,4000000,3980981,90,Libre Destino,False
4013,19,Cali,27,2502215.0,Alto,8000000,7736983,30,Tarjeta,True
4014,44,no_especificada,21,14214212.0,Alto,12000000,11043788,60,Tarjeta,False
4015,23,Bogota,30,8545060.0,Alto,1000000,963868,0,Libre Destino,False
4016,48,no_especificada,100,14275300.0,Alto,1000000,709284,0,Tarjeta,False
4017,35,Bogota,103,10428185.0,Alto,2000000,1307307,30,Libre Destino,False
4018,37,Medellin,25,9624180.0,Alto,2000000,1689552,0,Tarjeta,False
4019,35,Cali,126,6184555.0,Alto,4000000,814296,60,Tarjeta,False
4020,41,Bogota,72,14199643.0,Bajo,4000000,1380977,60,Tarjeta,False
4021,37,Bucaramanga,133,13540653.0,Medio,2000000,1797234,0,Tarjeta,False
4022,42,Medellin,156,3985048.0,Medio,12000000,9576992,60,Tarjeta,False
4023,31,Medellin,144,3564393.0,Bajo,8000000,2680169,60,Libre Destino,False
4024,75,Bucaramanga,165,8673897.0,Alto,12000000,884173,0,Tarjeta,False
4025,52,Bucaramanga,2,7685697.0,Alto,8000000,7354378,30,Tarjeta,False
4026,71,Bucaramanga,76,6523915.0,Medio,2000000,1684558,0,Libre Destino,False
4027,65,no_especificada,113,10889522.0,Bajo,2000000,1494409,60,Libre Destino,False
4028,31,Medellin,76,5310470.0,Bajo,8000000,2138660,60,Tarjeta,False
4029,70,Bucaramanga,94,6761012.0,Bajo,2000000,407336,60,Libre Destino,False
4030,34,Bogota,62,8220979.0,Bajo,4000000,1085491,60,Libre Destino,False
4031,20,Cali,132,5830664.0,Medio,8000000,2820726,90,Tarjeta,True
4032,52,Cali,46,8968152.0,Bajo,1000000,55812,0,Tarjeta,False
4033,61,Barranquilla,170,3289461.0,Bajo,8000000,7167052,60,Libre Destino,False
4034,49,Cali,134,13215624.0,Alto,1000000,71773,0,Libre Destino,False
4035,20,Bucaramanga,68,7753562.0,Alto,1000000,27924,0,Tarjeta,True
4036,26,Medellin,66,7639255.0,Medio,1000000,393117,60,Tarjeta,False
4037,40,Barranquilla,49,9354375.0,Alto,8000000,4596741,30,Libre Destino,False
4038,32,Barranquilla,47,2495304.0,Alto,4000000,2714477,0,Libre Destino,False
4039,43,Medellin,155,8533160.0,Bajo,8000000,3417471,90,Tarjeta,False
4040,53,Medellin,14,1736212.0,Bajo,12000000,3576074,90,Libre Destino,False
4041,50,Bucaramanga,132,10002865.0,Bajo,1000000,34186,0,Libre Destino,False
4042,55,Cali,27,3487270.0,Bajo,12000000,9756309,0,Tarjeta,False
4043,37,no_especificada,146,1361134.0,Medio,8000000,7635147,60,Tarjeta,False
4044,66,Cali,56,8812346.0,Bajo,12000000,418111,30,Libre Destino,False
4045,35,Bucaramanga,130,7810000.0,Medio,4000000,3645750,0,Tarjeta,False
4046,64,Cali,78,2505650.0,Bajo,1000000,141388,30,Tarjeta,False
4047,51,Bogota,111,7041915.0,Alto,12000000,6700856,30,Libre Destino,False
4048,75,Bucaramanga,160,8164468.0,Bajo,8000000,7867051,30,Libre Destino,False
4049,74,Cali,150,2817986.0,Bajo,8000000,790741,30,Tarjeta,False
4050,37,no_especificada,26,11599650.0,Alto,12000000,5965487,0,Libre Destino,False
4051,54,Cali,137,11154109.0,Alto,4000000,2826384,0,Tarjeta,False
4052,36,Barranquilla,46,6234130.0,Alto,4000000,838746,0,Libre Destino,False
4053,31,Bogota,179,14167898.0,Medio,8000000,708593,90,Tarjeta,True
4054,73,Medellin,170,2873612.0,Bajo,8000000,6545967,0,Libre Destino,False
4055,40,Bucaramanga,49,1334065.0,Bajo,8000000,4128145,0,Tarjeta,False
4056,37,no_especificada,90,9570172.0,Alto,8000000,7584303,60,Tarjeta,False
4057,29,Cali,88,10050233.0,Bajo,2000000,1417155,0,Tarjeta,False
4058,18,Bucaramanga,110,13400011.0,Alto,12000000,8488125,0,Tarjeta,True
4059,60,Bucaramanga,7,11253666.0,Medio,12000000,11955362,30,Libre Destino,False
4060,53,Cali,2,14660776.0,Medio,1000000,177856,30,Libre Destino,False
4061,48,no_especificada,146,14570049.0,Alto,2000000,181515,30,Tarjeta,False
4062,64,Bogota,38,3605097.0,Bajo,2000000,484905,90,Libre Destino,False
4063,70,Barranquilla,94,9217485.0,Bajo,1000000,461224,30,Libre Destino,False
4064,55,Barranquilla,49,10205219.0,Alto,12000000,11990769,90,Tarjeta,False
4065,35,Cali,29,1446804.0,Alto,1000000,515299,90,Tarjeta,False
4066,34,no_especificada,178,8260096.0,Bajo,8000000,1667062,0,Tarjeta,False
4067,52,Bogota,96,13022199.0,Bajo,4000000,3488381,0,Libre Destino,False
4068,38,Bogota,121,7028228.0,Medio,8000000,5860517,0,Libre Destino,False
4069,71,Cali,78,5199896.0,Medio,1000000,857523,60,Tarjeta,False
4070,26,Medellin,152,4029704.0,Bajo,2000000,1496429,0,Tarjeta,True
4071,20,Medellin,104,2435610.0,Bajo,4000000,2840899,0,Tarjeta,True
4072,44,Bogota,47,9088127.0,Medio,2000000,936473,0,Tarjeta,False
4073,32,Medellin,86,8003224.0,Medio,2000000,670605,90,Tarjeta,False
4074,69,Barranquilla,2,11195491.0,Alto,12000000,8251053,30,Tarjeta,False
4075,73,Barranquilla,67,10277273.0,Medio,1000000,986158,90,Tarjeta,False
4076,50,no_especificada,131,13659655.0,Medio,12000000,1144480,60,Tarjeta,False
4077,33,Bogota,123,6954397.0,Medio,2000000,1654130,90,Tarjeta,False
4078,66,no_especificada,35,1698881.0,Medio,8000000,7915691,30,Tarjeta,False
4079,53,Barranquilla,52,4520976.0,Medio,2000000,1755570,30,Tarjeta,False
4080,25,Bucaramanga,153,3163718.0,Alto,2000000,1079161,30,Libre Destino,True
4081,22,Medellin,59,1285445.0,Bajo,2000000,1246575,0,Tarjeta,True
4082,51,Bucaramanga,36,2216331.0,Alto,4000000,3989108,0,Tarjeta,False
4083,45,no_especificada,176,3043286.0,Bajo,4000000,366360,0,Libre Destino,False
4084,27,Bogota,62,4767911.0,Alto,8000000,2728384,30,Libre Destino,False
4085,32,Bucaramanga,66,8051391.0,Medio,2000000,817516,90,Libre Destino,False
4086,72,Cali,80,10975089.0,Alto,1000000,878138,0,Libre Destino,False
4087,44,Bogota,23,5854758.0,Medio,2000000,106475,0,Tarjeta,False
4088,32,Bucaramanga,61,5403811.0,Alto,8000000,2328655,0,Libre Destino,False
4089,55,Bucaramanga,26,10010674.0,Medio,4000000,427173,0,Libre Destino,False
4090,71,Bucaramanga,47,13729151.0,Bajo,2000000,773898,30,Tarjeta,False
4091,51,Bogota,168,4116454.0,Bajo,12000000,1123783,0,Tarjeta,False
4092,19,Cali,35,1267156.0,Medio,8000000,3229227,0,Tarjeta,True
4093,49,Bucaramanga,179,3113589.0,Alto,12000000,5769727,0,Tarjeta,False
4094,24,Bogota,103,5309237.0,Medio,2000000,1168683,0,Tarjeta,True
4095,27,no_especificada,96,11378372.0,Medio,1000000,814257,0,Tarjeta,False
4096,52,Bogota,109,4947706.0,Medio,12000000,8953923,0,Tarjeta,False
4097,28,Medellin,167,4938328.0,Bajo,4000000,3816936,60,Tarjeta,True
4098,21,Cali,21,8879769.0,Alto,8000000,3440659,0,Libre Destino,False
4099,51,Barranquilla,176,6480542.0,Medio,1000000,254472,60,Tarjeta,False
4100,35,Medellin,12,14625817.0,Alto,1000000,630812,30,Tarjeta,False
4101,34,Medellin,81,12762187.0,Medio,2000000,71713,30,Libre Destino,False
4102,36,Bucaramanga,117,13421801.0,Bajo,2000000,103113,0,Libre Destino,False
4103,61,Bogota,42,5727991.0,Medio,2000000,1329166,30,Libre Destino,False
4104,41,Barranquilla,45,9025313.0,Bajo,12000000,10677476,90,Libre Destino,False
4105,20,Bogota,74,9436772.0,Bajo,2000000,548424,30,Libre Destino,True
4106,27,Bucaramanga,139,5958384.0,Alto,12000000,4647369,0,Tarjeta,True
4107,28,Barranquilla,179,10234013.0,Bajo,4000000,2240045,60,Libre Destino,True
4108,29,Barranquilla,60,6637757.0,Medio,8000000,5477150,0,Tarjeta,False
4109,62,Cali,114,14143373.0,Alto,1000000,775576,0,Libre Destino,False
4110,42,Barranquilla,169,,Medio,2000000,158648,90,Tarjeta,False
4111,60,Barranquilla,161,6037592.0,Bajo,2000000,752487,0,Libre Destino,False
4112,52,Bucaramanga,97,13593293.0,Alto,8000000,6334003,30,Tarjeta,False
4113,35,Barranquilla,14,14113440.0,Bajo,12000000,10227795,0,Tarjeta,False
4114,59,Barranquilla,30,3338475.0,Bajo,1000000,623950,0,Libre Destino,False
4115,22,Barranquilla,156,14575105.0,Alto,1000000,27251,0,Tarjeta,True
4116,19,no_especificada,157,11557049.0,Bajo,8000000,5368133,60,Tarjeta,True
4117,50,Bucaramanga,97,2050438.0,Bajo,4000000,1624697,0,Libre Destino,False
4118,49,Barranquilla,53,11666443.0,Medio,4000000,2172330,0,Tarjeta,False
4119,20,Bogota,17,6837440.0,Alto,2000000,1346948,30,Tarjeta,False
4120,71,no_especificada,79,4647987.0,Medio,1000000,191298,0,Tarjeta,False
4121,34,Bogota,128,12762129.0,Bajo,12000000,8736520,0,Tarjeta,False
4122,47,Cali,170,7344818.0,Alto,12000000,1302992,60,Tarjeta,False
4123,63,Cali,17,10722159.0,Medio,8000000,5242872,0,Tarjeta,False
4124,25,Cali,90,9859165.0,Medio,4000000,3169625,30,Tarjeta,True
4125,54,Cali,39,5820574.0,Alto,4000000,3525161,0,Libre Destino,False
4126,58,Medellin,88,5013470.0,Bajo,1000000,312430,0,Tarjeta,False
4127,69,Barranquilla,152,9065518.0,Bajo,12000000,1101704,30,Libre Destino,False
4128,48,Medellin,163,2908703.0,Alto,8000000,3312525,90,Tarjeta,False
4129,45,Cali,42,13985237.0,Medio,2000000,1005857,30,Tarjeta,False
4130,30,Cali,134,3349672.0,Alto,1000000,729328,0,Libre Destino,False
4131,65,Bucaramanga,85,9906463.0,Medio,8000000,2428472,30,Tarjeta,False
4132,53,Bucaramanga,113,9186625.0,Alto,1000000,388049,30,Tarjeta,False
4133,43,Barranquilla,31,6384771.0,Bajo,12000000,916387,0,Tarjeta,False
4134,29,Bucaramanga,76,2335222.0,Bajo,12000000,4672558,90,Tarjeta,False
4135,48,Cali,120,4245955.0,Bajo,2000000,342644,30,Tarjeta,False
4136,67,no_especificada,85,3851624.0,Alto,2000000,741405,90,Tarjeta,False
4137,49,no_especificada,151,13746005.0,Medio,2000000,265707,0,Tarjeta,False
4138,74,Bogota,96,12369771.0,Medio,2000000,1738346,60,Tarjeta,False
4139,30,Medellin,116,2102854.0,Medio,8000000,483974,0,Libre Destino,False
4140,20,Medellin,100,7885093.0,Medio,2000000,92306,0,Tarjeta,True
4141,47,no_especificada,157,7119585.0,Medio,8000000,7090360,90,Tarjeta,False
4142,49,Bucaramanga,138,3046315.0,Bajo,8000000,13578,0,Tarjeta,False
4143,22,Cali,126,9706681.0,Bajo,8000000,1781193,0,Libre Destino,True
4144,39,Barranquilla,102,5304504.0,Medio,1000000,464983,0,Tarjeta,False
4145,63,Medellin,47,11679635.0,Medio,1000000,260302,60,Tarjeta,False
4146,54,Bucaramanga,31,4807897.0,Bajo,12000000,2438854,90,Libre Destino,False
4147,49,no_especificada,31,10028575.0,Alto,1000000,428968,30,Tarjeta,False
4148,60,Cali,107,3019747.0,Medio,2000000,1450620,0,Tarjeta,False
4149,42,Bogota,67,4002132.0,Medio,1000000,782882,90,Tarjeta,False
4150,74,Bogota,114,6633489.0,Alto,4000000,3778655,30,Tarjeta,False
4151,35,Bogota,70,1434979.0,Medio,1000000,743783,0,Libre Destino,False
4152,52,Cali,82,14879929.0,Medio,12000000,10840517,0,Libre Destino,False
4153,28,Cali,158,1796845.0,Bajo,12000000,9980104,90,Tarjeta,True
4154,20,Bucaramanga,99,12909411.0,Medio,2000000,563375,90,Libre Destino,True
4155,61,Barranquilla,47,14403895.0,Bajo,4000000,551999,60,Libre Destino,False
4156,21,Bucaramanga,110,9225504.0,Alto,4000000,1301054,0,Libre Destino,True
4157,40,Cali,134,1414875.0,Alto,2000000,984666,30,Libre Destino,False
4158,28,Cali,70,8318023.0,Medio,4000000,3497557,0,Tarjeta,False
4159,30,Bogota,11,7923520.0,Bajo,12000000,7104144,30,Libre Destino,False
4160,39,Bogota,53,9472284.0,Bajo,12000000,4003343,0,Tarjeta,False
4161,64,Barranquilla,112,2550665.0,Medio,4000000,359022,90,Tarjeta,False
4162,39,Bogota,108,13462806.0,Medio,1000000,851588,0,Tarjeta,False
4163,31,no_especificada,95,8805180.0,Medio,1000000,781198,0,Tarjeta,False
4164,27,Barranquilla,162,11141052.0,Bajo,2000000,1625361,0,Tarjeta,True
4165,42,Medellin,51,6393968.0,Medio,12000000,5747189,0,Tarjeta,False
4166,34,Bucaramanga,32,12671495.0,Bajo,1000000,850879,60,Tarjeta,False
4167,50,Barranquilla,137,9353720.0,Medio,12000000,4730171,0,Tarjeta,False
4168,48,Bucaramanga,100,6389079.0,Medio,8000000,7091103,0,Libre Destino,False
4169,55,Cali,4,13356148.0,Medio,12000000,6777764,0,Libre Destino,False
4170,19,Bogota,101,10981176.0,Bajo,4000000,1158761,90,Tarjeta,True
4171,24,Bucaramanga,131,10996170.0,Alto,8000000,2877071,90,Tarjeta,True
4172,45,Bucaramanga,96,4394663.0,Alto,2000000,1214522,0,Tarjeta,False
4173,45,Barranquilla,66,12318597.0,Medio,2000000,1354420,90,Tarjeta,False
4174,22,Barranquilla,107,6787576.0,Bajo,2000000,642070,0,Tarjeta,True
4175,61,Bogota,70,5840119.0,Alto,1000000,443571,0,Tarjeta,False
4176,70,Cali,139,6537877.0,Medio,12000000,9484190,60,Libre Destino,False
4177,22,Barranquilla,71,11021726.0,Medio,1000000,264361,0,Libre Destino,True
4178,28,Cali,168,3039437.0,Medio,4000000,3511736,90,Tarjeta,True
4179,37,Medellin,91,14367382.0,Medio,8000000,1173702,60,Libre Destino,False
4180,53,Cali,49,4935282.0,Medio,8000000,2762053,30,Tarjeta,False
4181,68,Barranquilla,167,2400506.0,Medio,2000000,873066,0,Tarjeta,False
4182,69,Barranquilla,60,2223209.0,Medio,2000000,482823,30,Libre Destino,False
4183,64,Bogota,125,3577733.0,Medio,4000000,1634361,30,Tarjeta,False
4184,49,Bogota,62,7466399.0,Alto,2000000,1706800,90,Tarjeta,False
4185,56,Barranquilla,143,5085243.0,Bajo,12000000,10724525,0,Tarjeta,False
4186,43,Cali,106,7921302.0,Medio,12000000,4645808,60,Libre Destino,False
4187,67,Cali,48,7692464.0,Medio,1000000,553460,0,Tarjeta,False
4188,25,Barranquilla,174,2017228.0,Alto,12000000,11395551,60,Tarjeta,True
4189,63,no_especificada,66,3762166.0,Alto,1000000,159632,90,Tarjeta,False
4190,53,Barranquilla,86,11253465.0,Alto,4000000,1062091,90,Libre Destino,False
4191,57,Cali,125,9838473.0,Medio,2000000,1117734,0,Tarjeta,False
4192,59,Medellin,143,3012988.0,Alto,2000000,1606635,30,Tarjeta,False
4193,22,Bogota,156,9123926.0,Alto,4000000,1967405,90,Libre Destino,True
4194,57,no_especificada,101,13537488.0,Bajo,8000000,4376079,90,Tarjeta,False
4195,62,no_especificada,17,11787335.0,Medio,1000000,340737,0,Libre Destino,False
4196,21,Bogota,109,4236787.0,Bajo,8000000,1901491,0,Tarjeta,True
4197,31,Medellin,29,14465408.0,Medio,12000000,8141533,30,Tarjeta,False
4198,65,Bogota,133,2149374.0,Alto,2000000,581257,0,Tarjeta,False
4199,32,Bogota,179,4343296.0,Alto,1000000,695999,60,Tarjeta,True
4200,26,no_especificada,128,11666235.0,Bajo,2000000,417378,60,Tarjeta,True
4201,49,Medellin,53,13428824.0,Medio,1000000,12533,0,Libre Destino,False
4202,62,no_especificada,153,10792719.0,Bajo,12000000,3423278,0,Libre Destino,False
4203,24,Barranquilla,140,7975697.0,Medio,12000000,1843222,0,Tarjeta,True
4204,55,Barranquilla,153,9907254.0,Medio,4000000,2126933,60,Tarjeta,False
4205,44,Cali,163,3851488.0,Bajo,2000000,1796698,0,Libre Destino,False
4206,75,Barranquilla,117,9639260.0,Medio,12000000,4245765,0,Tarjeta,False
4207,66,no_especificada,128,13220423.0,Medio,8000000,999823,60,Libre Destino,False
4208,62,Cali,17,3182156.0,Alto,4000000,1869672,0,Tarjeta,False
4209,32,Cali,64,9282504.0,Medio,12000000,145942,30,Tarjeta,False
4210,60,Bucaramanga,55,12303694.0,Bajo,4000000,2718248,0,Tarjeta,False
4211,26,no_especificada,157,12380060.0,Bajo,12000000,5590424,0,Tarjeta,True
4212,71,Barranquilla,116,14045160.0,Alto,1000000,923469,0,Libre Destino,False
4213,52,Medellin,74,1415514.0,Medio,1000000,667913,0,Libre Destino,False
4214,25,Barranquilla,174,8005464.0,Alto,2000000,385044,90,Libre Destino,True
4215,30,Medellin,1,2271825.0,Alto,8000000,2663966,30,Tarjeta,False
4216,47,Cali,80,13999736.0,Alto,8000000,3103376,90,Tarjeta,False
4217,40,Medellin,152,10076670.0,Medio,8000000,1470393,0,Tarjeta,False
4218,54,Bucaramanga,65,1356793.0,Bajo,8000000,3682932,0,Tarjeta,False
4219,60,Medellin,153,4596177.0,Medio,12000000,8777777,90,Libre Destino,False
4220,38,Medellin,118,10808403.0,Alto,1000000,299079,0,Tarjeta,False
4221,32,Medellin,35,7788643.0,Medio,1000000,4150,0,Tarjeta,False
4222,18,no_especificada,81,9555932.0,Bajo,2000000,619265,60,Tarjeta,True
4223,35,Bucaramanga,68,5406842.0,Alto,4000000,2895540,60,Libre Destino,False
4224,42,Cali,55,6578910.0,Alto,12000000,1439661,0,Tarjeta,False
4225,65,no_especificada,106,9285265.0,Alto,4000000,2445980,0,Tarjeta,False
4226,18,Barranquilla,164,4650679.0,Alto,1000000,41561,60,Tarjeta,True
4227,42,Medellin,166,8291887.0,Alto,8000000,1927478,0,Tarjeta,False
4228,20,Bucaramanga,176,5059364.0,Bajo,4000000,1546600,90,Tarjeta,True
4229,75,Bucaramanga,155,4027588.0,Medio,4000000,3485324,0,Tarjeta,False
4230,20,Bogota,147,9948117.0,Medio,4000000,2829888,30,Libre Destino,True
4231,66,Barranquilla,103,11995496.0,Medio,2000000,1728788,0,Tarjeta,False
4232,51,Medellin,86,8548927.0,Alto,1000000,260845,0,Tarjeta,False
4233,67,Barranquilla,158,5002053.0,Medio,8000000,2594815,90,Tarjeta,False
4234,38,Cali,166,14846075.0,Bajo,1000000,779516,0,Tarjeta,False
4235,63,Cali,104,2321267.0,Alto,1000000,778437,0,Tarjeta,False
4236,27,Barranquilla,109,6978024.0,Alto,8000000,3876158,0,Libre Destino,True
4237,52,Bogota,74,4286984.0,Medio,1000000,16115,60,Tarjeta,False
4238,48,Bucaramanga,97,14400070.0,Alto,1000000,685244,0,Tarjeta,False
4239,32,Bucaramanga,15,5072876.0,Medio,2000000,1605906,60,Tarjeta,False
4240,20,Barranquilla,83,7091076.0,Bajo,8000000,1656009,0,Tarjeta,True
4241,26,Barranquilla,173,14791262.0,Bajo,2000000,1653638,60,Tarjeta,True
4242,29,Barranquilla,177,6346961.0,Alto,8000000,3423084,60,Tarjeta,True
4243,66,no_especificada,58,7250509.0,Bajo,12000000,11592276,0,Tarjeta,False
4244,23,Cali,3,12211799.0,Bajo,8000000,548862,0,Tarjeta,False
4245,45,Bucaramanga,95,12270743.0,Medio,12000000,11419135,0,Tarjeta,False
4246,51,Cali,9,4144746.0,Medio,2000000,1473698,60,Tarjeta,False
4247,61,Cali,33,,Medio,8000000,4773222,30,Libre Destino,False
4248,73,Bucaramanga,166,13179173.0,Medio,1000000,751516,0,Libre Destino,False
4249,28,no_especificada,60,5549076.0,Alto,2000000,341805,90,Tarjeta,False
4250,49,Cali,106,10396902.0,Bajo,1000000,651933,0,Libre Destino,False
4251,44,Bucaramanga,35,6935446.0,Bajo,1000000,629558,0,Tarjeta,False
4252,21,Barranquilla,131,13126348.0,Bajo,12000000,11369377,0,Tarjeta,True
4253,22,Bucaramanga,110,14301546.0,Bajo,2000000,1466840,0,Tarjeta,True
4254,49,Barranquilla,63,8392548.0,Medio,4000000,3799570,30,Libre Destino,False
4255,20,Barranquilla,119,2324588.0,Bajo,12000000,3411042,0,Tarjeta,True
4256,24,Barranquilla,142,8806565.0,Bajo,8000000,3380961,0,Tarjeta,True
4257,35,Bucaramanga,133,13229870.0,Bajo,12000000,2466493,0,Tarjeta,False
4258,50,Cali,141,14161137.0,Bajo,8000000,2479526,0,Tarjeta,False
4259,74,Medellin,73,7976865.0,Medio,2000000,1167246,0,Tarjeta,False
4260,29,Barranquilla,99,12519091.0,Medio,12000000,4307643,60,Tarjeta,False
4261,69,Barranquilla,150,2806441.0,Alto,2000000,1851537,60,Tarjeta,False
4262,47,Bogota,176,12626248.0,Alto,8000000,1481161,30,Tarjeta,False
4263,73,Cali,23,4611744.0,Medio,12000000,7639096,30,Tarjeta,False
4264,59,Bucaramanga,46,7441592.0,Medio,8000000,4675789,60,Tarjeta,False
4265,49,Medellin,98,13645952.0,Bajo,2000000,626815,30,Tarjeta,False
4266,55,Medellin,135,6875710.0,Bajo,1000000,239936,60,Tarjeta,False
4267,24,Barranquilla,172,4485915.0,Bajo,8000000,778287,0,Tarjeta,True
4268,60,Bogota,48,1381195.0,Alto,1000000,187542,60,Tarjeta,False
4269,51,no_especificada,60,7719549.0,Bajo,12000000,2582626,30,Libre Destino,False
4270,72,Barranquilla,118,1289591.0,Alto,12000000,8133644,60,Tarjeta,False
4271,62,Barranquilla,107,3738333.0,Alto,12000000,9291754,0,Tarjeta,False
4272,67,Bogota,154,13739799.0,Bajo,8000000,2898556,60,Libre Destino,False
4273,63,no_especificada,127,13717351.0,Medio,2000000,174794,0,Libre Destino,False
4274,35,Barranquilla,56,13438235.0,Alto,4000000,1081494,0,Tarjeta,False
4275,40,Cali,9,8796537.0,Medio,1000000,762833,30,Tarjeta,False
4276,55,Bucaramanga,173,4781415.0,Medio,8000000,1825153,60,Tarjeta,False
4277,57,Medellin,84,8662718.0,Medio,4000000,2129200,60,Tarjeta,False
4278,26,Bucaramanga,14,14552083.0,Bajo,4000000,673636,90,Libre Destino,False
4279,19,Bogota,13,13611911.0,Bajo,1000000,959507,60,Tarjeta,True
4280,31,Barranquilla,9,1416362.0,Medio,1000000,763203,0,Libre Destino,False
4281,40,Barranquilla,56,12839494.0,Bajo,8000000,2657685,30,Tarjeta,False
4282,52,Cali,82,6080926.0,Alto,2000000,97129,60,Tarjeta,False
4283,69,Barranquilla,93,2977783.0,Bajo,1000000,125047,30,Libre Destino,False
4284,69,Medellin,109,4988960.0,Alto,2000000,196431,30,Libre Destino,False
4285,67,Medellin,153,8118724.0,Bajo,8000000,7538691,30,Libre Destino,False
4286,71,Bogota,106,2063632.0,Bajo,2000000,1667857,0,Libre Destino,False
4287,66,Barranquilla,104,3359874.0,Alto,12000000,9525854,60,Tarjeta,False
4288,59,Cali,127,6248569.0,Bajo,2000000,1290794,0,Libre Destino,False
4289,40,Cali,16,6514506.0,Alto,2000000,247077,90,Tarjeta,False
4290,21,Cali,27,3290978.0,Bajo,12000000,9428176,90,Libre Destino,False
4291,48,Bogota,154,9209688.0,Medio,2000000,1650340,0,Libre Destino,False
4292,43,Barranquilla,34,9092830.0,Alto,4000000,1826030,90,Tarjeta,False
4293,71,Bucaramanga,15,10378495.0,Medio,1000000,859737,0,Tarjeta,False
4294,34,Medellin,37,14582425.0,Bajo,4000000,3571690,0,Tarjeta,False
4295,25,Barranquilla,161,5750523.0,Alto,4000000,483425,0,Tarjeta,True
4296,51,no_especificada,34,7931637.0,Alto,2000000,116841,0,Tarjeta,False
4297,44,no_especificada,180,10971801.0,Medio,4000000,3634571,30,Tarjeta,False
4298,39,Cali,13,7458356.0,Bajo,8000000,4531007,90,Tarjeta,False
4299,35,Medellin,176,4191349.0,Bajo,12000000,11543649,90,Libre Destino,False
4300,68,Bucaramanga,74,6991912.0,Alto,8000000,5153790,0,Tarjeta,False
4301,47,Cali,65,2293392.0,Medio,1000000,838034,30,Libre Destino,False
4302,56,Bogota,54,4870012.0,Alto,4000000,1962694,0,Libre Destino,False
4303,27,Medellin,69,2144166.0,Bajo,12000000,1408293,60,Tarjeta,False
4304,53,Cali,70,11682067.0,Medio,8000000,4322864,0,Tarjeta,False
4305,65,Barranquilla,55,3905418.0,Medio,12000000,10736525,0,Libre Destino,False
4306,23,Cali,115,14841562.0,Alto,8000000,6237523,30,Tarjeta,True
4307,47,Bucaramanga,169,2225414.0,Alto,1000000,557104,0,Tarjeta,False
4308,71,Cali,46,13779480.0,Alto,1000000,723571,60,Tarjeta,False
4309,46,no_especificada,127,14065149.0,Alto,8000000,113504,30,Tarjeta,False
4310,25,Bucaramanga,84,14367909.0,Medio,4000000,2596102,0,Tarjeta,False
4311,33,Bogota,39,10857721.0,Medio,4000000,491463,60,Tarjeta,False
4312,60,Cali,108,5025114.0,Medio,2000000,1167204,90,Libre Destino,False
4313,50,Medellin,176,4364674.0,Medio,1000000,29312,0,Tarjeta,False
4314,52,Bucaramanga,37,7009131.0,Alto,4000000,191323,0,Libre Destino,False
4315,43,Barranquilla,67,4267363.0,Medio,1000000,942492,30,Libre Destino,False
4316,63,Medellin,4,9704647.0,Medio,8000000,2134901,0,Tarjeta,False
4317,69,Barranquilla,115,4937536.0,Alto,4000000,2955906,0,Tarjeta,False
4318,61,Bogota,76,7862022.0,Medio,2000000,503826,0,Libre Destino,False
4319,28,Bogota,160,9055087.0,Bajo,4000000,447920,30,Tarjeta,True
4320,62,Bucaramanga,121,7579597.0,Medio,8000000,5481751,0,Tarjeta,False
4321,31,Medellin,126,13454960.0,Bajo,1000000,148469,30,Libre Destino,False
4322,54,Barranquilla,115,8700684.0,Medio,12000000,6281002,30,Tarjeta,False
4323,45,Medellin,19,3388747.0,Bajo,4000000,2604615,60,Tarjeta,False
4324,48,Bogota,129,13439037.0,Bajo,12000000,1464926,30,Tarjeta,False
4325,25,Bogota,66,9894775.0,Alto,4000000,874135,90,Tarjeta,False
4326,46,no_especificada,141,3715411.0,Medio,8000000,641922,30,Libre Destino,False
4327,25,Bucaramanga,147,1504856.0,Alto,4000000,3874372,0,Tarjeta,True
4328,27,Bogota,146,7588415.0,Bajo,2000000,1210548,0,Tarjeta,True
4329,46,Bogota,151,13114442.0,Alto,4000000,1744400,0,Libre Destino,False
4330,40,Cali,69,14275322.0,Medio,1000000,719568,0,Libre Destino,False
4331,35,Medellin,34,6174062.0,Alto,2000000,134280,0,Tarjeta,False
4332,20,Bucaramanga,120,14880715.0,Medio,12000000,9653741,60,Tarjeta,True
4333,63,Bogota,69,3520952.0,Bajo,2000000,1194359,0,Tarjeta,False
4334,35,Medellin,169,13942255.0,Medio,1000000,155561,0,Tarjeta,False
4335,20,Cali,162,14744195.0,Bajo,8000000,7638327,0,Libre Destino,True
4336,57,Bogota,17,12688058.0,Bajo,4000000,1725526,0,Libre Destino,False
4337,70,Bucaramanga,108,14134560.0,Bajo,8000000,5536409,0,Tarjeta,False
4338,47,Bucaramanga,129,1547032.0,Alto,8000000,5686904,30,Tarjeta,False
4339,48,Bogota,152,1675896.0,Bajo,4000000,3762859,90,Tarjeta,False
4340,65,Medellin,79,3317687.0,Bajo,4000000,3718411,30,Tarjeta,False
4341,72,Bucaramanga,152,10744046.0,Alto,1000000,690407,0,Tarjeta,False
4342,45,Bogota,15,3476639.0,Alto,1000000,719135,30,Libre Destino,False
4343,49,Bogota,146,12699783.0,Alto,1000000,915303,0,Tarjeta,False
4344,39,no_especificada,175,11032326.0,Alto,4000000,649860,0,Tarjeta,False
4345,61,no_especificada,43,2282500.0,Alto,4000000,3878480,0,Tarjeta,False
4346,74,Bucaramanga,130,12007974.0,Alto,12000000,9571863,0,Tarjeta,False
4347,63,Medellin,166,13483729.0,Bajo,2000000,930426,30,Tarjeta,False
4348,41,no_especificada,45,5589199.0,Bajo,8000000,5750496,0,Libre Destino,False
4349,44,Medellin,86,2608146.0,Bajo,12000000,4544495,0,Tarjeta,False
4350,29,Bogota,29,13933211.0,Medio,8000000,5430180,60,Tarjeta,False
4351,33,Cali,51,4418418.0,Alto,4000000,598129,90,Libre Destino,False
4352,71,Bogota,44,10004509.0,Alto,2000000,1951438,30,Tarjeta,False
4353,56,Cali,15,9785190.0,Alto,12000000,11237456,0,Tarjeta,False
4354,66,Bogota,176,13232096.0,Medio,8000000,6832725,90,Tarjeta,False
4355,45,no_especificada,113,2784414.0,Bajo,1000000,617843,0,Libre Destino,False
4356,71,Bogota,73,13506288.0,Medio,12000000,11620132,60,Libre Destino,False
4357,21,Barranquilla,95,10668701.0,Medio,1000000,769770,30,Tarjeta,True
4358,45,Bucaramanga,65,12025722.0,Medio,1000000,436666,0,Tarjeta,False
4359,58,no_especificada,129,1835431.0,Bajo,2000000,563082,30,Tarjeta,False
4360,68,no_especificada,135,12655677.0,Medio,8000000,2475479,0,Tarjeta,False
4361,21,no_especificada,107,7058305.0,Medio,2000000,1451267,90,Tarjeta,True
4362,36,Medellin,133,14377100.0,Bajo,2000000,1509837,0,Tarjeta,False
4363,63,Cali,18,13530668.0,Medio,1000000,94534,0,Libre Destino,False
4364,65,Bogota,157,2150093.0,Alto,1000000,484057,60,Tarjeta,False
4365,65,no_especificada,60,8037700.0,Alto,2000000,1008610,30,Tarjeta,False
4366,67,Bogota,8,2962626.0,Medio,8000000,1480722,0,Tarjeta,False
4367,43,Cali,92,13250108.0,Medio,2000000,1677124,90,Tarjeta,False
4368,59,Cali,64,10201041.0,Bajo,1000000,177733,90,Libre Destino,False
4369,49,no_especificada,22,4362871.0,Alto,8000000,688743,0,Libre Destino,False
4370,31,Bucaramanga,146,5534447.0,Alto,1000000,844782,60,Libre Destino,False
4371,55,Bucaramanga,16,10235502.0,Medio,12000000,4423303,90,Libre Destino,False
4372,25,Bucaramanga,69,6199953.0,Medio,12000000,9122582,0,Tarjeta,False
4373,67,no_especificada,132,12822045.0,Medio,8000000,1643856,60,Tarjeta,False
4374,64,Bogota,108,12339819.0,Medio,2000000,621198,90,Tarjeta,False
4375,35,Bogota,156,3561589.0,Bajo,4000000,412723,60,Tarjeta,False
4376,31,Bogota,180,11376927.0,Bajo,12000000,7094941,90,Tarjeta,True
4377,19,Cali,49,4223800.0,Medio,1000000,132683,90,Libre Destino,True
4378,19,Cali,70,6484440.0,Medio,8000000,2030451,90,Libre Destino,True
4379,36,Barranquilla,106,4129554.0,Alto,2000000,1026011,0,Tarjeta,False
4380,62,Barranquilla,107,10776452.0,Alto,2000000,1853071,90,Tarjeta,False
4381,53,Cali,30,3475941.0,Bajo,12000000,4690561,90,Libre Destino,False
4382,64,Bogota,160,5580396.0,Medio,1000000,567849,60,Tarjeta,False
4383,65,Bucaramanga,26,2025168.0,Alto,2000000,1688668,90,Tarjeta,False
4384,58,Bogota,113,,Alto,12000000,2629637,0,Tarjeta,False
4385,62,no_especificada,99,13927946.0,Medio,4000000,2067801,0,Libre Destino,False
4386,32,Cali,79,7214122.0,Medio,2000000,259102,60,Tarjeta,False
4387,20,Medellin,3,6940100.0,Alto,2000000,948303,90,Tarjeta,False
4388,48,no_especificada,139,6543916.0,Bajo,8000000,294615,0,Tarjeta,False
4389,54,Barranquilla,31,3507847.0,Alto,8000000,1085314,60,Tarjeta,False
4390,18,Cali,13,13427741.0,Bajo,8000000,6612338,90,Libre Destino,True
4391,32,Cali,161,6691016.0,Medio,2000000,1327563,0,Tarjeta,False
4392,32,Barranquilla,124,12405326.0,Alto,4000000,3441512,0,Libre Destino,False
4393,68,Cali,140,12021947.0,Medio,2000000,419216,30,Tarjeta,False
4394,41,Cali,21,10926551.0,Bajo,1000000,283687,0,Tarjeta,False
4395,33,Bucaramanga,129,2721970.0,Medio,2000000,836883,60,Libre Destino,False
4396,34,no_especificada,167,5240235.0,Medio,4000000,2145504,30,Libre Destino,False
4397,37,Bogota,129,6316055.0,Medio,12000000,2311620,0,Tarjeta,False
4398,73,Barranquilla,69,12782844.0,Bajo,1000000,679089,90,Tarjeta,False
4399,42,Bogota,113,12321108.0,Alto,2000000,70775,0,Tarjeta,False
4400,65,Bogota,106,4519836.0,Alto,4000000,579600,30,Tarjeta,False
4401,29,Medellin,7,4462149.0,Medio,4000000,1847919,0,Libre Destino,False
4402,61,Barranquilla,130,13803759.0,Medio,12000000,382192,30,Tarjeta,False
4403,69,Bucaramanga,47,4526271.0,Alto,8000000,2804263,0,Libre Destino,False
4404,61,Cali,77,3386416.0,Medio,2000000,812774,30,Tarjeta,False
4405,54,Bucaramanga,87,12205996.0,Medio,4000000,2992521,0,Tarjeta,False
4406,41,Medellin,115,10995528.0,Bajo,2000000,1971235,30,Tarjeta,False
4407,38,Bucaramanga,45,9975927.0,Alto,2000000,199051,0,Tarjeta,False
4408,22,Cali,88,4989038.0,Alto,2000000,959846,0,Libre Destino,True
4409,31,Medellin,86,11077894.0,Medio,4000000,3277125,0,Tarjeta,False
4410,36,Barranquilla,129,12643242.0,Bajo,12000000,9093358,90,Tarjeta,False
4411,31,Cali,73,12236076.0,Medio,12000000,760451,0,Tarjeta,False
4412,55,Barranquilla,125,3876594.0,Bajo,1000000,548340,0,Libre Destino,False
4413,61,Medellin,132,13905556.0,Alto,4000000,2347044,30,Tarjeta,False
4414,70,Cali,164,3107216.0,Bajo,1000000,249644,90,Tarjeta,False
4415,70,Medellin,87,13351148.0,Bajo,1000000,570609,30,Tarjeta,False
4416,21,Barranquilla,45,2336254.0,Alto,8000000,586412,30,Libre Destino,True
4417,60,Medellin,13,3831067.0,Bajo,8000000,3519596,30,Tarjeta,False
4418,52,Barranquilla,63,7686816.0,Bajo,1000000,544302,0,Tarjeta,False
4419,25,Medellin,86,9083898.0,Bajo,2000000,1530727,0,Tarjeta,True
4420,46,Bogota,122,12403592.0,Medio,8000000,2699151,60,Tarjeta,False
4421,67,Medellin,143,6371670.0,Bajo,8000000,6927005,0,Libre Destino,False
4422,41,no_especificada,158,12394338.0,Alto,4000000,1125960,30,Tarjeta,False
4423,45,Medellin,24,11952643.0,Medio,12000000,2961886,30,Libre Destino,False
4424,48,Medellin,179,14939321.0,Medio,8000000,2892303,90,Libre Destino,False
4425,41,Bogota,169,8433661.0,Alto,1000000,147385,0,Tarjeta,False
4426,74,no_especificada,109,14479356.0,Bajo,4000000,2553592,0,Libre Destino,False
4427,44,no_especificada,41,7519692.0,Medio,8000000,7849763,0,Tarjeta,False
4428,33,no_especificada,34,8506812.0,Medio,8000000,5170336,60,Tarjeta,False
4429,20,no_especificada,43,3412870.0,Medio,1000000,911781,90,Libre Destino,True
4430,28,Medellin,35,8290161.0,Alto,2000000,205617,30,Libre Destino,False
4431,71,Bogota,172,5927009.0,Alto,12000000,11800256,30,Tarjeta,False
4432,32,Cali,109,6558866.0,Bajo,4000000,3277274,0,Tarjeta,False
4433,41,Medellin,170,11839212.0,Bajo,1000000,794756,30,Tarjeta,False
4434,56,Bogota,39,13047698.0,Medio,2000000,1842208,90,Tarjeta,False
4435,64,Medellin,63,6329795.0,Bajo,8000000,2221622,60,Tarjeta,False
4436,45,Bogota,150,4695607.0,Bajo,2000000,945869,0,Libre Destino,False
4437,40,Barranquilla,86,10357790.0,Bajo,8000000,4968054,0,Tarjeta,False
4438,19,Bogota,70,11977202.0,Bajo,2000000,1985201,0,Tarjeta,True
4439,20,Bucaramanga,139,10920136.0,Alto,2000000,385546,0,Tarjeta,True
4440,25,Bogota,48,4427549.0,Medio,4000000,1583644,90,Tarjeta,False
4441,70,Medellin,64,3773223.0,Medio,12000000,9985608,30,Tarjeta,False
4442,30,Barranquilla,1,11951554.0,Alto,4000000,1013975,30,Libre Destino,False
4443,41,Medellin,179,12826682.0,Medio,4000000,1118613,0,Libre Destino,False
4444,64,Bogota,176,12670164.0,Alto,1000000,330353,0,Tarjeta,False
4445,44,Medellin,126,8184576.0,Alto,8000000,4364493,0,Libre Destino,False
4446,36,Barranquilla,17,10298493.0,Medio,12000000,11988504,0,Tarjeta,False
4447,24,Barranquilla,29,8023410.0,Medio,4000000,3256489,60,Tarjeta,False
4448,45,no_especificada,107,7069624.0,Alto,2000000,5085,0,Libre Destino,False
4449,19,Cali,92,14835580.0,Medio,2000000,1543006,0,Tarjeta,True
4450,30,Cali,79,5939855.0,Alto,2000000,1206595,0,Tarjeta,False
4451,56,Bucaramanga,29,11338087.0,Alto,4000000,3434106,30,Tarjeta,False
4452,33,Bucaramanga,117,2645173.0,Alto,4000000,674549,90,Libre Destino,False
4453,22,Cali,9,5683156.0,Medio,12000000,11648173,0,Tarjeta,False
4454,18,Cali,130,6074299.0,Alto,12000000,3500204,90,Tarjeta,True
4455,70,Bucaramanga,159,5815824.0,Medio,2000000,2417,60,Tarjeta,False
4456,28,Bogota,83,3478116.0,Bajo,1000000,488872,0,Tarjeta,False
4457,48,Medellin,44,10045631.0,Medio,4000000,3685281,0,Tarjeta,False
4458,35,Cali,167,2094622.0,Bajo,12000000,246297,60,Tarjeta,False
4459,48,Cali,147,9806362.0,Bajo,1000000,72552,0,Tarjeta,False
4460,38,Cali,109,11656480.0,Medio,2000000,1278613,0,Libre Destino,False
4461,22,Cali,165,8893293.0,Bajo,12000000,2162037,0,Tarjeta,True
4462,59,no_especificada,58,8698946.0,Bajo,8000000,6914488,30,Tarjeta,False
4463,71,Bucaramanga,78,11648743.0,Bajo,1000000,189194,0,Tarjeta,False
4464,46,Barranquilla,90,3148868.0,Alto,2000000,402855,0,Tarjeta,False
4465,30,no_especificada,138,3191809.0,Bajo,12000000,2960817,90,Tarjeta,False
4466,49,no_especificada,87,10875721.0,Medio,4000000,2774115,90,Tarjeta,False
4467,32,Bogota,151,5757781.0,Alto,1000000,429206,0,Tarjeta,False
4468,34,Cali,111,2016920.0,Medio,8000000,6697634,60,Libre Destino,False
4469,53,Medellin,62,7493636.0,Alto,8000000,6658934,30,Libre Destino,False
4470,74,Barranquilla,40,4706311.0,Medio,12000000,1699637,0,Tarjeta,False
4471,26,no_especificada,174,8698364.0,Medio,4000000,1461206,60,Tarjeta,True
4472,27,Cali,122,5717374.0,Alto,1000000,735650,60,Tarjeta,True
4473,30,no_especificada,31,3491969.0,Bajo,2000000,160598,0,Libre Destino,False
4474,73,Barranquilla,146,7166714.0,Bajo,12000000,11021493,90,Libre Destino,False
4475,33,Medellin,176,11702333.0,Alto,8000000,6998274,0,Tarjeta,False
4476,59,Cali,127,2744845.0,Bajo,8000000,656174,0,Libre Destino,False
4477,36,Bogota,166,13501161.0,Alto,12000000,5786377,0,Libre Destino,False
4478,23,no_especificada,112,5114331.0,Bajo,12000000,5015253,0,Tarjeta,True
4479,56,no_especificada,110,8023623.0,Medio,2000000,1278375,30,Libre Destino,False
4480,23,Cali,33,8004966.0,Medio,2000000,1004646,30,Libre Destino,False
4481,66,Bucaramanga,135,7622239.0,Medio,4000000,1954845,90,Tarjeta,False
4482,63,Medellin,79,4123493.0,Medio,12000000,6360283,0,Tarjeta,False
4483,46,Cali,100,8687292.0,Medio,8000000,820050,0,Libre Destino,False
4484,24,Bogota,4,3164265.0,Bajo,4000000,1249786,0,Tarjeta,False
4485,69,Medellin,45,6041105.0,Medio,1000000,131441,30,Tarjeta,False
4486,31,Bucaramanga,179,4732557.0,Medio,4000000,548940,0,Libre Destino,True
4487,36,Bogota,141,4482853.0,Alto,12000000,10607198,0,Libre Destino,False
4488,67,no_especificada,127,13277433.0,Alto,4000000,1809199,0,Libre Destino,False
4489,52,Barranquilla,100,10731236.0,Medio,2000000,136247,0,Tarjeta,False
4490,31,Bogota,101,6064919.0,Alto,2000000,1013382,0,Tarjeta,False
4491,25,Bogota,80,13386691.0,Medio,8000000,7638069,60,Libre Destino,False
4492,49,no_especificada,95,12203972.0,Medio,8000000,104882,30,Tarjeta,False
4493,55,Medellin,97,7898338.0,Alto,8000000,7101837,0,Tarjeta,False
4494,64,Cali,155,7630293.0,Medio,4000000,1303724,30,Tarjeta,False
4495,35,no_especificada,172,9474695.0,Medio,2000000,894398,60,Tarjeta,False
4496,74,Barranquilla,143,3709612.0,Alto,2000000,382490,90,Libre Destino,False
4497,29,Barranquilla,151,1477197.0,Alto,2000000,1649052,60,Tarjeta,True
4498,58,Medellin,65,6367854.0,Bajo,12000000,3456357,90,Tarjeta,False
4499,49,Cali,16,4880403.0,Alto,4000000,2157365,30,Tarjeta,False
4500,69,Barranquilla,141,2299092.0,Medio,8000000,6289916,0,Tarjeta,False
4501,40,Cali,109,6214860.0,Alto,1000000,503338,90,Tarjeta,False
4502,43,Bogota,140,5455019.0,Alto,4000000,1770910,0,Libre Destino,False
4503,46,no_especificada,55,14357998.0,Medio,2000000,1087338,30,Libre Destino,False
4504,24,no_especificada,122,11463366.0,Bajo,8000000,5839414,0,Tarjeta,True
4505,67,Bucaramanga,114,8314980.0,Bajo,2000000,1275618,0,Tarjeta,False
4506,65,Medellin,8,8310777.0,Bajo,2000000,1300726,0,Libre Destino,False
4507,67,Cali,56,10996137.0,Alto,8000000,1489121,0,Tarjeta,False
4508,37,Cali,80,10198748.0,Alto,12000000,8234179,0,Libre Destino,False
4509,73,Barranquilla,88,7019044.0,Medio,2000000,45400,0,Tarjeta,False
4510,74,Medellin,130,8559436.0,Bajo,2000000,1397989,30,Tarjeta,False
4511,73,Bogota,75,2892940.0,Medio,2000000,999815,30,Tarjeta,False
4512,75,no_especificada,61,3227738.0,Alto,2000000,1202168,30,Libre Destino,False
4513,32,Barranquilla,6,6415251.0,Bajo,12000000,2952225,90,Libre Destino,False
4514,74,Barranquilla,31,11053933.0,Medio,8000000,3190364,30,Libre Destino,False
4515,43,Cali,167,9095381.0,Alto,4000000,2683752,0,Tarjeta,False
4516,25,no_especificada,160,6008398.0,Alto,2000000,1881603,0,Tarjeta,True
4517,56,Barranquilla,146,2345615.0,Medio,4000000,906917,60,Tarjeta,False
4518,60,Bucaramanga,91,13356929.0,Bajo,2000000,1759167,0,Tarjeta,False
4519,29,Barranquilla,100,5520224.0,Medio,2000000,913808,60,Tarjeta,False
4520,41,Barranquilla,160,14453410.0,Bajo,4000000,2906203,60,Tarjeta,False
4521,49,Medellin,105,,Medio,12000000,8477720,30,Libre Destino,False
4522,71,Bucaramanga,111,1355931.0,Alto,4000000,2901995,60,Tarjeta,False
4523,24,Bucaramanga,23,14880577.0,Alto,1000000,282292,30,Libre Destino,False
4524,68,Bogota,80,12370192.0,Medio,4000000,2043473,0,Libre Destino,False
4525,40,Bogota,60,3932647.0,Alto,12000000,5629336,60,Libre Destino,False
4526,63,Bogota,12,7450413.0,Alto,2000000,90235,60,Tarjeta,False
4527,61,Medellin,55,11395968.0,Alto,2000000,345545,0,Tarjeta,False
4528,45,no_especificada,99,7030575.0,Alto,8000000,5385391,0,Tarjeta,False
4529,24,no_especificada,19,8783296.0,Alto,8000000,6096674,0,Tarjeta,False
4530,56,Cali,149,2752962.0,Medio,1000000,516545,60,Libre Destino,False
4531,74,Bucaramanga,105,10062117.0,Alto,4000000,3814954,0,Libre Destino,False
4532,50,Barranquilla,42,6135792.0,Medio,12000000,1027464,0,Tarjeta,False
4533,59,Cali,114,5785809.0,Medio,8000000,6621228,90,Tarjeta,False
4534,72,Bogota,141,2345426.0,Alto,4000000,118255,30,Libre Destino,False
4535,71,Bogota,172,13412772.0,Alto,4000000,1184206,0,Tarjeta,False
4536,48,Bogota,126,2130422.0,Bajo,2000000,220923,0,Tarjeta,False
4537,57,Bogota,84,10932867.0,Alto,8000000,1455691,90,Tarjeta,False
4538,58,no_especificada,40,5248257.0,Alto,2000000,70073,60,Tarjeta,False
4539,56,Bogota,131,4645101.0,Medio,8000000,1740241,60,Libre Destino,False
4540,24,no_especificada,22,10537701.0,Bajo,2000000,1040977,0,Tarjeta,False
4541,34,Bogota,50,1688395.0,Medio,12000000,2619352,90,Tarjeta,False
4542,33,Cali,168,10900465.0,Bajo,2000000,523905,0,Tarjeta,False
4543,54,Medellin,103,1567196.0,Medio,1000000,420243,0,Tarjeta,False
4544,66,Barranquilla,62,1502816.0,Medio,12000000,5899596,30,Libre Destino,False
4545,26,Barranquilla,100,14943305.0,Bajo,12000000,3091811,0,Tarjeta,True
4546,27,no_especificada,72,1622289.0,Medio,2000000,1830396,0,Tarjeta,False
4547,54,Bogota,47,9170016.0,Bajo,2000000,1625288,30,Tarjeta,False
4548,59,no_especificada,100,5705508.0,Medio,12000000,2879116,90,Tarjeta,False
4549,37,Cali,60,5985708.0,Bajo,1000000,720051,30,Tarjeta,False
4550,37,no_especificada,149,8528370.0,Bajo,12000000,6195460,0,Tarjeta,False
4551,60,Cali,63,2657201.0,Alto,12000000,10052331,0,Tarjeta,False
4552,37,Cali,64,13934384.0,Alto,8000000,7301266,0,Tarjeta,False
4553,73,Barranquilla,24,10181093.0,Alto,2000000,349236,0,Tarjeta,False
4554,63,Bucaramanga,172,10226381.0,Medio,2000000,1348885,0,Tarjeta,False
4555,48,no_especificada,88,14931018.0,Alto,2000000,1200437,0,Tarjeta,False
4556,65,Bogota,78,14799394.0,Alto,12000000,7177199,0,Libre Destino,False
4557,31,no_especificada,168,9404383.0,Alto,1000000,971166,0,Tarjeta,True
4558,30,Bogota,149,1426087.0,Medio,4000000,3847045,0,Libre Destino,True
4559,75,no_especificada,149,4561018.0,Alto,12000000,8451246,0,Tarjeta,False
4560,25,no_especificada,159,13376684.0,Bajo,8000000,2198494,90,Tarjeta,True
4561,28,no_especificada,85,9523829.0,Bajo,1000000,691234,0,Tarjeta,False
4562,34,Bogota,89,12361175.0,Medio,12000000,1757214,0,Tarjeta,False
4563,52,Barranquilla,56,12979798.0,Alto,2000000,486071,0,Libre Destino,False
4564,20,Cali,165,3639022.0,Bajo,4000000,1762768,60,Tarjeta,True
4565,56,no_especificada,134,9830292.0,Medio,12000000,8831075,0,Tarjeta,False
4566,53,Medellin,180,14178105.0,Bajo,1000000,895883,30,Libre Destino,False
4567,64,Cali,134,2450849.0,Alto,1000000,8501,30,Tarjeta,False
4568,53,Cali,125,4843516.0,Alto,2000000,1205665,0,Tarjeta,False
4569,51,Bucaramanga,42,12221349.0,Bajo,12000000,1229715,60,Tarjeta,False
4570,47,Medellin,109,14106707.0,Medio,8000000,7610669,30,Tarjeta,False
4571,57,Medellin,149,14030087.0,Alto,1000000,393573,0,Tarjeta,False
4572,21,Bucaramanga,131,3994166.0,Bajo,2000000,8293,30,Libre Destino,True
4573,29,Bucaramanga,19,1509987.0,Bajo,4000000,865050,60,Tarjeta,False
4574,66,Bogota,33,1967473.0,Medio,1000000,177922,0,Tarjeta,False
4575,47,Bogota,52,10628336.0,Bajo,8000000,213593,0,Tarjeta,False
4576,22,Bogota,5,12645923.0,Bajo,4000000,1845027,90,Tarjeta,False
4577,68,Bogota,137,4129504.0,Medio,12000000,2946364,30,Tarjeta,False
4578,56,Bogota,118,12256709.0,Medio,8000000,4700885,0,Libre Destino,False
4579,64,Barranquilla,68,8006087.0,Bajo,8000000,5919326,30,Tarjeta,False
4580,72,Medellin,131,3332028.0,Medio,1000000,951577,0,Tarjeta,False
4581,45,no_especificada,26,2844225.0,Medio,1000000,23661,0,Tarjeta,False
4582,26,no_especificada,125,4286393.0,Medio,2000000,1537880,0,Tarjeta,True
4583,43,Bogota,31,6300781.0,Alto,12000000,8270484,30,Tarjeta,False
4584,70,no_especificada,170,4820407.0,Alto,1000000,465853,0,Libre Destino,False
4585,55,Barranquilla,16,6800930.0,Medio,1000000,273344,0,Tarjeta,False
4586,63,Barranquilla,55,5730036.0,Medio,4000000,2983972,0,Tarjeta,False
4587,22,Cali,125,7821413.0,Bajo,8000000,2619542,30,Tarjeta,True
4588,56,Cali,124,12643591.0,Alto,1000000,451855,30,Tarjeta,False
4589,53,Cali,119,8625929.0,Alto,8000000,5016975,90,Libre Destino,False
4590,40,Barranquilla,23,5455823.0,Bajo,2000000,649856,0,Tarjeta,False
4591,61,Bucaramanga,148,6891100.0,Bajo,8000000,1318899,0,Tarjeta,False
4592,54,Barranquilla,87,9312873.0,Bajo,12000000,2995422,60,Tarjeta,False
4593,75,Bucaramanga,55,14588764.0,Alto,8000000,2394251,0,Tarjeta,False
4594,37,Barranquilla,136,9803491.0,Medio,2000000,1488640,60,Libre Destino,False
4595,43,Bucaramanga,121,10721224.0,Medio,1000000,408591,0,Tarjeta,False
4596,37,Bogota,114,1487415.0,Alto,12000000,6801783,30,Libre Destino,False
4597,65,Barranquilla,89,6308422.0,Medio,12000000,324213,60,Tarjeta,False
4598,26,Cali,152,7372296.0,Bajo,1000000,212606,0,Tarjeta,True
4599,37,no_especificada,54,6908319.0,Bajo,4000000,603577,90,Tarjeta,False
4600,26,Cali,6,7723771.0,Bajo,2000000,976932,60,Tarjeta,False
4601,68,Cali,57,8132496.0,Medio,8000000,520784,60,Tarjeta,False
4602,73,Medellin,82,12174123.0,Medio,4000000,2782085,0,Tarjeta,False
4603,36,Medellin,96,8296553.0,Medio,2000000,1697321,0,Libre Destino,False
4604,42,Medellin,151,12565379.0,Alto,2000000,1314625,30,Tarjeta,False
4605,62,Cali,112,14575291.0,Bajo,1000000,868947,0,Tarjeta,False
4606,58,Barranquilla,128,13107704.0,Medio,8000000,2574201,30,Libre Destino,False
4607,64,Barranquilla,57,12696308.0,Bajo,4000000,1722514,30,Tarjeta,False
4608,24,Cali,80,6046075.0,Alto,8000000,5773658,0,Tarjeta,True
4609,50,Bogota,90,6883161.0,Bajo,1000000,253686,90,Tarjeta,False
4610,48,Barranquilla,136,14064794.0,Bajo,4000000,996457,0,Tarjeta,False
4611,30,no_especificada,173,4548079.0,Medio,2000000,512613,30,Tarjeta,True
4612,73,Bogota,139,11668123.0,Alto,4000000,1305900,0,Libre Destino,False
4613,47,Medellin,70,8821924.0,Medio,1000000,976989,30,Libre Destino,False
4614,41,Bogota,129,12233735.0,Bajo,2000000,279624,0,Libre Destino,False
4615,49,no_especificada,109,1546450.0,Alto,8000000,3529716,0,Tarjeta,False
4616,23,Bucaramanga,95,2246625.0,Medio,1000000,101675,30,Tarjeta,True
4617,40,Bogota,32,8950039.0,Alto,8000000,7159144,60,Libre Destino,False
4618,47,Medellin,7,6481688.0,Medio,12000000,5269580,0,Tarjeta,False
4619,24,Medellin,100,2477276.0,Alto,1000000,856329,90,Tarjeta,True
4620,38,Barranquilla,93,4228892.0,Alto,8000000,4411021,0,Libre Destino,False
4621,44,Medellin,102,13080036.0,Medio,4000000,1562636,0,Tarjeta,False
4622,25,no_especificada,129,1571112.0,Alto,12000000,10321619,0,Tarjeta,True
4623,75,Bogota,142,2686142.0,Bajo,8000000,5033943,30,Tarjeta,False
4624,50,Cali,82,14764161.0,Bajo,1000000,11600,0,Tarjeta,False
4625,29,Medellin,171,5483950.0,Medio,2000000,464186,60,Tarjeta,True
4626,57,Medellin,109,6065527.0,Alto,8000000,2123802,90,Tarjeta,False
4627,33,Medellin,45,13609204.0,Bajo,1000000,131330,0,Tarjeta,False
4628,38,Cali,120,14479320.0,Alto,8000000,6866970,90,Tarjeta,False
4629,47,Medellin,29,2681543.0,Medio,8000000,6839061,0,Tarjeta,False
4630,54,Bucaramanga,43,1913858.0,Bajo,2000000,468780,0,Libre Destino,False
4631,71,Medellin,106,6435015.0,Bajo,4000000,3200845,0,Tarjeta,False
4632,46,Bogota,22,13713469.0,Alto,4000000,2582155,30,Libre Destino,False
4633,25,Cali,90,11583569.0,Alto,2000000,707822,0,Tarjeta,True
4634,37,Barranquilla,165,13748850.0,Bajo,1000000,386875,60,Libre Destino,False
4635,64,Cali,57,2897774.0,Medio,1000000,237430,90,Libre Destino,False
4636,20,Cali,96,5914728.0,Bajo,2000000,769158,0,Tarjeta,True
4637,34,Barranquilla,21,5963637.0,Bajo,4000000,3213735,0,Libre Destino,False
4638,49,Medellin,167,13781292.0,Bajo,1000000,349197,0,Libre Destino,False
4639,64,Bucaramanga,129,4208450.0,Alto,8000000,1532368,0,Tarjeta,False
4640,55,Cali,87,13423141.0,Bajo,1000000,415597,60,Libre Destino,False
4641,31,Bogota,62,12344760.0,Medio,8000000,1572537,90,Libre Destino,False
4642,24,Barranquilla,146,4215038.0,Bajo,1000000,66553,0,Tarjeta,True
4643,26,Bogota,171,2495472.0,Bajo,2000000,1407615,0,Tarjeta,True
4644,50,Bogota,116,6207781.0,Bajo,1000000,927024,0,Tarjeta,False
4645,29,Medellin,136,3866061.0,Medio,12000000,1699251,60,Libre Destino,True
4646,58,no_especificada,68,12452855.0,Bajo,2000000,660322,0,Tarjeta,False
4647,29,Cali,15,9142875.0,Bajo,4000000,1756045,90,Tarjeta,False
4648,24,Bogota,135,10590334.0,Medio,4000000,663476,0,Libre Destino,True
4649,47,Cali,122,7696453.0,Medio,8000000,1437237,0,Tarjeta,False
4650,61,no_especificada,24,6041568.0,Medio,1000000,387717,0,Tarjeta,False
4651,68,Medellin,138,13874415.0,Alto,1000000,243862,0,Libre Destino,False
4652,32,no_especificada,106,9052307.0,Alto,12000000,10347976,60,Tarjeta,False
4653,34,Barranquilla,147,11697691.0,Bajo,8000000,5313927,60,Libre Destino,False
4654,50,no_especificada,118,5971487.0,Bajo,4000000,379287,0,Libre Destino,False
4655,45,Bogota,113,14984488.0,Medio,8000000,7610225,0,Libre Destino,False
4656,50,Bogota,106,5424000.0,Medio,12000000,8341122,0,Libre Destino,False
4657,39,Medellin,27,5255392.0,Bajo,1000000,243277,0,Tarjeta,False
4658,26,no_especificada,121,,Bajo,1000000,179897,0,Libre Destino,True
4659,40,Bucaramanga,174,3894372.0,Bajo,1000000,826196,60,Tarjeta,False
4660,23,Barranquilla,165,14771819.0,Medio,1000000,170909,60,Tarjeta,True
4661,31,Bogota,139,6092134.0,Medio,12000000,11924096,0,Tarjeta,False
4662,23,Bogota,38,10085831.0,Medio,8000000,456632,60,Libre Destino,False
4663,46,Bogota,101,4321617.0,Bajo,2000000,543443,0,Tarjeta,False
4664,60,Barranquilla,131,12889070.0,Bajo,2000000,1068323,0,Tarjeta,False
4665,34,Bogota,85,13161381.0,Bajo,12000000,2303078,60,Tarjeta,False
4666,75,Medellin,112,9064668.0,Medio,1000000,136783,0,Libre Destino,False
4667,67,Barranquilla,118,8029685.0,Bajo,12000000,6992508,60,Tarjeta,False
4668,23,Bogota,98,10094186.0,Bajo,1000000,178004,0,Tarjeta,True
4669,25,Medellin,133,13181434.0,Medio,2000000,1546759,0,Libre Destino,True
4670,25,Medellin,54,11270891.0,Medio,1000000,20766,0,Tarjeta,False
4671,69,Bucaramanga,74,5619608.0,Medio,1000000,521552,0,Libre Destino,False
4672,20,Bucaramanga,156,14028807.0,Medio,8000000,4161517,90,Tarjeta,True
4673,73,Bucaramanga,124,13004955.0,Bajo,8000000,2306254,60,Tarjeta,False
4674,71,no_especificada,55,4747124.0,Medio,8000000,6234600,0,Libre Destino,False
4675,20,Bucaramanga,131,3340275.0,Alto,2000000,1548971,0,Libre Destino,True
4676,21,Bogota,159,6941705.0,Bajo,4000000,3151672,30,Tarjeta,True
4677,46,Medellin,168,7638039.0,Medio,12000000,10329670,30,Tarjeta,False
4678,49,Cali,85,6612118.0,Bajo,8000000,6965663,0,Libre Destino,False
4679,43,no_especificada,24,7076624.0,Bajo,1000000,545495,0,Tarjeta,False
4680,25,Bogota,2,10407102.0,Alto,12000000,7251730,0,Libre Destino,False
4681,42,Bucaramanga,29,6593874.0,Medio,4000000,2844314,30,Libre Destino,False
4682,26,Barranquilla,62,8238609.0,Alto,1000000,510443,0,Tarjeta,False
4683,55,Barranquilla,136,4033223.0,Bajo,1000000,680541,0,Tarjeta,False
4684,19,Medellin,174,4827686.0,Bajo,2000000,361089,0,Tarjeta,True
4685,54,Barranquilla,77,9504777.0,Medio,2000000,238363,60,Tarjeta,False
4686,64,Barranquilla,27,6766305.0,Bajo,2000000,606876,0,Libre Destino,False
4687,62,Bucaramanga,71,1394866.0,Medio,4000000,327743,30,Libre Destino,False
4688,40,Medellin,116,3133886.0,Medio,4000000,1092721,0,Tarjeta,False
4689,74,Barranquilla,156,4647189.0,Bajo,1000000,892493,0,Libre Destino,False
4690,44,Medellin,25,11572497.0,Bajo,2000000,750224,0,Tarjeta,False
4691,69,Barranquilla,11,2503929.0,Alto,1000000,587861,90,Tarjeta,False
4692,29,Barranquilla,123,6978493.0,Alto,1000000,418181,0,Libre Destino,False
4693,31,Bucaramanga,137,12390221.0,Medio,1000000,861505,0,Tarjeta,False
4694,52,Bogota,76,6275472.0,Bajo,2000000,430069,0,Tarjeta,False
4695,57,Cali,158,2671792.0,Bajo,2000000,1776024,0,Tarjeta,False
4696,64,Bucaramanga,1,6064043.0,Alto,8000000,2528385,90,Tarjeta,False
4697,33,no_especificada,49,4159837.0,Alto,4000000,3801858,30,Libre Destino,False
4698,34,Medellin,40,7743918.0,Alto,12000000,1326395,30,Tarjeta,False
4699,61,no_especificada,137,3821669.0,Medio,1000000,838343,90,Libre Destino,False
4700,50,Bucaramanga,143,14109558.0,Bajo,4000000,963603,60,Libre Destino,False
4701,68,Barranquilla,64,5641009.0,Medio,8000000,5471471,0,Libre Destino,False
4702,23,Bogota,15,14873724.0,Alto,1000000,986274,90,Libre Destino,False
4703,26,Medellin,152,11613115.0,Medio,4000000,2417800,0,Libre Destino,True
4704,64,Medellin,91,14835981.0,Bajo,2000000,1067779,0,Tarjeta,False
4705,58,Bucaramanga,150,7643461.0,Medio,4000000,2999831,60,Tarjeta,False
4706,59,Bucaramanga,10,6178067.0,Medio,8000000,1580216,60,Tarjeta,False
4707,49,no_especificada,88,14604828.0,Medio,4000000,1094636,90,Tarjeta,False
4708,75,Medellin,53,11636159.0,Bajo,12000000,7815622,0,Libre Destino,False
4709,33,Barranquilla,178,10351210.0,Medio,12000000,5438568,30,Tarjeta,False
4710,56,Cali,141,7321159.0,Bajo,12000000,8868210,60,Tarjeta,False
4711,20,Bucaramanga,63,1532865.0,Bajo,1000000,266982,0,Tarjeta,True
4712,32,Bogota,173,5557085.0,Bajo,12000000,944440,0,Tarjeta,True
4713,50,Barranquilla,36,10154942.0,Bajo,8000000,672981,60,Libre Destino,False
4714,66,Bogota,48,8636534.0,Bajo,1000000,155582,90,Tarjeta,False
4715,32,Bucaramanga,130,8131716.0,Medio,1000000,653126,60,Tarjeta,False
4716,51,Bogota,52,12539382.0,Bajo,4000000,1930485,90,Tarjeta,False
4717,63,Medellin,77,5263878.0,Bajo,1000000,596894,60,Tarjeta,False
4718,32,Bogota,15,5199104.0,Medio,4000000,3163103,0,Tarjeta,False
4719,45,Bogota,105,10430172.0,Medio,4000000,3510985,90,Libre Destino,False
4720,69,Bucaramanga,28,11859775.0,Alto,2000000,1563593,60,Tarjeta,False
4721,56,Barranquilla,33,12658955.0,Medio,4000000,2069277,90,Tarjeta,False
4722,28,Barranquilla,46,1212203.0,Bajo,12000000,8167305,0,Libre Destino,False
4723,32,Bucaramanga,161,13622085.0,Medio,12000000,8436606,0,Tarjeta,False
4724,58,Barranquilla,73,13597774.0,Medio,4000000,3926302,0,Tarjeta,False
4725,54,no_especificada,173,7713454.0,Alto,2000000,1092461,60,Tarjeta,False
4726,32,Bogota,121,10050126.0,Medio,1000000,120686,0,Tarjeta,False
4727,42,Barranquilla,145,10510890.0,Medio,2000000,1109151,0,Tarjeta,False
4728,49,Medellin,176,6708633.0,Medio,2000000,113725,30,Libre Destino,False
4729,70,Bogota,82,6402153.0,Bajo,4000000,910538,60,Libre Destino,False
4730,24,Bucaramanga,94,10577844.0,Alto,8000000,7565614,0,Tarjeta,True
4731,28,Bucaramanga,43,1947012.0,Medio,2000000,135113,90,Tarjeta,False
4732,70,no_especificada,53,8431706.0,Alto,4000000,792650,30,Tarjeta,False
4733,35,Barranquilla,69,12575891.0,Bajo,12000000,7765851,60,Tarjeta,False
4734,18,Barranquilla,101,10231626.0,Bajo,8000000,3667943,60,Tarjeta,True
4735,34,Bogota,133,11014377.0,Alto,1000000,98668,0,Tarjeta,False
4736,33,no_especificada,75,4193007.0,Bajo,2000000,1646873,0,Tarjeta,False
4737,27,Bogota,143,9731290.0,Medio,8000000,6014685,0,Tarjeta,True
4738,35,Cali,111,8969302.0,Bajo,8000000,1223472,90,Tarjeta,False
4739,71,Medellin,42,4184604.0,Bajo,1000000,391558,0,Tarjeta,False
4740,29,no_especificada,149,11423107.0,Alto,12000000,1258759,90,Tarjeta,True
4741,24,Barranquilla,94,8679083.0,Alto,12000000,4849068,0,Libre Destino,True
4742,67,Cali,37,4833980.0,Medio,4000000,1070807,0,Tarjeta,False
4743,21,no_especificada,169,6865065.0,Medio,2000000,211415,90,Tarjeta,True
4744,47,Medellin,148,14655229.0,Alto,8000000,3272653,60,Libre Destino,False
4745,63,no_especificada,108,8575314.0,Alto,1000000,497375,30,Libre Destino,False
4746,58,Bogota,50,4254939.0,Bajo,4000000,3043706,30,Tarjeta,False
4747,42,Medellin,98,11416160.0,Alto,8000000,3234051,0,Libre Destino,False
4748,45,Bogota,162,7437705.0,Medio,8000000,4548286,0,Tarjeta,False
4749,49,Medellin,94,12641374.0,Alto,2000000,313692,0,Libre Destino,False
4750,49,no_especificada,63,7890274.0,Medio,8000000,3975624,0,Libre Destino,False
4751,72,no_especificada,43,7798314.0,Bajo,12000000,4597070,60,Libre Destino,False
4752,22,Barranquilla,130,7825622.0,Alto,12000000,3898093,0,Libre Destino,True
4753,74,Bogota,10,14607690.0,Medio,8000000,4660330,60,Tarjeta,False
4754,30,Bucaramanga,130,8605022.0,Alto,2000000,198237,60,Libre Destino,False
4755,19,Medellin,5,8684885.0,Bajo,12000000,4451986,0,Tarjeta,False
4756,52,Barranquilla,29,8039898.0,Alto,8000000,4846718,60,Libre Destino,False
4757,73,Bucaramanga,101,10032313.0,Bajo,8000000,6618525,90,Tarjeta,False
4758,34,Medellin,7,8630031.0,Medio,2000000,1680685,30,Libre Destino,False
4759,52,no_especificada,119,11717265.0,Bajo,1000000,402834,60,Tarjeta,False
4760,41,Bogota,63,9047562.0,Medio,2000000,1994644,60,Libre Destino,False
4761,41,Bogota,165,2150809.0,Bajo,4000000,1324774,0,Tarjeta,False
4762,46,Bucaramanga,179,6386658.0,Bajo,8000000,775631,30,Libre Destino,False
4763,30,no_especificada,99,10021527.0,Medio,1000000,87478,0,Tarjeta,False
4764,24,Medellin,120,4492794.0,Bajo,12000000,6288134,60,Tarjeta,True
4765,56,Cali,68,4560657.0,Bajo,2000000,670908,0,Libre Destino,False
4766,22,no_especificada,28,6942072.0,Bajo,4000000,2742404,0,Tarjeta,False
4767,60,Barranquilla,109,8777842.0,Alto,8000000,7908767,90,Tarjeta,False
4768,28,Medellin,102,8176403.0,Alto,2000000,412886,0,Tarjeta,False
4769,32,Bogota,121,8796235.0,Medio,12000000,7566971,0,Tarjeta,False
4770,71,Bogota,75,9745089.0,Alto,2000000,1774520,0,Libre Destino,False
4771,73,Bogota,77,10854037.0,Medio,4000000,3840238,30,Libre Destino,False
4772,59,Cali,131,2374644.0,Medio,12000000,339580,0,Libre Destino,False
4773,28,Barranquilla,127,6706309.0,Alto,1000000,891145,90,Tarjeta,True
4774,47,no_especificada,18,10608291.0,Medio,8000000,1722044,0,Tarjeta,False
4775,74,Bucaramanga,8,13286637.0,Medio,2000000,1506249,0,Tarjeta,False
4776,24,Medellin,105,4346148.0,Medio,12000000,4499504,60,Tarjeta,True
4777,60,Cali,89,1511066.0,Medio,8000000,5168897,0,Tarjeta,False
4778,41,Bogota,94,1897737.0,Medio,8000000,6396654,30,Tarjeta,False
4779,60,Cali,161,3830384.0,Medio,2000000,1572894,0,Tarjeta,False
4780,25,Bogota,162,7249884.0,Bajo,8000000,2478716,90,Tarjeta,True
4781,50,Bucaramanga,116,7793523.0,Alto,4000000,19629,0,Libre Destino,False
4782,51,no_especificada,155,12809096.0,Medio,2000000,571169,90,Tarjeta,False
4783,57,Barranquilla,7,7030161.0,Alto,1000000,659232,60,Tarjeta,False
4784,23,Bogota,154,13068490.0,Medio,4000000,3662226,30,Tarjeta,True
4785,33,Bucaramanga,72,7098596.0,Medio,8000000,3255407,0,Libre Destino,False
4786,18,Bogota,41,14806099.0,Medio,2000000,987104,0,Tarjeta,True
4787,23,Barranquilla,32,7963467.0,Medio,4000000,1182530,90,Tarjeta,False
4788,69,Barranquilla,96,6567486.0,Bajo,8000000,7217775,0,Libre Destino,False
4789,32,Barranquilla,96,5802227.0,Bajo,1000000,424159,0,Tarjeta,False
4790,73,Cali,143,12607946.0,Alto,4000000,1781084,0,Libre Destino,False
4791,26,Bogota,3,14735752.0,Bajo,1000000,583900,90,Tarjeta,False
4792,39,Bucaramanga,15,3698850.0,Alto,8000000,3886654,60,Tarjeta,False
4793,26,Bogota,129,7072866.0,Medio,12000000,10421738,60,Tarjeta,True
4794,49,Medellin,43,6492268.0,Bajo,2000000,1286566,0,Libre Destino,False
4795,37,Medellin,88,,Alto,1000000,683383,0,Tarjeta,False
4796,18,no_especificada,68,8128525.0,Bajo,2000000,1071202,30,Tarjeta,True
4797,29,no_especificada,136,14900457.0,Bajo,2000000,1919922,30,Tarjeta,True
4798,60,Bogota,179,2017345.0,Bajo,12000000,241936,90,Tarjeta,False
4799,60,Bucaramanga,15,5580055.0,Alto,12000000,4245339,30,Libre Destino,False
4800,19,Medellin,14,2662740.0,Bajo,4000000,991817,60,Libre Destino,True
4801,46,Barranquilla,131,12248210.0,Medio,12000000,11104443,90,Tarjeta,False
4802,46,Bogota,164,1553183.0,Bajo,8000000,3164467,0,Tarjeta,False
4803,60,Medellin,94,7171177.0,Medio,4000000,646470,30,Tarjeta,False
4804,56,no_especificada,164,3513071.0,Alto,8000000,5735446,90,Tarjeta,False
4805,32,no_especificada,76,11285921.0,Medio,2000000,615118,30,Tarjeta,False
4806,45,Medellin,140,11137404.0,Alto,12000000,7305333,90,Tarjeta,False
4807,54,no_especificada,126,2640740.0,Alto,12000000,9038459,90,Tarjeta,False
4808,75,Bogota,72,9398822.0,Bajo,4000000,919955,30,Tarjeta,False
4809,62,no_especificada,87,2934413.0,Alto,8000000,4095179,0,Libre Destino,False
4810,53,Bucaramanga,92,6431045.0,Medio,4000000,764361,90,Libre Destino,False
4811,29,no_especificada,131,11862052.0,Alto,4000000,1776,0,Tarjeta,False
4812,74,Barranquilla,57,7804804.0,Bajo,1000000,176698,30,Tarjeta,False
4813,51,Bucaramanga,28,1886698.0,Alto,8000000,2962719,30,Tarjeta,False
4814,49,Bucaramanga,131,9297780.0,Bajo,4000000,3816070,0,Tarjeta,False
4815,51,Medellin,139,14340383.0,Medio,8000000,2167884,60,Tarjeta,False
4816,36,Barranquilla,111,9322703.0,Alto,4000000,937895,0,Tarjeta,False
4817,74,Medellin,90,11875045.0,Medio,2000000,1432353,90,Libre Destino,False
4818,32,Cali,39,6231197.0,Medio,12000000,4631116,30,Tarjeta,False
4819,42,Bogota,72,4018637.0,Medio,8000000,2872739,30,Tarjeta,False
4820,44,Cali,45,12142152.0,Medio,4000000,701886,60,Tarjeta,False
4821,25,Bucaramanga,115,1571443.0,Alto,4000000,3955747,30,Tarjeta,True
4822,41,Bogota,34,11734914.0,Bajo,12000000,4134897,60,Tarjeta,False
4823,48,Bogota,71,7839237.0,Alto,2000000,245783,0,Tarjeta,False
4824,39,Cali,167,7015249.0,Bajo,8000000,1893678,0,Libre Destino,False
4825,42,Bucaramanga,7,6822271.0,Alto,12000000,6696648,30,Tarjeta,False
4826,61,no_especificada,96,3779997.0,Medio,8000000,7618036,0,Tarjeta,False
4827,21,Cali,35,1257638.0,Medio,2000000,1590012,30,Libre Destino,False
4828,61,Barranquilla,95,6839131.0,Medio,8000000,5475026,0,Tarjeta,False
4829,45,no_especificada,156,13893373.0,Medio,2000000,16406,60,Tarjeta,False
4830,43,Bucaramanga,125,12152447.0,Bajo,12000000,5678100,60,Tarjeta,False
4831,31,Bucaramanga,31,9730494.0,Alto,2000000,646401,0,Tarjeta,False
4832,19,Bogota,120,10809522.0,Bajo,12000000,627142,30,Tarjeta,True
4833,75,no_especificada,113,12654352.0,Alto,2000000,338883,60,Libre Destino,False
4834,67,Bucaramanga,39,13826803.0,Bajo,4000000,2662191,90,Tarjeta,False
4835,38,Barranquilla,156,2137120.0,Medio,2000000,1475326,30,Libre Destino,False
4836,51,Cali,119,4165353.0,Bajo,12000000,6311159,0,Tarjeta,False
4837,38,Bucaramanga,42,2955258.0,Medio,4000000,1349858,90,Tarjeta,False
4838,50,Medellin,123,6972767.0,Medio,2000000,712190,0,Libre Destino,False
4839,37,Bogota,162,9599530.0,Bajo,4000000,3347442,0,Tarjeta,False
4840,31,Bogota,102,11632016.0,Bajo,1000000,596132,30,Tarjeta,False
4841,51,Barranquilla,17,11129686.0,Bajo,2000000,1825560,60,Libre Destino,False
4842,52,Medellin,58,7963769.0,Bajo,2000000,1547065,0,Libre Destino,False
4843,33,Medellin,29,12234162.0,Medio,12000000,6717725,0,Tarjeta,False
4844,60,Bucaramanga,46,8223027.0,Alto,2000000,188972,0,Tarjeta,False
4845,69,no_especificada,78,14576182.0,Bajo,1000000,638266,60,Tarjeta,False
4846,31,no_especificada,6,10935788.0,Alto,1000000,955830,60,Tarjeta,False
4847,47,Bucaramanga,117,2507146.0,Alto,4000000,3135113,90,Tarjeta,False
4848,51,Medellin,63,6196576.0,Bajo,12000000,10762139,0,Libre Destino,False
4849,22,Medellin,36,2075336.0,Alto,1000000,931505,0,Libre Destino,False
4850,64,no_especificada,112,11757099.0,Alto,1000000,658330,0,Tarjeta,False
4851,51,Medellin,79,12194030.0,Bajo,8000000,4418608,90,Tarjeta,False
4852,18,Bogota,48,14804498.0,Bajo,1000000,789522,60,Tarjeta,True
4853,18,Bucaramanga,139,9830942.0,Medio,1000000,598136,60,Tarjeta,True
4854,61,Cali,119,5351622.0,Medio,4000000,2393286,0,Libre Destino,False
4855,27,no_especificada,168,13281124.0,Alto,2000000,1320184,0,Tarjeta,True
4856,50,no_especificada,14,8124114.0,Alto,2000000,846673,90,Tarjeta,False
4857,30,Barranquilla,45,8045422.0,Bajo,12000000,376747,60,Tarjeta,False
4858,20,Bucaramanga,167,12500646.0,Bajo,2000000,117884,60,Libre Destino,True
4859,32,Barranquilla,100,8431245.0,Medio,1000000,912630,30,Libre Destino,False
4860,48,Medellin,167,6273461.0,Medio,4000000,1883085,60,Libre Destino,False
4861,34,no_especificada,176,12179817.0,Medio,8000000,1427675,30,Libre Destino,False
4862,54,Medellin,176,13119348.0,Alto,8000000,7550311,0,Libre Destino,False
4863,27,Medellin,134,2555630.0,Alto,12000000,11350610,60,Tarjeta,True
4864,74,Bogota,6,7061885.0,Medio,8000000,3009309,0,Tarjeta,False
4865,73,Medellin,48,3228594.0,Alto,1000000,927988,0,Tarjeta,False
4866,48,Cali,61,3651387.0,Medio,12000000,7080037,0,Libre Destino,False
4867,20,Bucaramanga,88,6596045.0,Medio,12000000,8100968,0,Libre Destino,True
4868,52,Barranquilla,144,4806682.0,Alto,4000000,88155,0,Tarjeta,False
4869,69,Barranquilla,5,11484471.0,Bajo,8000000,5680793,0,Libre Destino,False
4870,42,no_especificada,143,4487901.0,Medio,12000000,11497091,60,Tarjeta,False
4871,45,Medellin,169,14321759.0,Medio,4000000,3335954,0,Libre Destino,False
4872,40,Cali,143,1255567.0,Alto,2000000,492587,0,Tarjeta,False
4873,54,Medellin,13,5009787.0,Medio,4000000,418626,90,Libre Destino,False
4874,71,no_especificada,58,9467446.0,Alto,4000000,3819138,90,Tarjeta,False
4875,23,Bogota,70,10895014.0,Bajo,8000000,600446,90,Tarjeta,True
4876,46,Bucaramanga,129,7851630.0,Bajo,4000000,1035065,0,Tarjeta,False
4877,71,no_especificada,88,14597955.0,Bajo,1000000,477502,0,Tarjeta,False
4878,20,Medellin,5,14531774.0,Bajo,4000000,603012,0,Libre Destino,False
4879,38,Bucaramanga,132,13898654.0,Medio,1000000,117133,30,Tarjeta,False
4880,48,Medellin,174,6205687.0,Medio,12000000,952019,60,Tarjeta,False
4881,30,Cali,131,4936081.0,Bajo,12000000,3192506,60,Tarjeta,False
4882,57,Barranquilla,43,4568238.0,Medio,1000000,101386,0,Tarjeta,False
4883,41,Cali,94,2309190.0,Medio,8000000,1611793,60,Tarjeta,False
4884,19,Bucaramanga,1,6858447.0,Medio,8000000,7688503,0,Libre Destino,False
4885,56,no_especificada,147,2610542.0,Bajo,1000000,745165,0,Tarjeta,False
4886,50,Medellin,163,8851659.0,Medio,8000000,4536581,0,Tarjeta,False
4887,35,Medellin,57,8714297.0,Alto,1000000,672577,0,Libre Destino,False
4888,32,Bogota,36,7512948.0,Medio,2000000,1215245,90,Tarjeta,False
4889,43,Bucaramanga,9,13007464.0,Medio,12000000,2943444,0,Tarjeta,False
4890,47,Bogota,116,14067191.0,Alto,12000000,709814,60,Libre Destino,False
4891,27,Barranquilla,78,4128256.0,Alto,1000000,855915,0,Tarjeta,False
4892,32,Bucaramanga,177,10605832.0,Bajo,8000000,7863440,90,Tarjeta,True
4893,59,Cali,88,11095933.0,Medio,1000000,15296,0,Libre Destino,False
4894,59,no_especificada,133,10258208.0,Alto,8000000,6992001,0,Tarjeta,False
4895,25,Bogota,173,9636427.0,Alto,12000000,6525370,0,Tarjeta,True
4896,34,Cali,85,3706958.0,Medio,4000000,841823,90,Tarjeta,False
4897,41,Cali,159,5884716.0,Alto,12000000,2351370,60,Tarjeta,False
4898,25,Bucaramanga,141,1348046.0,Alto,12000000,9867518,90,Libre Destino,True
4899,30,Bucaramanga,18,3066360.0,Alto,4000000,617860,0,Libre Destino,False
4900,66,Cali,175,8923574.0,Medio,4000000,3130913,0,Libre Destino,False
4901,35,Bucaramanga,139,12732434.0,Bajo,2000000,1232640,90,Libre Destino,False
4902,62,Medellin,174,2154496.0,Alto,2000000,753183,30,Tarjeta,False
4903,54,no_especificada,89,13836970.0,Bajo,1000000,733735,90,Tarjeta,False
4904,35,Barranquilla,116,2473322.0,Alto,1000000,624957,0,Libre Destino,False
4905,31,Barranquilla,58,10497204.0,Alto,8000000,7854555,90,Tarjeta,False
4906,75,Bucaramanga,44,14813864.0,Alto,12000000,8813957,90,Libre Destino,False
4907,39,Medellin,96,11109156.0,Bajo,12000000,7265162,30,Tarjeta,False
4908,31,Medellin,116,1518013.0,Bajo,12000000,2437924,60,Libre Destino,False
4909,51,Bucaramanga,39,10975948.0,Alto,12000000,5046446,0,Tarjeta,False
4910,74,Bogota,57,12568338.0,Medio,4000000,686707,0,Libre Destino,False
4911,19,no_especificada,11,8558698.0,Medio,4000000,1256946,0,Tarjeta,False
4912,68,Bogota,26,8127631.0,Alto,2000000,669635,30,Tarjeta,False
4913,64,Bogota,74,10780472.0,Medio,4000000,587352,60,Libre Destino,False
4914,69,no_especificada,99,13562375.0,Bajo,2000000,1064179,90,Tarjeta,False
4915,45,no_especificada,115,11699238.0,Medio,1000000,239215,0,Tarjeta,False
4916,34,Cali,56,10490283.0,Alto,2000000,1107082,60,Tarjeta,False
4917,54,Cali,140,14682999.0,Alto,1000000,220204,0,Libre Destino,False
4918,67,Barranquilla,21,8734615.0,Medio,4000000,890645,0,Libre Destino,False
4919,74,Medellin,86,12053375.0,Bajo,2000000,477448,90,Tarjeta,False
4920,52,Bogota,150,2101779.0,Bajo,8000000,1296791,30,Tarjeta,False
4921,31,Barranquilla,58,4718763.0,Alto,2000000,1854428,60,Libre Destino,False
4922,68,Cali,115,5817463.0,Medio,8000000,4130631,0,Libre Destino,False
4923,72,Bogota,66,9443585.0,Alto,1000000,100879,0,Tarjeta,False
4924,50,Bucaramanga,83,11462934.0,Alto,1000000,518713,0,Libre Destino,False
4925,70,Bogota,140,9044813.0,Alto,2000000,1976436,0,Tarjeta,False
4926,35,no_especificada,137,9065645.0,Bajo,8000000,3526295,0,Tarjeta,False
4927,25,Medellin,175,11304911.0,Medio,12000000,9795072,0,Tarjeta,True
4928,68,Bogota,62,8407719.0,Medio,4000000,7045,30,Tarjeta,False
4929,35,Bogota,105,8793172.0,Alto,2000000,642204,60,Libre Destino,False
4930,70,Medellin,126,7430293.0,Bajo,8000000,7863214,30,Libre Destino,False
4931,54,Bucaramanga,120,6159362.0,Alto,1000000,33851,60,Libre Destino,False
4932,59,no_especificada,118,,Bajo,12000000,9491545,60,Libre Destino,False
4933,36,no_especificada,94,9060048.0,Alto,8000000,1726628,0,Tarjeta,False
4934,55,Bogota,40,10413153.0,Alto,12000000,11626752,60,Libre Destino,False
4935,45,Bucaramanga,54,4703386.0,Medio,4000000,1514166,0,Libre Destino,False
4936,55,Bogota,104,4195523.0,Medio,4000000,1521611,0,Libre Destino,False
4937,51,no_especificada,33,12969850.0,Medio,2000000,1130282,0,Libre Destino,False
4938,71,Bucaramanga,50,12361988.0,Medio,4000000,1554225,0,Libre Destino,False
4939,57,no_especificada,33,4669992.0,Medio,2000000,135188,0,Tarjeta,False
4940,60,Cali,99,3465705.0,Medio,2000000,1227395,0,Tarjeta,False
4941,48,Barranquilla,56,10552768.0,Medio,1000000,590983,0,Tarjeta,False
4942,37,Bucaramanga,151,5239561.0,Alto,2000000,1286229,30,Tarjeta,False
4943,45,Bucaramanga,20,8037983.0,Bajo,1000000,985108,0,Tarjeta,False
4944,72,no_especificada,98,1873786.0,Alto,4000000,120828,30,Libre Destino,False
4945,59,no_especificada,89,10371035.0,Alto,12000000,9355977,30,Tarjeta,False
4946,55,Cali,27,13680222.0,Medio,4000000,2228531,90,Libre Destino,False
4947,53,Cali,111,13723923.0,Medio,8000000,1180904,60,Tarjeta,False
4948,65,Bucaramanga,70,2825776.0,Medio,4000000,1715817,0,Libre Destino,False
4949,43,Bucaramanga,49,9892324.0,Medio,2000000,86750,30,Tarjeta,False
4950,32,Bogota,97,7299285.0,Alto,1000000,296743,0,Tarjeta,False
4951,56,Bogota,6,2202994.0,Alto,8000000,4820400,0,Tarjeta,False
4952,74,Bogota,154,13472918.0,Alto,2000000,1776059,0,Tarjeta,False
4953,18,no_especificada,174,4300509.0,Bajo,2000000,1086698,60,Tarjeta,True
4954,48,no_especificada,86,9990908.0,Medio,2000000,1500971,30,Tarjeta,False
4955,68,Bucaramanga,128,10466770.0,Medio,4000000,367502,0,Libre Destino,False
4956,75,no_especificada,120,14887057.0,Bajo,8000000,6657846,30,Tarjeta,False
4957,51,Bogota,143,10499808.0,Alto,12000000,11416651,60,Libre Destino,False
4958,37,Cali,58,9768461.0,Bajo,8000000,3543012,0,Tarjeta,False
4959,70,Bogota,143,10214882.0,Medio,4000000,3248857,0,Libre Destino,False
4960,58,Bucaramanga,101,10938634.0,Medio,8000000,7694369,60,Libre Destino,False
4961,75,Bogota,35,3388153.0,Bajo,8000000,2630872,90,Tarjeta,False
4962,60,Bucaramanga,45,3643920.0,Alto,4000000,1502546,0,Tarjeta,False
4963,67,no_especificada,171,5497315.0,Medio,2000000,1402061,30,Tarjeta,False
4964,46,Bucaramanga,104,5362569.0,Medio,12000000,9093078,60,Tarjeta,False
4965,70,no_especificada,172,5313851.0,Bajo,1000000,924982,0,Libre Destino,False
4966,23,Bogota,115,8146589.0,Bajo,2000000,863882,0,Libre Destino,True
4967,51,Barranquilla,125,6786984.0,Medio,8000000,4234487,0,Libre Destino,False
4968,70,Medellin,157,14110115.0,Medio,2000000,1995767,0,Tarjeta,False
4969,67,Bogota,68,7026870.0,Alto,1000000,524812,60,Tarjeta,False
4970,59,Barranquilla,21,7111587.0,Bajo,12000000,7887007,30,Tarjeta,False
4971,65,Medellin,41,3292179.0,Medio,4000000,1441992,30,Tarjeta,False
4972,31,no_especificada,167,14951110.0,Alto,4000000,2346690,30,Libre Destino,True
4973,42,Bucaramanga,84,7287806.0,Bajo,8000000,4584632,0,Tarjeta,False
4974,66,Barranquilla,16,7706510.0,Medio,2000000,1364514,60,Tarjeta,False
4975,22,Barranquilla,104,3600027.0,Alto,12000000,1801524,60,Tarjeta,True
4976,40,Barranquilla,35,9932139.0,Alto,8000000,5641482,0,Tarjeta,False
4977,69,Barranquilla,88,12016177.0,Medio,12000000,4216993,30,Tarjeta,False
4978,52,Medellin,86,13052853.0,Medio,12000000,11846071,30,Tarjeta,False
4979,68,Bucaramanga,144,8489871.0,Medio,12000000,9783549,90,Libre Destino,False
4980,37,Bogota,100,5262547.0,Bajo,2000000,152975,90,Tarjeta,False
4981,64,no_especificada,20,8748772.0,Alto,4000000,329492,30,Tarjeta,False
4982,22,Medellin,167,12972876.0,Alto,4000000,3109249,60,Tarjeta,True
4983,69,Bogota,50,5147720.0,Alto,12000000,6372403,30,Libre Destino,False
4984,69,Bogota,108,14439607.0,Bajo,2000000,477327,0,Tarjeta,False
4985,35,Medellin,9,8928038.0,Medio,2000000,1561243,30,Tarjeta,False
4986,69,Bogota,53,6603621.0,Bajo,12000000,526845,0,Tarjeta,False
4987,71,Medellin,132,3393991.0,Bajo,2000000,280159,30,Tarjeta,False
4988,30,Cali,15,12898635.0,Medio,2000000,1443721,0,Tarjeta,False
4989,33,Bogota,143,11335648.0,Medio,12000000,1726172,30,Tarjeta,False
4990,46,Bucaramanga,2,4813354.0,Bajo,2000000,392923,0,Libre Destino,False
4991,22,Barranquilla,149,14551335.0,Bajo,12000000,1207040,30,Libre Destino,True
4992,52,Medellin,19,13387534.0,Alto,2000000,1799227,0,Libre Destino,False
4993,60,Bogota,139,7028453.0,Alto,1000000,119857,30,Tarjeta,False
4994,34,Medellin,141,7418841.0,Bajo,12000000,8367242,30,Tarjeta,False
4995,47,Bogota,12,8211595.0,Medio,8000000,5719959,0,Tarjeta,False
4996,55,Bogota,54,7741030.0,Medio,4000000,1201694,0,Libre Destino,False
4997,43,Medellin,75,13375279.0,Alto,8000000,3847893,0,Tarjeta,False
4998,50,Bucaramanga,34,8830683.0,Medio,2000000,1683073,60,Libre Destino,False
4999,54,Cali,96,13365806.0,Alto,2000000,558968,30,Tarjeta,False
5000,69,Barranquilla,57,6914885.0,Bajo,12000000,7701385,0,Libre Destino,False
