id_cliente,facturacion_total,segmentacion
3777,39726071,Heavy Users
4844,38807337,Heavy Users
1961,36424331,Heavy Users
3673,35920288,Heavy Users
2399,35637405,Heavy Users
2679,35505927,Heavy Users
3307,34895674,Heavy Users
3069,34158736,Heavy Users
3267,33964305,Heavy Users
653,33864344,Heavy Users
932,33429367,Heavy Users
3329,33313564,Heavy Users
3628,33168919,Heavy Users
3544,33089505,Heavy Users
3697,33057644,Heavy Users
4648,32529845,Heavy Users
4799,32418536,Heavy Users
87,32216305,Heavy Users
3359,32208350,Heavy Users
233,32096463,Heavy Users
3548,32079236,Heavy Users
556,31903408,Heavy Users
1117,31520776,Heavy Users
3146,31380883,Heavy Users
4566,31221974,Heavy Users
2348,31221387,Heavy Users
469,31185084,Heavy Users
4996,31036677,Heavy Users
119,31010691,Heavy Users
1143,30739052,Heavy Users
2513,30737007,Heavy Users
2826,30696739,Heavy Users
2500,30672297,Heavy Users
2636,30659464,Heavy Users
1443,30468317,Heavy Users
821,30330513,Heavy Users
4853,30116615,Heavy Users
2794,30020932,Heavy Users
4584,29997199,Heavy Users
3243,29912056,Heavy Users
851,29886678,Heavy Users
4152,29805992,Heavy Users
2316,29803777,Heavy Users
228,29781338,Heavy Users
3724,29591997,Heavy Users
688,29501113,Heavy Users
3152,29479473,Heavy Users
4242,29445824,Heavy Users
3352,29437616,Heavy Users
2400,29377785,Heavy Users
691,29349674,Heavy Users
4603,29305780,Heavy Users
1246,29253559,Heavy Users
939,29175254,Heavy Users
876,29166827,Heavy Users
1760,29088486,Heavy Users
2617,29038652,Heavy Users
101,29019978,Heavy Users
3210,28981655,Heavy Users
803,28912929,Heavy Users
25,28907208,Heavy Users
2071,28899950,Heavy Users
1035,28898350,Heavy Users
3156,28880091,Heavy Users
3976,28851038,Heavy Users
3072,28840740,Heavy Users
4336,28816932,Heavy Users
2345,28746046,Heavy Users
3457,28740928,Heavy Users
328,28717154,Heavy Users
968,28497681,Heavy Users
982,28494832,Heavy Users
4734,28492538,Heavy Users
778,28408868,Heavy Users
4159,28389125,Heavy Users
725,28377393,Heavy Users
1272,28225933,Heavy Users
3401,28177533,Heavy Users
4055,28154905,Heavy Users
128,28136209,Heavy Users
1816,28078692,Heavy Users
1142,28075258,Heavy Users
3088,28060852,Heavy Users
1209,28012671,Heavy Users
2994,28007762,Heavy Users
2631,27984566,Heavy Users
2465,27954041,Heavy Users
752,27880599,Heavy Users
4638,27868277,Heavy Users
4176,27863684,Heavy Users
3348,27811521,Heavy Users
2112,27810021,Heavy Users
1548,27809610,Heavy Users
1287,27785710,Heavy Users
2407,27784578,Heavy Users
1149,27764149,Heavy Users
1011,27735807,Heavy Users
1910,27719625,Heavy Users
4973,27701004,Heavy Users
1323,27653198,Heavy Users
1530,27646740,Heavy Users
1332,27609995,Heavy Users
1467,27579482,Heavy Users
2068,27558705,Heavy Users
4513,27533055,Heavy Users
4901,27527204,Heavy Users
330,27517851,Heavy Users
3127,27477966,Heavy Users
2352,27476887,Heavy Users
4270,27453499,Heavy Users
4268,27449308,Heavy Users
2415,27415690,Heavy Users
3335,27394592,Heavy Users
4767,27388501,Heavy Users
4895,27348821,Heavy Users
2756,27337828,Heavy Users
2087,27335774,Heavy Users
3404,27335374,Heavy Users
402,27310026,Heavy Users
3220,27292427,Heavy Users
679,27282793,Heavy Users
1979,27247239,Heavy Users
2442,27237037,Heavy Users
4166,27186166,Heavy Users
2624,27112485,Heavy Users
55,27100660,Heavy Users
4313,27077785,Heavy Users
4890,27065656,Heavy Users
2151,27055591,Heavy Users
4872,27048494,Heavy Users
2552,27040278,Heavy Users
3083,27033355,Heavy Users
2641,27012849,Heavy Users
3212,26993093,Heavy Users
4273,26989906,Heavy Users
4926,26986625,Heavy Users
3055,26970774,Heavy Users
1487,26959410,Heavy Users
2883,26932268,Heavy Users
230,26895802,Heavy Users
1057,26885664,Heavy Users
1202,26840053,Heavy Users
3600,26827724,Heavy Users
4393,26811968,Heavy Users
3616,26797539,Heavy Users
4402,26752890,Heavy Users
3785,26728065,Heavy Users
4756,26720848,Heavy Users
1709,26699399,Heavy Users
1956,26698424,Heavy Users
3344,26661228,Heavy Users
3805,26590066,Heavy Users
4305,26568817,Heavy Users
717,26551151,Heavy Users
2020,26544789,Heavy Users
183,26530897,Heavy Users
3177,26530004,Heavy Users
867,26527325,Heavy Users
1637,26446483,Heavy Users
4981,26349014,Heavy Users
3370,26336909,Heavy Users
1566,26336399,Heavy Users
4811,26322415,Heavy Users
3327,26301324,Heavy Users
3809,26289115,Heavy Users
1733,26268342,Heavy Users
166,26263125,Heavy Users
206,26196770,Heavy Users
4286,25922836,Heavy Users
997,25920656,Heavy Users
2086,25895088,Heavy Users
1556,25890504,Heavy Users
216,25890261,Heavy Users
3445,25882770,Heavy Users
4977,25873869,Heavy Users
1666,25836549,Heavy Users
3678,25821204,Heavy Users
283,25802785,Heavy Users
2347,25776839,Heavy Users
1815,25775241,Heavy Users
3424,25771131,Heavy Users
1655,25765084,Heavy Users
1766,25732629,Heavy Users
1832,25730920,Heavy Users
3861,25628773,Heavy Users
4712,25612689,Heavy Users
4629,25611075,Heavy Users
441,25601137,Heavy Users
2642,25565501,Heavy Users
2966,25546142,Heavy Users
355,25527721,Heavy Users
1892,25498713,Heavy Users
2097,25441971,Heavy Users
3031,25424679,Heavy Users
4615,25409509,Heavy Users
3966,25370426,Heavy Users
235,25367365,Heavy Users
2758,25342170,Heavy Users
3439,25296303,Heavy Users
410,25271213,Heavy Users
1777,25262790,Heavy Users
2897,25250008,Heavy Users
3426,25249953,Heavy Users
1601,25233916,Heavy Users
2420,25223684,Heavy Users
1100,25163330,Heavy Users
3232,25114558,Heavy Users
3390,25100389,Heavy Users
2053,25068386,Heavy Users
1925,25061088,Heavy Users
3384,25035815,Heavy Users
804,24999175,Heavy Users
2965,24974110,Heavy Users
3111,24962153,Heavy Users
4407,24940681,Heavy Users
1965,24932796,Heavy Users
3711,24929427,Heavy Users
4708,24924500,Heavy Users
3518,24902490,Heavy Users
1650,24868494,Heavy Users
2608,24868083,Heavy Users
954,24865560,Heavy Users
4826,24841639,Heavy Users
2918,24799185,Heavy Users
13,24787844,Heavy Users
3351,24767790,Heavy Users
3049,24732208,Heavy Users
895,24706933,Heavy Users
3183,24681391,Heavy Users
4146,24680108,Heavy Users
1473,24655252,Heavy Users
2985,24622017,Heavy Users
3741,24610207,Heavy Users
1170,24575608,Heavy Users
2444,24542798,Heavy Users
2930,24516824,Heavy Users
4544,24509316,Heavy Users
1630,24483862,Heavy Users
422,24480983,Heavy Users
3337,24446528,Heavy Users
1806,24414561,Heavy Users
3429,24410535,Heavy Users
2828,24351250,Heavy Users
4761,24344903,Heavy Users
4606,24338414,Heavy Users
3668,24336021,Heavy Users
4543,24292303,Heavy Users
4670,24268224,Heavy Users
818,24261238,Heavy Users
3695,24198914,Heavy Users
3233,24183908,Heavy Users
4358,24146251,Heavy Users
2072,24134790,Heavy Users
2795,24130146,Heavy Users
3094,24120399,Heavy Users
407,24096929,Heavy Users
1436,24083894,Heavy Users
4276,24060070,Heavy Users
4838,24056345,Heavy Users
1636,24053519,Heavy Users
4247,23986618,Heavy Users
199,23977714,Heavy Users
4916,23974980,Heavy Users
3467,23930760,Heavy Users
4922,23919938,Heavy Users
1598,23908191,Heavy Users
2803,23871538,Heavy Users
2136,23838561,Heavy Users
1942,23815806,Heavy Users
3574,23794165,Heavy Users
4072,23792567,Heavy Users
3564,23791712,Heavy Users
149,23759237,Heavy Users
1484,23750067,Heavy Users
3961,23737571,Heavy Users
4064,23731045,Heavy Users
913,23678086,Heavy Users
3634,23677897,Heavy Users
1742,23651487,Heavy Users
4138,23644750,Heavy Users
2391,23643800,Heavy Users
244,23617513,Heavy Users
604,23610865,Heavy Users
4182,23596107,Heavy Users
2884,23592697,Heavy Users
1665,23592138,Heavy Users
4963,23568834,Heavy Users
974,23565228,Heavy Users
1104,23557493,Heavy Users
4980,23545072,Heavy Users
170,23530559,Heavy Users
527,23485322,Heavy Users
680,23483078,Heavy Users
4905,23479817,Heavy Users
4781,23479605,Heavy Users
4121,23478386,Heavy Users
4170,23464989,Heavy Users
134,23450429,Heavy Users
343,23425977,Heavy Users
4823,23416596,Heavy Users
4720,23391550,Heavy Users
2880,23386686,Heavy Users
460,23383746,Heavy Users
2280,23382564,Heavy Users
4340,23366900,Heavy Users
3626,23361417,Heavy Users
1069,23356136,Heavy Users
3930,23348655,Heavy Users
1327,23285480,Heavy Users
1153,23271353,Heavy Users
3465,23253438,Heavy Users
3523,23245763,Heavy Users
4301,23243138,Heavy Users
2011,23223865,Heavy Users
3403,23199154,Heavy Users
558,23156611,Heavy Users
4628,23141211,Heavy Users
3356,23126103,Heavy Users
4105,23090308,Heavy Users
2044,23086971,Heavy Users
2717,23080772,Heavy Users
2216,23073059,Heavy Users
1221,23052568,Heavy Users
363,23046436,Heavy Users
382,23041884,Heavy Users
4975,23028935,Heavy Users
321,23004694,Heavy Users
1496,22999889,Heavy Users
3270,22990285,Heavy Users
2575,22985512,Heavy Users
3124,22980911,Heavy Users
1076,22980069,Heavy Users
3696,22952457,Heavy Users
348,22930859,Heavy Users
3559,22917282,Heavy Users
2476,22912818,Heavy Users
3945,22893736,Heavy Users
1177,22854890,Heavy Users
2553,22850359,Heavy Users
3584,22844945,Heavy Users
1208,22833756,Heavy Users
2506,22828830,Heavy Users
1621,22805218,Heavy Users
2499,22797864,Heavy Users
3582,22795399,Heavy Users
215,22781992,Heavy Users
3677,22744705,Heavy Users
2176,22730212,Heavy Users
3170,22729583,Heavy Users
2792,22713180,Heavy Users
1379,22705208,Heavy Users
467,22679970,Heavy Users
2244,22679084,Heavy Users
2,22671478,Heavy Users
4204,22666279,Heavy Users
4071,22662704,Heavy Users
1704,22636651,Heavy Users
3856,22521681,Heavy Users
2927,22520401,Heavy Users
4416,22497401,Heavy Users
3108,22478375,Heavy Users
4564,22474078,Heavy Users
1768,22467864,Heavy Users
484,22444884,Heavy Users
4129,22438123,Heavy Users
1964,22432412,Heavy Users
1929,22427632,Heavy Users
4530,22423781,Heavy Users
4282,22421673,Heavy Users
4985,22410590,Heavy Users
175,22397609,Heavy Users
498,22390686,Heavy Users
42,22384254,Heavy Users
1616,22378319,Heavy Users
114,22370842,Heavy Users
4213,22365472,Heavy Users
2564,22363952,Heavy Users
2282,22348494,Heavy Users
3806,22323222,Heavy Users
387,22314969,Heavy Users
2303,22314655,Heavy Users
2132,22300904,Heavy Users
4957,22285727,Heavy Users
4807,22283602,Heavy Users
4777,22270621,Heavy Users
4360,22258846,Heavy Users
1151,22240756,Heavy Users
4689,22239540,Heavy Users
3587,22236381,Heavy Users
3011,22232750,Heavy Users
3897,22222697,Heavy Users
3917,22211482,Heavy Users
2289,22207444,Heavy Users
744,22199778,Heavy Users
2766,22176442,Heavy Users
892,22175396,Heavy Users
4690,22167592,Heavy Users
2967,22161585,Heavy Users
1074,22160856,Heavy Users
2016,22158893,Heavy Users
3760,22147761,Heavy Users
4394,22145120,Heavy Users
3160,22141117,Heavy Users
4375,22117689,Heavy Users
1477,22099244,Heavy Users
4069,22089635,Heavy Users
3719,22078660,Heavy Users
3334,22050915,Heavy Users
2786,22036787,Heavy Users
1622,22034562,Heavy Users
2302,22033377,Heavy Users
1478,22027689,Heavy Users
1435,22027042,Heavy Users
963,22025713,Heavy Users
4524,22022126,Heavy Users
709,22019033,Heavy Users
3392,22008303,Heavy Users
152,22001850,Heavy Users
4786,21982209,Heavy Users
4831,21963268,Heavy Users
3894,21958804,Heavy Users
4816,21954548,Heavy Users
292,21945295,Heavy Users
4100,21942277,Heavy Users
2357,21938735,Heavy Users
4917,21912924,Heavy Users
1957,21911308,Heavy Users
3499,21906729,Heavy Users
2917,21898124,Heavy Users
2974,21892163,Heavy Users
863,21861421,Heavy Users
839,21856276,Heavy Users
1833,21847897,Heavy Users
4861,21841728,Heavy Users
1670,21838655,Heavy Users
153,21828823,Heavy Users
2741,21827714,Heavy Users
4221,21824944,Heavy Users
1721,21822892,Heavy Users
99,21811815,Heavy Users
4970,21808306,Heavy Users
2125,21807207,Heavy Users
1345,21807049,Heavy Users
169,21758562,Heavy Users
2703,21748074,Heavy Users
1176,21724990,Heavy Users
2245,21716580,Heavy Users
3312,21712710,Heavy Users
3702,21704854,Heavy Users
1082,21699982,Heavy Users
1570,21695566,Heavy Users
3176,21680534,Heavy Users
3349,21678722,Heavy Users
2882,21669112,Heavy Users
4753,21662578,Heavy Users
4185,21655597,Heavy Users
3224,21650700,Heavy Users
2434,21647316,Heavy Users
1935,21627894,Heavy Users
4291,21614636,Heavy Users
3734,21611399,Heavy Users
2987,21606619,Heavy Users
667,21592424,Heavy Users
1799,21582072,Heavy Users
3998,21560877,Heavy Users
2315,21556940,Heavy Users
4675,21556540,Heavy Users
3827,21545814,Heavy Users
885,21533410,Heavy Users
1058,21531826,Heavy Users
584,21516200,Heavy Users
1428,21515625,Heavy Users
1157,21513616,Heavy Users
1569,21511322,Heavy Users
4029,21502016,Heavy Users
4199,21500222,Heavy Users
4383,21492754,Heavy Users
2473,21474736,Heavy Users
3954,21464886,Heavy Users
3866,21462926,Heavy Users
3380,21459729,Heavy Users
2140,21458485,Heavy Users
1274,21433611,Heavy Users
242,21427520,Heavy Users
4546,21426368,Heavy Users
4122,21393893,Heavy Users
1150,21388728,Heavy Users
1626,21360570,Heavy Users
2296,21358356,Heavy Users
4983,21353229,Heavy Users
4368,21343177,Heavy Users
1080,21333803,Heavy Users
940,21319949,Heavy Users
2342,21316947,Heavy Users
860,21301516,Heavy Users
3173,21276736,Heavy Users
2265,21269502,Heavy Users
3771,21267307,Heavy Users
191,21262430,Heavy Users
3572,21259643,Heavy Users
3680,21259435,Heavy Users
2076,21258291,Heavy Users
979,21247800,Heavy Users
755,21245573,Heavy Users
1174,21231886,Heavy Users
1557,21215541,Heavy Users
3498,21208861,Heavy Users
2921,21208067,Heavy Users
2618,21195760,Heavy Users
4936,21168270,Heavy Users
4409,21162029,Heavy Users
2226,21156565,Heavy Users
644,21149330,Heavy Users
3109,21125938,Heavy Users
1423,21125163,Heavy Users
234,21121134,Heavy Users
3121,21098849,Heavy Users
2537,21087314,Heavy Users
3887,21077838,Heavy Users
4449,21074654,Heavy Users
3225,21070446,Heavy Users
4119,21055637,Heavy Users
4391,21054563,Heavy Users
2805,21046288,Heavy Users
1503,21017656,Heavy Users
785,21015221,Heavy Users
443,20999887,Heavy Users
3832,20991170,Heavy Users
1588,20954115,Heavy Users
4263,20924008,Heavy Users
738,20922960,Heavy Users
606,20867411,Heavy Users
2668,20867327,Heavy Users
545,20864504,Heavy Users
4688,20837800,Heavy Users
1388,20836431,Heavy Users
805,20836315,Heavy Users
1095,20833277,Heavy Users
4551,20829483,Heavy Users
466,20828431,Heavy Users
814,20801343,Heavy Users
1229,20796521,Heavy Users
4292,20796010,Heavy Users
4954,20793263,Heavy Users
2796,20792779,Heavy Users
2757,20792541,Heavy Users
1587,20789567,Heavy Users
429,20775626,Heavy Users
317,20774641,Heavy Users
4870,20752032,Heavy Users
303,20743971,Heavy Users
2720,20735573,Heavy Users
4474,20734667,Heavy Users
2676,20732150,Heavy Users
4128,20731593,Heavy Users
2308,20729186,Heavy Users
670,20723757,Heavy Users
2069,20719979,Heavy Users
2518,20697977,Heavy Users
3553,20697675,Heavy Users
1717,20678750,Heavy Users
1129,20677104,Heavy Users
2096,20671329,Heavy Users
2242,20656553,Heavy Users
769,20638298,Heavy Users
3375,20620216,Heavy Users
3074,20574948,Heavy Users
8,20545695,Heavy Users
4483,20534405,Heavy Users
4482,20516746,Heavy Users
2833,20473193,Heavy Users
3214,20470734,Heavy Users
2293,20447820,Heavy Users
2665,20447023,Heavy Users
2940,20443564,Heavy Users
95,20440491,Heavy Users
2677,20426809,Heavy Users
2078,20403080,Heavy Users
1370,20396302,Heavy Users
4187,20392744,Heavy Users
1522,20382591,Heavy Users
2972,20375885,Heavy Users
2349,20371563,Heavy Users
1334,20371299,Heavy Users
1533,20366654,Heavy Users
1138,20364436,Heavy Users
350,20341568,Heavy Users
3314,20333769,Heavy Users
2639,20332897,Heavy Users
3093,20322097,Heavy Users
861,20311385,Heavy Users
1876,20308578,Heavy Users
3097,20308044,Heavy Users
4903,20299262,Heavy Users
4180,20297899,Heavy Users
3168,20296559,Heavy Users
581,20274723,Heavy Users
987,20272855,Heavy Users
4896,20257420,Heavy Users
241,20245697,Heavy Users
3739,20233437,Heavy Users
4013,20229674,Heavy Users
3630,20217863,Heavy Users
4825,20213825,Heavy Users
4662,20210126,Heavy Users
2505,20203287,Heavy Users
4860,20196056,Heavy Users
451,20185844,Heavy Users
4704,20169511,Heavy Users
219,20149028,Heavy Users
2150,20143867,Heavy Users
143,20139595,Heavy Users
2777,20136414,Heavy Users
1029,20124512,Heavy Users
3188,20118929,Heavy Users
3581,20110304,Heavy Users
4450,20096513,Heavy Users
3906,20093530,Heavy Users
858,20092997,Heavy Users
2743,20078466,Heavy Users
1798,20077272,Heavy Users
221,20077241,Heavy Users
1551,20074678,Heavy Users
254,20073205,Heavy Users
4784,20064032,Heavy Users
2243,20058595,Heavy Users
3050,20054081,Heavy Users
3665,20047041,Heavy Users
713,20024338,Heavy Users
652,20019317,Heavy Users
1781,19999278,Heavy Users
405,19998079,Heavy Users
1568,19983223,Heavy Users
482,19972577,Heavy Users
1103,19953311,Heavy Users
4763,19950625,Heavy Users
3174,19948805,Heavy Users
3190,19944693,Heavy Users
2057,19943706,Heavy Users
1349,19925214,Heavy Users
2237,19908932,Heavy Users
1946,19908550,Heavy Users
1931,19903740,Heavy Users
3642,19895639,Heavy Users
2367,19867404,Heavy Users
2324,19866765,Heavy Users
2100,19859083,Heavy Users
3393,19858394,Heavy Users
378,19857536,Heavy Users
2548,19856033,Heavy Users
4760,19852675,Heavy Users
4715,19849480,Heavy Users
2262,19847355,Heavy Users
4634,19845578,Heavy Users
2691,19845277,Heavy Users
4068,19837013,Heavy Users
2822,19836425,Heavy Users
4359,19831518,Heavy Users
2656,19823380,Heavy Users
1516,19814914,Heavy Users
3923,19804811,Heavy Users
4979,19799460,Heavy Users
3749,19796701,Heavy Users
4269,19791574,Heavy Users
1001,19780928,Heavy Users
1730,19768226,Heavy Users
3459,19754124,Heavy Users
1727,19745819,Heavy Users
4312,19745639,Heavy Users
450,19727626,Heavy Users
129,19727490,Heavy Users
1703,19726008,Heavy Users
1728,19720249,Heavy Users
4007,19706510,Heavy Users
2229,19686579,Heavy Users
4699,19682147,Heavy Users
2106,19681811,Heavy Users
598,19672981,Heavy Users
212,19670659,Heavy Users
186,19666260,Heavy Users
1543,19633196,Heavy Users
1263,19632400,Heavy Users
3172,19598670,Heavy Users
2874,19598331,Heavy Users
3621,19596306,Heavy Users
3757,19594799,Heavy Users
585,19593530,Heavy Users
1214,19593295,Heavy Users
852,19592726,Heavy Users
786,19591220,Heavy Users
4608,19588201,Heavy Users
2806,19571741,Heavy Users
1676,19571065,Heavy Users
2870,19560227,Heavy Users
4239,19532497,Heavy Users
944,19528421,Heavy Users
2905,19525923,Heavy Users
2630,19525186,Heavy Users
782,19522840,Heavy Users
2771,19504304,Heavy Users
5000,19497484,Heavy Users
4059,19490232,Heavy Users
2343,19489303,Heavy Users
4835,19486576,Heavy Users
625,19477929,Heavy Users
3167,19473577,Heavy Users
2453,19465901,Heavy Users
284,19449134,Heavy Users
3893,19434347,Heavy Users
1659,19426316,Heavy Users
2247,19416813,Heavy Users
3877,19409905,Heavy Users
880,19404808,Heavy Users
2831,19401775,Heavy Users
3115,19394469,Heavy Users
3948,19393357,Heavy Users
4570,19390729,Heavy Users
2567,19389863,Heavy Users
3287,19389567,Heavy Users
258,19387196,Heavy Users
2353,19386641,Heavy Users
580,19371478,Heavy Users
4745,19368147,Heavy Users
877,19367307,Heavy Users
3204,19362686,Heavy Users
837,19362674,Heavy Users
3570,19358109,Heavy Users
182,19343287,Heavy Users
276,19339471,Heavy Users
1532,19336368,Heavy Users
2750,19325338,Heavy Users
2497,19325292,Heavy Users
2978,19319394,Heavy Users
4093,19315837,Heavy Users
4116,19313591,Heavy Users
1131,19313371,Heavy Users
3310,19309794,Heavy Users
1660,19307040,Heavy Users
2219,19284425,Heavy Users
3735,19276091,Heavy Users
2440,19254544,Heavy Users
4574,19243951,Heavy Users
1183,19230880,Heavy Users
2592,19226701,Heavy Users
615,19223230,Heavy Users
3836,19210172,Heavy Users
3783,19207331,Heavy Users
1872,19203053,Heavy Users
3364,19201802,Heavy Users
2108,19198314,Heavy Users
3883,19187135,Heavy Users
2526,19178670,Heavy Users
2314,19171386,Heavy Users
4671,19167454,Heavy Users
1702,19166851,Heavy Users
2301,19160743,Heavy Users
2022,19148639,Heavy Users
44,19146369,Heavy Users
418,19123032,Heavy Users
1028,19114407,Heavy Users
684,19101900,Heavy Users
279,19098371,Heavy Users
2816,19096852,Heavy Users
1550,19094739,Heavy Users
4120,19073267,Heavy Users
806,19062955,Heavy Users
2778,19061416,Heavy Users
3463,19053821,Heavy Users
4732,19053578,Heavy Users
3000,19025758,Heavy Users
3059,19018615,Heavy Users
2428,19009277,Heavy Users
961,19009026,Heavy Users
4150,19008049,Heavy Users
519,19002749,Heavy Users
2672,18980343,Heavy Users
1678,18977247,Heavy Users
2863,18975093,Heavy Users
2418,18963543,Heavy Users
2634,18957940,Heavy Users
2723,18957503,Heavy Users
3839,18949897,Heavy Users
2849,18945589,Heavy Users
3707,18943014,Heavy Users
1155,18938589,Heavy Users
1188,18937753,Heavy Users
1638,18928237,Heavy Users
458,18922908,Heavy Users
424,18920354,Heavy Users
1251,18919293,Heavy Users
74,18916452,Heavy Users
288,18913454,Heavy Users
1181,18896224,Heavy Users
83,18896087,Heavy Users
3687,18894289,Heavy Users
2429,18892770,Heavy Users
4697,18887436,Heavy Users
595,18869369,Heavy Users
471,18863641,Heavy Users
3162,18863258,Heavy Users
32,18853214,Heavy Users
4674,18846337,Heavy Users
3663,18841206,Heavy Users
4345,18838935,Heavy Users
1491,18838321,Heavy Users
3112,18823308,Heavy Users
4164,18822189,Heavy Users
1276,18818750,Heavy Users
4730,18809324,Heavy Users
777,18799554,Heavy Users
1362,18794312,Heavy Users
2507,18791307,Heavy Users
949,18783534,Heavy Users
1016,18774580,Heavy Users
3699,18754082,Heavy Users
834,18753761,Heavy Users
3422,18751459,Heavy Users
988,18749953,Heavy Users
1217,18749938,Heavy Users
3301,18741635,Heavy Users
3868,18732996,Heavy Users
4696,18727776,Heavy Users
3549,18726158,Heavy Users
2742,18725090,Heavy Users
3290,18713487,Heavy Users
3515,18712660,Heavy Users
2904,18705777,Heavy Users
115,18702343,Heavy Users
526,18697064,Heavy Users
1383,18689464,Heavy Users
779,18671949,Heavy Users
3081,18669443,Heavy Users
4437,18666690,Heavy Users
3396,18663037,Heavy Users
4923,18657256,Heavy Users
4040,18654959,Heavy Users
2287,18647022,Heavy Users
3674,18642889,Heavy Users
2773,18641570,Heavy Users
4188,18639705,Heavy Users
4349,18625077,Heavy Users
302,18611734,Heavy Users
733,18592628,Heavy Users
3361,18587860,Heavy Users
1868,18574182,Heavy Users
2670,18571494,Heavy Users
4907,18562846,Heavy Users
1796,18558234,Heavy Users
1712,18539724,Heavy Users
1692,18521259,Heavy Users
905,18518071,Heavy Users
4115,18515557,Heavy Users
4058,18503081,Heavy Users
2925,18483753,Heavy Users
1419,18477106,Heavy Users
3797,18474485,Heavy Users
1301,18471877,Heavy Users
2902,18449585,Heavy Users
3068,18438552,Heavy Users
282,18433743,Heavy Users
356,18431450,Heavy Users
4914,18430259,Heavy Users
2889,18427654,Heavy Users
3942,18419472,Heavy Users
966,18417220,Heavy Users
1865,18415701,Heavy Users
124,18413850,Heavy Users
969,18410087,Heavy Users
4714,18406013,Heavy Users
613,18394086,Heavy Users
1352,18371765,Heavy Users
1713,18363674,Heavy Users
3669,18359331,Heavy Users
2922,18354635,Heavy Users
4852,18336019,Heavy Users
3765,18335134,Heavy Users
4978,18331214,Heavy Users
2318,18331154,Heavy Users
4783,18294528,Heavy Users
2655,18293517,Heavy Users
4653,18292887,Heavy Users
4481,18282734,Heavy Users
1078,18274157,Heavy Users
1950,18273209,Heavy Users
2269,18263971,Heavy Users
2929,18261772,Heavy Users
511,18261529,Heavy Users
3221,18259730,Heavy Users
3339,18259520,Heavy Users
2540,18255216,Heavy Users
3147,18254922,Heavy Users
4631,18250371,Heavy Users
137,18248053,Heavy Users
633,18245210,Heavy Users
286,18243960,Heavy Users
1338,18242862,Heavy Users
4057,18240878,Heavy Users
990,18240078,Heavy Users
661,18234953,Heavy Users
3520,18233945,Heavy Users
4952,18227721,Heavy Users
4430,18217424,Heavy Users
4214,18211889,Heavy Users
2305,18207620,Heavy Users
3732,18203560,Heavy Users
2802,18194903,Heavy Users
551,18189198,Heavy Users
1921,18187241,Heavy Users
4172,18187103,Heavy Users
1726,18176625,Heavy Users
1421,18161922,Heavy Users
1841,18150732,Heavy Users
3032,18149533,Heavy Users
1620,18149469,Heavy Users
2130,18147295,Heavy Users
3165,18144876,Heavy Users
2695,18136684,Heavy Users
2452,18134858,Heavy Users
3504,18125452,Heavy Users
2666,18124547,Heavy Users
3366,18121579,Heavy Users
2387,18118540,Heavy Users
2944,18104262,Heavy Users
1561,18102453,Heavy Users
3766,18093164,Heavy Users
565,18084977,Heavy Users
1363,18079923,Heavy Users
1378,18053909,Heavy Users
3638,18045250,Heavy Users
3255,18044095,Heavy Users
3250,18036164,Heavy Users
1860,18031476,Heavy Users
476,18010672,Heavy Users
2279,17997884,Heavy Users
1269,17996043,Heavy Users
2204,17992383,Heavy Users
2041,17986467,Heavy Users
3776,17971117,Heavy Users
2364,17968684,Heavy Users
2713,17963685,Heavy Users
3588,17961346,Heavy Users
1397,17948292,Heavy Users
4809,17945781,Heavy Users
3726,17945201,Heavy Users
589,17944581,Heavy Users
4148,17938323,Heavy Users
4527,17937352,Heavy Users
304,17927638,Heavy Users
3355,17920700,Heavy Users
2597,17913174,Heavy Users
1554,17911634,Heavy Users
2485,17908100,Heavy Users
1431,17906869,Heavy Users
4701,17902534,Heavy Users
2225,17893144,Heavy Users
3381,17892747,Heavy Users
1105,17886841,Heavy Users
4654,17877953,Heavy Users
1830,17867619,Heavy Users
762,17863366,Heavy Users
2489,17856634,Heavy Users
1093,17855776,Heavy Users
4856,17850290,Heavy Users
2423,17849238,Heavy Users
4175,17843547,Heavy Users
3067,17835119,Heavy Users
2587,17834643,Heavy Users
4355,17834530,Heavy Users
4110,17825243,Heavy Users
187,17820889,Heavy Users
3494,17812182,Heavy Users
1021,17811358,Heavy Users
3022,17810959,Heavy Users
3715,17807167,Heavy Users
1106,17803183,Heavy Users
97,17797732,Heavy Users
3554,17788389,Heavy Users
4380,17787964,Heavy Users
3505,17787000,Heavy Users
1714,17782716,Heavy Users
2095,17778747,Heavy Users
1322,17763388,Heavy Users
2857,17757213,Heavy Users
4541,17754784,Heavy Users
4480,17752345,Heavy Users
197,17738572,Heavy Users
3517,17737067,Heavy Users
4938,17736912,Heavy Users
3061,17736699,Heavy Users
2997,17724967,Heavy Users
1071,17722487,Heavy Users
2876,17716745,Heavy Users
64,17716609,Heavy Users
185,17716407,Heavy Users
3308,17715456,Heavy Users
2166,17714877,Heavy Users
400,17706965,Heavy Users
2551,17705885,Heavy Users
1306,17699874,Heavy Users
4709,17690619,Heavy Users
1052,17686917,Heavy Users
3684,17668232,Heavy Users
4334,17666977,Heavy Users
4993,17658977,Heavy Users
1297,17657228,Heavy Users
4953,17655766,Heavy Users
4095,17648094,Heavy Users
15,17647797,Heavy Users
1907,17639900,Heavy Users
964,17631282,Heavy Users
1290,17623648,Heavy Users
973,17620786,Heavy Users
3441,17619662,Heavy Users
3089,17616760,Heavy Users
732,17613607,Heavy Users
3092,17609676,Heavy Users
2789,17608688,Heavy Users
1923,17608428,Heavy Users
3483,17602378,Heavy Users
3155,17586913,Heavy Users
4183,17586194,Heavy Users
4372,17553056,Heavy Users
2232,17534413,Heavy Users
4015,17533688,Heavy Users
1304,17531120,Heavy Users
2712,17530522,Heavy Users
449,17529583,Heavy Users
2227,17526367,Heavy Users
4147,17522880,Heavy Users
1041,17509576,Heavy Users
1755,17504848,Heavy Users
995,17501680,Heavy Users
962,17495313,Heavy Users
3825,17494427,Heavy Users
3840,17480888,Heavy Users
4229,17480265,Heavy Users
3412,17479296,Heavy Users
2155,17478868,Heavy Users
3968,17473841,Heavy Users
3386,17471511,Heavy Users
1286,17470588,Heavy Users
4945,17469390,Heavy Users
528,17458397,Heavy Users
4868,17457044,Heavy Users
2083,17451464,Heavy Users
2615,17449127,Heavy Users
4178,17446517,Heavy Users
3905,17437275,Heavy Users
3451,17435240,Heavy Users
2834,17418999,Heavy Users
1689,17418606,Heavy Users
1788,17413887,Heavy Users
1565,17411884,Heavy Users
3076,17409693,Heavy Users
4424,17406643,Heavy Users
4487,17401844,Heavy Users
4307,17394047,Heavy Users
4310,17387531,Heavy Users
18,17386890,Heavy Users
1982,17384582,Heavy Users
4587,17381445,Heavy Users
3863,17378070,Heavy Users
3568,17377565,Heavy Users
2483,17366048,Heavy Users
3476,17365421,Heavy Users
94,17362640,Heavy Users
4832,17354845,Heavy Users
1259,17352318,Heavy Users
2728,17349648,Heavy Users
1291,17339184,Heavy Users
4946,17327903,Heavy Users
2137,17323149,Heavy Users
2326,17316643,Heavy Users
398,17311236,Heavy Users
2026,17308804,Heavy Users
2975,17303964,Heavy Users
719,17296227,Heavy Users
3922,17293696,Heavy Users
4395,17291397,Heavy Users
1277,17279208,Heavy Users
2814,17278968,Heavy Users
4525,17276866,Heavy Users
1014,17276606,Heavy Users
1741,17273417,Heavy Users
838,17263828,Heavy Users
3275,17257598,Heavy Users
3261,17254232,Heavy Users
4893,17250326,Heavy Users
148,17249419,Heavy Users
267,17248871,Heavy Users
3794,17245172,Heavy Users
2392,17235805,Heavy Users
2702,17228646,Heavy Users
4635,17227646,Heavy Users
4614,17226094,Heavy Users
1508,17221784,Heavy Users
4920,17207205,Heavy Users
1501,17206761,Heavy Users
1180,17204983,Heavy Users
179,17202312,Heavy Users
4951,17202138,Heavy Users
4028,17201440,Heavy Users
924,17199184,Heavy Users
3296,17195956,Heavy Users
4106,17194133,Heavy Users
2154,17193974,Heavy Users
3967,17192272,Heavy Users
1210,17185794,Heavy Users
1465,17182481,Heavy Users
1994,17170591,Heavy Users
2746,17170241,Heavy Users
950,17167091,Heavy Users
4205,17159606,Heavy Users
1675,17158771,Heavy Users
4074,17156769,Heavy Users
4656,17145784,Heavy Users
2396,17145168,Heavy Users
669,17141620,Heavy Users
1043,17136123,Heavy Users
3096,17125129,Heavy Users
3598,17123811,Heavy Users
1817,17102740,Heavy Users
261,17098412,Heavy Users
745,17096470,Heavy Users
208,17091200,Heavy Users
121,17077739,Heavy Users
794,17072136,Heavy Users
3095,17065844,Heavy Users
2178,17065801,Heavy Users
1552,17060622,Heavy Users
2661,17058576,Heavy Users
4326,17041771,Heavy Users
1922,17035788,Heavy Users
445,17032495,Heavy Users
4499,17023577,Heavy Users
2191,17022262,Heavy Users
4466,17018655,Heavy Users
4406,17017423,Heavy Users
1051,17009526,Heavy Users
1422,17005640,Heavy Users
1652,16999525,Heavy Users
4344,16999194,Heavy Users
1190,16997475,Heavy Users
2320,16994739,Heavy Users
1128,16993523,Heavy Users
1844,16986349,Heavy Users
3244,16957842,Heavy Users
4392,16946538,Heavy Users
4881,16942856,Heavy Users
2875,16939249,Heavy Users
131,16932433,Heavy Users
3627,16927366,Heavy Users
3880,16923721,Heavy Users
3603,16918692,Heavy Users
2258,16917938,Heavy Users
808,16915413,Heavy Users
3322,16914364,Heavy Users
4181,16908080,Heavy Users
2467,16904534,Heavy Users
1992,16901108,Heavy Users
1265,16899284,Heavy Users
2408,16895506,Heavy Users
3033,16894248,Heavy Users
739,16894247,Heavy Users
3137,16890416,Heavy Users
4456,16878007,Heavy Users
500,16872342,Heavy Users
1915,16862948,Heavy Users
4740,16850006,Heavy Users
478,16833184,Heavy Users
3974,16833078,Heavy Users
4668,16828310,Heavy Users
4022,16824259,Heavy Users
2188,16818499,Heavy Users
359,16815845,Heavy Users
4604,16813395,Heavy Users
3452,16808942,Heavy Users
3762,16807993,Heavy Users
2550,16805763,Heavy Users
2406,16794272,Heavy Users
1092,16791394,Heavy Users
1102,16791376,Heavy Users
3723,16767481,Heavy Users
1936,16762547,Heavy Users
3531,16750794,Heavy Users
3038,16749464,Heavy Users
1113,16739807,Heavy Users
1309,16736259,Heavy Users
4758,16735832,Heavy Users
3524,16731464,Heavy Users
347,16726061,Heavy Users
1947,16725231,Heavy Users
46,16713333,Heavy Users
2046,16709895,Heavy Users
1320,16698945,Heavy Users
49,16696866,Heavy Users
4692,16694797,Heavy Users
2841,16694675,Heavy Users
3279,16692532,Heavy Users
1594,16688138,Heavy Users
1928,16687447,Heavy Users
2379,16677713,Heavy Users
3656,16672681,Heavy Users
1687,16672484,Heavy Users
2402,16667712,Heavy Users
4507,16665021,Heavy Users
3950,16650246,Heavy Users
4255,16649505,Heavy Users
3064,16641187,Heavy Users
430,16636211,Heavy Users
3497,16636020,Heavy Users
2040,16633710,Heavy Users
3001,16627044,Heavy Users
1022,16607865,Heavy Users
2951,16584195,Heavy Users
3302,16573344,Heavy Users
2463,16567801,Heavy Users
2646,16560153,Heavy Users
4808,16557654,Heavy Users
516,16552931,Heavy Users
1008,16544319,Heavy Users
3477,16532397,Heavy Users
3104,16531630,Heavy Users
92,16531431,Heavy Users
3709,16528181,Heavy Users
2674,16512115,Heavy Users
1812,16503871,Heavy Users
4912,16494230,Heavy Users
3717,16489591,Heavy Users
3274,16488150,Heavy Users
1560,16475187,Heavy Users
554,16472090,Heavy Users
437,16470237,Heavy Users
3481,16468785,Heavy Users
3685,16468208,Heavy Users
3653,16463357,Heavy Users
4054,16459701,Heavy Users
3682,16456307,Heavy Users
2186,16451153,Heavy Users
3037,16445666,Heavy Users
1218,16435047,Heavy Users
61,16433933,Heavy Users
2327,16432625,Heavy Users
3449,16431333,Heavy Users
3229,16429554,Heavy Users
936,16429259,Heavy Users
4386,16427359,Heavy Users
2653,16425695,Heavy Users
4388,16421641,Heavy Users
3987,16419893,Heavy Users
3448,16414010,Heavy Users
543,16402140,Heavy Users
4834,16397595,Heavy Users
3218,16393222,Heavy Users
3970,16391358,Heavy Users
1368,16388525,Heavy Users
3888,16376702,Heavy Users
3406,16372772,Heavy Users
1101,16371949,Heavy Users
1415,16367250,Heavy Users
1537,16363871,Heavy Users
375,16362372,Heavy Users
3442,16349667,Heavy Users
3819,16346404,Heavy Users
3671,16343250,Heavy Users
1373,16328564,Heavy Users
2260,16325920,Heavy Users
2800,16324578,Heavy Users
3624,16318888,Heavy Users
3048,16317595,Heavy Users
3478,16314076,Heavy Users
4576,16307159,Heavy Users
1444,16306915,Heavy Users
3326,16303175,Heavy Users
3251,16298025,Heavy Users
2914,16292170,Heavy Users
501,16286975,Heavy Users
1658,16283034,Heavy Users
4785,16280013,Heavy Users
333,16270548,Heavy Users
1572,16266745,Heavy Users
421,16266234,Heavy Users
4729,16265832,Heavy Users
1558,16252749,Heavy Users
4082,16252345,Heavy Users
1114,16247929,Heavy Users
815,16244538,Heavy Users
676,16242458,Heavy Users
986,16235381,Heavy Users
3934,16233346,Heavy Users
3191,16230643,Heavy Users
2678,16215408,Heavy Users
287,16211219,Heavy Users
2238,16210633,Heavy Users
4296,16209050,Heavy Users
1505,16204350,Heavy Users
3844,16200258,Heavy Users
4800,16196517,Heavy Users
448,16184749,Heavy Users
3006,16181624,Heavy Users
3891,16181518,Heavy Users
1993,16178561,Heavy Users
3431,16173189,Heavy Users
259,16169737,Heavy Users
1523,16165829,Heavy Users
3317,16152785,Heavy Users
2259,16148479,Heavy Users
573,16140078,Heavy Users
1486,16138820,Heavy Users
4829,16137022,Heavy Users
1894,16133925,Heavy Users
607,16132179,Heavy Users
495,16130205,Heavy Users
103,16126485,Heavy Users
218,16124977,Heavy Users
3846,16124573,Heavy Users
3929,16124068,Heavy Users
989,16118154,Heavy Users
774,16113857,Heavy Users
4425,16112437,Heavy Users
265,16111512,Heavy Users
3077,16110352,Heavy Users
2413,16104675,Heavy Users
4350,16098963,Heavy Users
4161,16087869,Heavy Users
1900,16085328,Heavy Users
1201,16083604,Heavy Users
2182,16077477,Heavy Users
3239,16071526,Heavy Users
4565,16059738,Heavy Users
1341,16058572,Heavy Users
2696,16058539,Heavy Users
3408,16056231,Heavy Users
1433,16054050,Heavy Users
60,16036710,Heavy Users
1136,16033625,Heavy Users
4252,16029658,Heavy Users
3852,16027065,Heavy Users
1163,16024338,Heavy Users
3004,16019622,Heavy Users
4588,16016586,Heavy Users
1827,16008971,Heavy Users
4542,16007348,Heavy Users
3567,16005719,Heavy Users
374,16003637,Heavy Users
2049,16002585,Heavy Users
2164,16002296,Heavy Users
4400,15997558,Heavy Users
2372,15994360,Heavy Users
4032,15991327,Heavy Users
3016,15991091,Heavy Users
4207,15990077,Heavy Users
4275,15978417,Heavy Users
582,15955251,Heavy Users
650,15945859,Heavy Users
3368,15942499,Heavy Users
3730,15939918,Heavy Users
868,15936491,Heavy Users
6,15934311,Heavy Users
2894,15923300,Heavy Users
1380,15919770,Heavy Users
1808,15912845,Heavy Users
2111,15911712,Heavy Users
4346,15908329,Heavy Users
1783,15900696,Heavy Users
4384,15892154,Heavy Users
766,15875087,Heavy Users
2479,15871771,Heavy Users
344,15870687,Heavy Users
1247,15870135,Heavy Users
4234,15869989,Heavy Users
2763,15869401,Heavy Users
4012,15860356,Heavy Users
764,15859726,Heavy Users
2784,15859725,Heavy Users
569,15859130,Heavy Users
3473,15852501,Heavy Users
3941,15846215,Heavy Users
1856,15844946,Heavy Users
1045,15842653,Heavy Users
3371,15839685,Heavy Users
3800,15832793,Heavy Users
714,15832592,Heavy Users
4897,15813759,Heavy Users
4107,15801443,Heavy Users
3227,15801039,Heavy Users
1905,15785965,Heavy Users
2203,15784226,Heavy Users
1215,15783967,Heavy Users
62,15779136,Heavy Users
1427,15778045,Heavy Users
2211,15777552,Heavy Users
4887,15776254,Heavy Users
2424,15771982,Heavy Users
2673,15767616,Heavy Users
1614,15765773,Heavy Users
631,15752478,Heavy Users
1973,15752051,Heavy Users
4797,15750203,Heavy Users
1127,15745736,Heavy Users
1311,15745679,Heavy Users
2501,15732341,Heavy Users
4099,15730113,Heavy Users
1732,15723005,Heavy Users
2162,15721460,Heavy Users
4780,15718750,Heavy Users
1479,15717080,Heavy Users
3900,15708901,Heavy Users
3100,15706838,Heavy Users
908,15704255,Heavy Users
3629,15678269,Heavy Users
1430,15675952,Heavy Users
2891,15664857,Heavy Users
639,15660578,Heavy Users
4727,15650222,Heavy Users
2008,15646521,Heavy Users
3154,15645747,Heavy Users
2716,15643175,Heavy Users
2266,15641356,Heavy Users
4508,15632536,Heavy Users
1348,15632229,Heavy Users
2512,15628763,Heavy Users
2215,15626493,Heavy Users
740,15619281,Heavy Users
207,15619070,Heavy Users
3725,15612381,Heavy Users
438,15609966,Heavy Users
2389,15608718,Heavy Users
314,15601446,Heavy Users
2524,15599767,Heavy Users
3149,15597928,Heavy Users
472,15596919,Heavy Users
760,15590231,Heavy Users
2907,15589730,Heavy Users
2414,15588470,Heavy Users
1837,15586247,Heavy Users
9,15585982,Heavy Users
3333,15585769,Heavy Users
4370,15582068,Heavy Users
4693,15571986,Heavy Users
2236,15571804,Heavy Users
2128,15560595,Heavy Users
3271,15555003,Heavy Users
2686,15554144,Heavy Users
1187,15553913,Heavy Users
568,15542266,Heavy Users
2056,15537551,Heavy Users
3635,15535773,Heavy Users
3661,15532936,Heavy Users
1429,15531212,Heavy Users
2969,15528526,Heavy Users
3440,15523008,Heavy Users
3578,15522935,Heavy Users
2491,15521639,Heavy Users
726,15515903,Heavy Users
3537,15503630,Heavy Users
4259,15500756,Heavy Users
2509,15494368,Heavy Users
1889,15489908,Heavy Users
4104,15489369,Heavy Users
576,15486210,Heavy Users
3896,15485515,Heavy Users
3079,15476470,Heavy Users
340,15475736,Heavy Users
2825,15472732,Heavy Users
4665,15472156,Heavy Users
698,15467983,Heavy Users
2093,15467746,Heavy Users
743,15466222,Heavy Users
1489,15444412,Heavy Users
1825,15442157,Heavy Users
3304,15441327,Heavy Users
2890,15439310,Heavy Users
4063,15435956,Heavy Users
4843,15435236,Heavy Users
1729,15434940,Heavy Users
1019,15434892,Heavy Users
1555,15434797,Heavy Users
715,15433715,Heavy Users
479,15429098,Heavy Users
2458,15421840,Heavy Users
2010,15420141,Heavy Users
1952,15413398,Heavy Users
2037,15407749,Heavy Users
706,15405958,Heavy Users
933,15405073,Heavy Users
209,15402380,Heavy Users
4318,15401102,Heavy Users
3447,15399894,Heavy Users
1754,15386251,Heavy Users
2495,15381331,Heavy Users
2058,15374762,Heavy Users
692,15372969,Heavy Users
4773,15355560,Heavy Users
3315,15351790,Heavy Users
3299,15350980,Heavy Users
4586,15346714,Heavy Users
3140,15338618,Heavy Users
1226,15337842,Heavy Users
508,15337301,Heavy Users
52,15336340,Heavy Users
515,15331102,Heavy Users
1983,15327413,Heavy Users
1061,15324583,Heavy Users
4562,15313491,Heavy Users
4618,15312797,Heavy Users
678,15309681,Heavy Users
2275,15289184,Heavy Users
1731,15286198,Heavy Users
367,15284403,Heavy Users
4528,15284265,Heavy Users
4209,15280945,Heavy Users
3206,15277620,Heavy Users
2811,15269208,Heavy Users
2366,15266982,Heavy Users
2525,15261313,Heavy Users
1520,15259063,Heavy Users
1452,15257710,Heavy Users
1055,15256831,Heavy Users
2300,15256183,Heavy Users
2942,15253061,Heavy Users
2207,15249510,Heavy Users
1549,15236835,Heavy Users
2557,15233610,Heavy Users
4737,15232894,Heavy Users
776,15230123,Heavy Users
4972,15227052,Heavy Users
3090,15225088,Heavy Users
4833,15220240,Heavy Users
3249,15218820,Heavy Users
3851,15206399,Heavy Users
910,15203940,Heavy Users
3128,15202578,Heavy Users
3415,15195881,Heavy Users
322,15186402,Heavy Users
3019,15182595,Heavy Users
4557,15160851,Heavy Users
612,15158010,Heavy Users
280,15156383,Heavy Users
1222,15152614,Heavy Users
278,15152289,Heavy Users
2847,15148534,Heavy Users
58,15148073,Heavy Users
1680,15147566,Heavy Users
1060,15144108,Heavy Users
2801,15143227,Heavy Users
2838,15142221,Heavy Users
4646,15136974,Heavy Users
2165,15135668,Heavy Users
1525,15135170,Heavy Users
4934,15134355,Heavy Users
3931,15134000,Heavy Users
2595,15119713,Heavy Users
2662,15110191,Heavy Users
4414,15104642,Heavy Users
393,15102896,Heavy Users
2623,15100091,Heavy Users
3658,15099808,Heavy Users
432,15098794,Heavy Users
1347,15096526,Heavy Users
2043,15092321,Heavy Users
1399,15089235,Heavy Users
4363,15086534,Heavy Users
996,15086093,Heavy Users
3120,15084844,Heavy Users
4742,15079298,Heavy Users
2361,15077142,Heavy Users
3071,15075237,Heavy Users
1762,15072530,Heavy Users
104,15068820,Heavy Users
1273,15060788,Heavy Users
2451,15055266,Heavy Users
1417,15051778,Heavy Users
412,15048242,Heavy Users
200,15047744,Heavy Users
4510,15046708,Heavy Users
379,15044561,Heavy Users
2493,15039934,Heavy Users
122,15039890,Heavy Users
1542,15031705,Heavy Users
2382,15022136,Heavy Users
4749,15021811,Heavy Users
883,15019421,Heavy Users
4572,15014264,Heavy Users
4378,15011540,Heavy Users
4589,15006491,Heavy Users
2957,15004231,Heavy Users
3932,15004142,Heavy Users
3510,15003664,Heavy Users
1063,15001366,Heavy Users
3904,15000963,Heavy Users
14,14999655,Heavy Users
4469,14999265,Heavy Users
2284,14993833,Heavy Users
4333,14989975,Heavy Users
1631,14986662,Heavy Users
2955,14986086,Heavy Users
4820,14984575,Heavy Users
2941,14983249,Heavy Users
4337,14979515,Heavy Users
1672,14979346,Heavy Users
3526,14976532,Heavy Users
3525,14969241,Heavy Users
4238,14968775,Heavy Users
2829,14963284,Heavy Users
2579,14959904,Heavy Users
4453,14954467,Heavy Users
4077,14950895,Heavy Users
802,14946108,Heavy Users
2943,14943217,Heavy Users
1531,14938086,Heavy Users
4497,14937887,Heavy Users
3594,14933618,Heavy Users
4459,14932528,Heavy Users
135,14924721,Heavy Users
1664,14922914,Heavy Users
2439,14921041,Heavy Users
2032,14919744,Heavy Users
3262,14913099,Heavy Users
3605,14910301,Heavy Users
1618,14908606,Heavy Users
2868,14901580,Heavy Users
4471,14901447,Heavy Users
90,14896102,Heavy Users
2621,14894425,Heavy Users
4496,14889854,Heavy Users
1863,14889809,Heavy Users
2683,14884891,Heavy Users
1053,14871788,Heavy Users
2898,14865159,Heavy Users
2911,14861243,Heavy Users
1178,14861066,Heavy Users
3999,14853100,Heavy Users
1674,14841508,Heavy Users
3082,14840516,Heavy Users
1044,14839974,Heavy Users
2355,14839429,Heavy Users
536,14838354,Heavy Users
188,14837393,Heavy Users
955,14819142,Heavy Users
2334,14818915,Heavy Users
2200,14817228,Heavy Users
540,14816852,Heavy Users
24,14807915,Heavy Users
1661,14798346,Heavy Users
1613,14796916,Heavy Users
3035,14792666,Heavy Users
4244,14788658,Heavy Users
384,14787481,Heavy Users
3602,14785018,Heavy Users
3297,14784713,Heavy Users
3332,14768354,Heavy Users
600,14760375,Heavy Users
1042,14750408,Heavy Users
928,14744334,Heavy Users
4173,14741028,Heavy Users
4842,14738093,Heavy Users
2214,14731300,Heavy Users
853,14727897,Heavy Users
749,14725992,Heavy Users
1161,14723358,Heavy Users
902,14722727,Heavy Users
4018,14718345,Heavy Users
1098,14718162,Heavy Users
3107,14717254,Heavy Users
3993,14717140,Heavy Users
3057,14716978,Heavy Users
1846,14712630,Medium Users
3899,14712102,Medium Users
2034,14711653,Medium Users
525,14706103,Medium Users
3241,14700548,Medium Users
2790,14695805,Medium Users
3915,14688568,Medium Users
3506,14686630,Medium Users
4155,14685598,Medium Users
2129,14676423,Medium Users
1914,14670529,Medium Users
4135,14664385,Medium Users
4791,14663471,Medium Users
1139,14660191,Medium Users
1434,14659494,Medium Users
4798,14657243,Medium Users
2386,14651489,Medium Users
2065,14650404,Medium Users
157,14639934,Medium Users
2051,14631655,Medium Users
3319,14627706,Medium Users
1003,14627032,Medium Users
1792,14615991,Medium Users
2528,14613428,Medium Users
3222,14606685,Medium Users
2419,14606431,Medium Users
846,14604377,Medium Users
2248,14600745,Medium Users
493,14596143,Medium Users
512,14581682,Medium Users
946,14581302,Medium Users
3394,14579254,Medium Users
3238,14570980,Medium Users
4776,14569891,Medium Users
65,14566160,Medium Users
998,14546558,Medium Users
192,14544669,Medium Users
2988,14542085,Medium Users
1978,14540230,Medium Users
4076,14540188,Medium Users
4462,14538394,Medium Users
1807,14536738,Medium Users
4463,14532363,Medium Users
917,14528115,Medium Users
4051,14527595,Medium Users
1771,14523932,Medium Users
4198,14518218,Medium Users
3703,14515930,Medium Users
1743,14515390,Medium Users
2025,14504768,Medium Users
1686,14499842,Medium Users
1758,14493386,Medium Users
1906,14491987,Medium Users
3770,14490472,Medium Users
3895,14488842,Medium Users
2808,14480969,Medium Users
3316,14478419,Medium Users
3489,14476859,Medium Users
3466,14468911,Medium Users
4468,14466801,Medium Users
111,14466628,Medium Users
929,14465151,Medium Users
627,14462548,Medium Users
2077,14458907,Medium Users
3253,14454584,Medium Users
3209,14451566,Medium Users
1130,14451048,Medium Users
4365,14450900,Medium Users
4329,14450813,Medium Users
623,14445599,Medium Users
4976,14443396,Medium Users
3823,14436680,Medium Users
4605,14429519,Medium Users
2685,14425084,Medium Users
4426,14424055,Medium Users
5,14421032,Medium Users
1400,14419367,Medium Users
1027,14408447,Medium Users
2711,14406787,Medium Users
150,14395986,Medium Users
4845,14386986,Medium Users
3577,14385721,Medium Users
1528,14385560,Medium Users
3802,14385149,Medium Users
2373,14384293,Medium Users
431,14382880,Medium Users
4924,14370401,Medium Users
1091,14367766,Medium Users
4479,14364618,Medium Users
4490,14353670,Medium Users
2810,14352084,Medium Users
2568,14349159,Medium Users
1634,14346553,Medium Users
2895,14345005,Medium Users
108,14343537,Medium Users
4854,14339535,Medium Users
2094,14337859,Medium Users
887,14332027,Medium Users
3731,14330282,Medium Users
2291,14327812,Medium Users
4814,14315435,Medium Users
3670,14315369,Medium Users
2961,14312595,Medium Users
4672,14310764,Medium Users
203,14309449,Medium Users
4533,14307884,Medium Users
560,14302947,Medium Users
641,14294889,Medium Users
2993,14291644,Medium Users
3947,14290885,Medium Users
2536,14281459,Medium Users
1682,14274196,Medium Users
888,14273816,Medium Users
69,14273520,Medium Users
2084,14273394,Medium Users
4641,14272098,Medium Users
4790,14268039,Medium Users
4874,14260224,Medium Users
2190,14258151,Medium Users
1985,14253617,Medium Users
238,14251769,Medium Users
4988,14245290,Medium Users
2963,14244300,Medium Users
496,14239959,Medium Users
1991,14235990,Medium Users
3686,14235199,Medium Users
2468,14235157,Medium Users
1541,14232866,Medium Users
2629,14231050,Medium Users
2906,14228623,Medium Users
1859,14223763,Medium Users
3908,14223156,Medium Users
1663,14222965,Medium Users
2254,14221385,Medium Users
3641,14221194,Medium Users
4649,14214748,Medium Users
2475,14213120,Medium Users
3340,14201731,Medium Users
3938,14201325,Medium Users
3502,14200878,Medium Users
2185,14190559,Medium Users
1007,14186003,Medium Users
2779,14185874,Medium Users
636,14179888,Medium Users
1497,14178162,Medium Users
180,14177252,Medium Users
2110,14176409,Medium Users
1955,14170925,Medium Users
4538,14170792,Medium Users
866,14165419,Medium Users
409,14162834,Medium Users
2454,14161790,Medium Users
4911,14161112,Medium Users
2508,14159776,Medium Users
3858,14150031,Medium Users
326,14144563,Medium Users
3662,14141997,Medium Users
1228,14137044,Medium Users
3706,14135332,Medium Users
2648,14135163,Medium Users
1745,14135161,Medium Users
1166,14125520,Medium Users
3988,14123433,Medium Users
4738,14121728,Medium Users
3362,14113689,Medium Users
1454,14112324,Medium Users
19,14110916,Medium Users
1432,14103794,Medium Users
3460,14102074,Medium Users
4858,14101589,Medium Users
3824,14100412,Medium Users
2383,14098525,Medium Users
4016,14097790,Medium Users
629,14093650,Medium Users
4876,14093126,Medium Users
2770,14088587,Medium Users
4158,14078391,Medium Users
70,14075041,Medium Users
1357,14073746,Medium Users
1695,14062594,Medium Users
4191,14062151,Medium Users
102,14061587,Medium Users
4218,14059297,Medium Users
497,14056524,Medium Users
3423,14056070,Medium Users
426,14052136,Medium Users
1980,14049885,Medium Users
3217,14043670,Medium Users
106,14040665,Medium Users
3519,14040422,Medium Users
3462,14037424,Medium Users
4879,14034375,Medium Users
1633,14031115,Medium Users
4669,14019683,Medium Users
2015,14019102,Medium Users
593,14018002,Medium Users
4306,14013244,Medium Users
809,14012242,Medium Users
1329,14002856,Medium Users
1930,14002522,Medium Users
26,14000128,Medium Users
632,13998933,Medium Users
4123,13994851,Medium Users
2113,13992840,Medium Users
1706,13988559,Medium Users
1171,13987172,Medium Users
3278,13976897,Medium Users
4428,13973554,Medium Users
832,13964702,Medium Users
770,13964348,Medium Users
447,13964111,Medium Users
2910,13963898,Medium Users
3133,13963485,Medium Users
2871,13962347,Medium Users
2522,13955314,Medium Users
4718,13951032,Medium Users
4532,13950780,Medium Users
110,13947690,Medium Users
246,13943536,Medium Users
3298,13942505,Medium Users
3640,13939996,Medium Users
1919,13926726,Medium Users
1384,13917608,Medium Users
1464,13912951,Medium Users
4620,13912567,Medium Users
2224,13908205,Medium Users
1696,13907665,Medium Users
628,13906944,Medium Users
1582,13890915,Medium Users
2331,13886608,Medium Users
196,13881186,Medium Users
320,13874788,Medium Users
2704,13869333,Medium Users
4902,13865744,Medium Users
290,13865598,Medium Users
507,13863985,Medium Users
3311,13860718,Medium Users
4645,13860530,Medium Users
2311,13857992,Medium Users
1085,13851790,Medium Users
4805,13846227,Medium Users
1148,13845093,Medium Users
139,13843421,Medium Users
2274,13839556,Medium Users
3045,13836856,Medium Users
656,13828350,Medium Users
1918,13826619,Medium Users
1356,13823482,Medium Users
172,13818443,Medium Users
827,13812491,Medium Users
616,13806979,Medium Users
4929,13803713,Medium Users
2936,13801816,Medium Users
3652,13799517,Medium Users
270,13795153,Medium Users
3543,13787615,Medium Users
3927,13786967,Medium Users
3534,13781298,Medium Users
4325,13777460,Medium Users
1734,13777378,Medium Users
2445,13771775,Medium Users
2223,13766109,Medium Users
4434,13759072,Medium Users
2541,13757854,Medium Users
3775,13757772,Medium Users
513,13753198,Medium Users
1606,13750984,Medium Users
4501,13745479,Medium Users
4412,13741183,Medium Users
126,13741019,Medium Users
2388,13736665,Medium Users
4982,13735132,Medium Users
2638,13734564,Medium Users
324,13734416,Medium Users
3713,13730532,Medium Users
4627,13724281,Medium Users
2459,13721432,Medium Users
3208,13721176,Medium Users
31,13721155,Medium Users
3163,13712510,Medium Users
4,13710085,Medium Users
4354,13704452,Medium Users
4230,13696142,Medium Users
2538,13687704,Medium Users
4762,13682615,Medium Users
2732,13679947,Medium Users
787,13679722,Medium Users
1025,13679585,Medium Users
4330,13673658,Medium Users
3659,13673055,Medium Users
3591,13670624,Medium Users
4877,13666361,Medium Users
2964,13665934,Medium Users
307,13655596,Medium Users
4436,13654915,Medium Users
2708,13654873,Medium Users
1605,13651173,Medium Users
88,13649642,Medium Users
3853,13647666,Medium Users
4899,13647160,Medium Users
4875,13647054,Medium Users
2306,13645446,Medium Users
2149,13626797,Medium Users
1475,13618976,Medium Users
146,13611872,Medium Users
489,13599591,Medium Users
2088,13597359,Medium Users
4153,13597210,Medium Users
3580,13596327,Medium Users
2954,13595836,Medium Users
4555,13590886,Medium Users
2484,13574897,Medium Users
4385,13573013,Medium Users
2062,13570709,Medium Users
4089,13569572,Medium Users
4451,13567848,Medium Users
2754,13550305,Medium Users
1691,13547935,Medium Users
4254,13544292,Medium Users
4733,13544169,Medium Users
1573,13540019,Medium Users
3675,13539677,Medium Users
4839,13539621,Medium Users
3925,13539290,Medium Users
1398,13539116,Medium Users
4097,13538001,Medium Users
1231,13533979,Medium Users
3501,13523433,Medium Users
2338,13510776,Medium Users
4930,13509574,Medium Users
312,13504263,Medium Users
1406,13504139,Medium Users
4695,13503713,Medium Users
3159,13501891,Medium Users
2706,13497620,Medium Users
529,13493145,Medium Users
2886,13490520,Medium Users
3884,13489778,Medium Users
3277,13483848,Medium Users
1845,13480975,Medium Users
1790,13470400,Medium Users
133,13467894,Medium Users
2031,13461334,Medium Users
3585,13454063,Medium Users
4043,13450609,Medium Users
4288,13447319,Medium Users
3066,13442858,Medium Users
4145,13438259,Medium Users
2482,13437127,Medium Users
4859,13433792,Medium Users
878,13432589,Medium Users
1632,13431803,Medium Users
4680,13416813,Medium Users
4137,13416091,Medium Users
1744,13412004,Medium Users
925,13409125,Medium Users
4999,13406101,Medium Users
4795,13406069,Medium Users
3098,13403651,Medium Users
1513,13401780,Medium Users
4940,13400481,Medium Users
3215,13400071,Medium Users
156,13395690,Medium Users
3264,13386557,Medium Users
1954,13385194,Medium Users
1279,13383967,Medium Users
30,13379354,Medium Users
2821,13377583,Medium Users
520,13371836,Medium Users
3807,13367427,Medium Users
2060,13366721,Medium Users
2752,13356729,Medium Users
1115,13355368,Medium Users
3743,13354800,Medium Users
2782,13348099,Medium Users
703,13339102,Medium Users
1645,13335469,Medium Users
3964,13331452,Medium Users
1805,13319515,Medium Users
810,13318259,Medium Users
506,13315662,Medium Users
4813,13314409,Medium Users
3235,13303796,Medium Users
323,13302931,Medium Users
3655,13297540,Medium Users
1786,13296616,Medium Users
4636,13295119,Medium Users
2576,13289310,Medium Users
4103,13288160,Medium Users
2744,13285580,Medium Users
1984,13278444,Medium Users
2747,13271338,Medium Users
2210,13270943,Medium Users
4457,13265747,Medium Users
1447,13263698,Medium Users
1847,13260164,Medium Users
1627,13253104,Medium Users
3645,13237130,Medium Users
3745,13233081,Medium Users
3105,13232508,Medium Users
1839,13228490,Medium Users
1386,13227077,Medium Users
4815,13226392,Medium Users
1023,13226246,Medium Users
1715,13222929,Medium Users
4679,13217979,Medium Users
231,13216513,Medium Users
4236,13215512,Medium Users
2294,13210817,Medium Users
4955,13210540,Medium Users
965,13209591,Medium Users
4801,13206292,Medium Users
211,13202879,Medium Users
833,13200522,Medium Users
3213,13198335,Medium Users
1141,13195365,Medium Users
4849,13192136,Medium Users
2356,13191081,Medium Users
1977,13180999,Medium Users
2133,13177780,Medium Users
3486,13176406,Medium Users
3397,13174101,Medium Users
2147,13166775,Medium Users
4030,13161990,Medium Users
4217,13157434,Medium Users
1629,13146984,Medium Users
3522,13146892,Medium Users
4427,13145440,Medium Users
708,13138001,Medium Users
870,13136295,Medium Users
3321,13135834,Medium Users
3935,13132869,Medium Users
310,13131718,Medium Users
2984,13128688,Medium Users
3053,13124809,Medium Users
4447,13123150,Medium Users
3409,13122223,Medium Users
4308,13118938,Medium Users
3512,13116651,Medium Users
3996,13115023,Medium Users
591,13114539,Medium Users
4556,13108959,Medium Users
383,13105775,Medium Users
1367,13105668,Medium Users
2220,13099433,Medium Users
2999,13097839,Medium Users
2535,13092680,Medium Users
325,13089200,Medium Users
1835,13079542,Medium Users
3280,13078977,Medium Users
3369,13075659,Medium Users
3989,13073086,Medium Users
1283,13072797,Medium Users
4327,13068991,Medium Users
4034,13059539,Medium Users
1387,13057825,Medium Users
1924,13056482,Medium Users
1926,13055460,Medium Users
249,13053175,Medium Users
2307,13042973,Medium Users
427,13042579,Medium Users
865,13042568,Medium Users
3890,13032425,Medium Users
2449,13031294,Medium Users
3219,13029884,Medium Users
1747,13023229,Medium Users
1962,13020785,Medium Users
2862,13019887,Medium Users
351,13015068,Medium Users
4848,13012897,Medium Users
854,13012237,Medium Users
1826,13011424,Medium Users
4915,13008138,Medium Users
3399,12995870,Medium Users
2272,12989148,Medium Users
4203,12987169,Medium Users
904,12981182,Medium Users
3997,12980160,Medium Users
3148,12971444,Medium Users
2336,12971442,Medium Users
3508,12966206,Medium Users
3282,12964688,Medium Users
4571,12962402,Medium Users
1017,12959168,Medium Users
1880,12958059,Medium Users
4491,12956003,Medium Users
2515,12954363,Medium Users
1040,12945029,Medium Users
1625,12942940,Medium Users
2690,12942111,Medium Users
1266,12940994,Medium Users
16,12940322,Medium Users
2899,12937597,Medium Users
575,12930458,Medium Users
4240,12928564,Medium Users
3617,12928555,Medium Users
4112,12928123,Medium Users
1282,12926497,Medium Users
1096,12922847,Medium Users
335,12922178,Medium Users
4287,12922044,Medium Users
1653,12919848,Medium Users
3754,12912056,Medium Users
1254,12909987,Medium Users
3044,12908843,Medium Users
984,12905265,Medium Users
2912,12904962,Medium Users
480,12903612,Medium Users
562,12903345,Medium Users
1866,12902966,Medium Users
57,12900619,Medium Users
319,12895800,Medium Users
4682,12892395,Medium Users
918,12886369,Medium Users
2531,12884518,Medium Users
4435,12884281,Medium Users
953,12883981,Medium Users
4458,12883287,Medium Users
2412,12880497,Medium Users
1592,12870893,Medium Users
4928,12869519,Medium Users
3470,12869083,Medium Users
2199,12861647,Medium Users
3813,12849959,Medium Users
395,12849524,Medium Users
4108,12839170,Medium Users
819,12838737,Medium Users
1995,12838702,Medium Users
2029,12834114,Medium Users
3560,12830465,Medium Users
1461,12829200,Medium Users
651,12827797,Medium Users
871,12821559,Medium Users
3265,12816806,Medium Users
4898,12806903,Medium Users
2153,12804916,Medium Users
620,12804843,Medium Users
705,12804114,Medium Users
3034,12800384,Medium Users
4625,12799074,Medium Users
3692,12797477,Medium Users
1944,12794613,Medium Users
4782,12794325,Medium Users
4731,12792614,Medium Users
4067,12788097,Medium Users
1948,12785133,Medium Users
1581,12784672,Medium Users
624,12784416,Medium Users
4410,12781248,Medium Users
2145,12779872,Medium Users
3178,12775507,Medium Users
1437,12772257,Medium Users
2394,12771216,Medium Users
3142,12770692,Medium Users
1511,12770419,Medium Users
1369,12767604,Medium Users
4357,12759636,Medium Users
3464,12753851,Medium Users
2063,12752296,Medium Users
1109,12750667,Medium Users
4366,12746397,Medium Users
3143,12742402,Medium Users
542,12738121,Medium Users
1083,12738067,Medium Users
1192,12736927,Medium Users
492,12730188,Medium Users
1869,12729887,Medium Users
3990,12729753,Medium Users
716,12719748,Medium Users
3949,12719124,Medium Users
35,12705750,Medium Users
4575,12704981,Medium Users
2534,12697377,Medium Users
4295,12691096,Medium Users
3801,12688996,Medium Users
4083,12686397,Medium Users
1707,12682736,Medium Users
3810,12681500,Medium Users
567,12672568,Medium Users
847,12671075,Medium Users
3829,12670661,Medium Users
1683,12651855,Medium Users
3141,12651704,Medium Users
1355,12649661,Medium Users
1705,12648654,Medium Users
51,12648168,Medium Users
120,12647152,Medium Users
4702,12645817,Medium Users
2590,12640773,Medium Users
3874,12638977,Medium Users
2273,12638734,Medium Users
2896,12638504,Medium Users
2772,12634584,Medium Users
3977,12634128,Medium Users
1350,12632720,Medium Users
3833,12622093,Medium Users
413,12615972,Medium Users
911,12614057,Medium Users
190,12606963,Medium Users
4892,12602610,Medium Users
2682,12601794,Medium Users
4423,12590360,Medium Users
640,12587976,Medium Users
3041,12585159,Medium Users
1317,12581108,Medium Users
4341,12573679,Medium Users
3826,12573604,Medium Users
2664,12570113,Medium Users
4061,12568469,Medium Users
597,12567203,Medium Users
3916,12561056,Medium Users
411,12560852,Medium Users
1258,12559775,Medium Users
107,12559133,Medium Users
592,12557702,Medium Users
2160,12556840,Medium Users
3234,12556120,Medium Users
2583,12551674,Medium Users
4910,12551196,Medium Users
3007,12548859,Medium Users
1635,12543814,Medium Users
4558,12534433,Medium Users
1500,12534103,Medium Users
3436,12532323,Medium Users
1203,12530239,Medium Users
894,12528432,Medium Users
1268,12522373,Medium Users
4750,12522118,Medium Users
751,12521946,Medium Users
544,12520277,Medium Users
3485,12518984,Medium Users
1559,12512345,Medium Users
372,12510924,Medium Users
4047,12504101,Medium Users
1032,12503158,Medium Users
1010,12500426,Medium Users
3293,12500146,Medium Users
2613,12496444,Medium Users
1036,12495106,Medium Users
4241,12494881,Medium Users
1858,12494007,Medium Users
1688,12490594,Medium Users
2622,12489151,Medium Users
201,12480578,Medium Users
338,12476474,Medium Users
1784,12475546,Medium Users
1119,12461340,Medium Users
3804,12458578,Medium Users
3815,12456354,Medium Users
1244,12454174,Medium Users
2333,12449911,Medium Users
1797,12447185,Medium Users
4591,12445513,Medium Users
2604,12441210,Medium Users
248,12441037,Medium Users
3654,12434323,Medium Users
4516,12433814,Medium Users
875,12409974,Medium Users
4000,12405728,Medium Users
2799,12403865,Medium Users
4607,12397481,Medium Users
4019,12395036,Medium Users
2694,12391466,Medium Users
3080,12387915,Medium Users
1168,12386017,Medium Users
2521,12385296,Medium Users
4485,12383405,Medium Users
1504,12379394,Medium Users
2131,12367948,Medium Users
461,12365980,Medium Users
39,12365287,Medium Users
1199,12365131,Medium Users
36,12362546,Medium Users
3258,12359373,Medium Users
695,12356516,Medium Users
3052,12349649,Medium Users
2931,12348100,Medium Users
4869,12347179,Medium Users
611,12343051,Medium Users
2945,12343044,Medium Users
56,12338492,Medium Users
3586,12336760,Medium Users
2478,12335004,Medium Users
783,12326389,Medium Users
4094,12325468,Medium Users
2233,12325333,Medium Users
1483,12321717,Medium Users
289,12319592,Medium Users
1685,12317231,Medium Users
4710,12314820,Medium Users
919,12313216,Medium Users
843,12309595,Medium Users
2989,12305905,Medium Users
4509,12305119,Medium Users
2698,12302634,Medium Users
2134,12299290,Medium Users
4042,12298091,Medium Users
3940,12293954,Medium Users
724,12293812,Medium Users
596,12292945,Medium Users
3378,12290839,Medium Users
2935,12289852,Medium Users
2403,12286591,Medium Users
1390,12275100,Medium Users
3205,12275083,Medium Users
655,12274169,Medium Users
2319,12268730,Medium Users
2812,12264509,Medium Users
1941,12263871,Medium Users
4262,12259330,Medium Users
3933,12258161,Medium Users
840,12254851,Medium Users
1147,12254644,Medium Users
3953,12252577,Medium Users
4338,12251424,Medium Users
3751,12244478,Medium Users
855,12242428,Medium Users
2649,12236219,Medium Users
4339,12227766,Medium Users
4500,12222014,Medium Users
2909,12214286,Medium Users
4932,12214096,Medium Users
1472,12213732,Medium Users
1319,12210461,Medium Users
2563,12208516,Medium Users
4289,12199829,Medium Users
34,12199456,Medium Users
3240,12194929,Medium Users
4493,12194396,Medium Users
291,12190378,Medium Users
2659,12189099,Medium Users
4577,12188385,Medium Users
2042,12185415,Medium Users
3433,12180147,Medium Users
1893,12176658,Medium Users
4011,12174186,Medium Users
4411,12171871,Medium Users
1738,12170929,Medium Users
1716,12169422,Medium Users
1081,12166539,Medium Users
4283,12164932,Medium Users
2992,12153763,Medium Users
4143,12153591,Medium Users
754,12145145,Medium Users
3780,12139501,Medium Users
2268,12139085,Medium Users
756,12135917,Medium Users
2970,12132789,Medium Users
957,12123901,Medium Users
4630,12122772,Medium Users
750,12121484,Medium Users
1818,12120156,Medium Users
4446,12116192,Medium Users
3664,12114543,Medium Users
2979,12112389,Medium Users
4918,12111272,Medium Users
481,12108138,Medium Users
2012,12106315,Medium Users
4160,12103331,Medium Users
2351,12100590,Medium Users
2193,12100451,Medium Users
654,12097716,Medium Users
2731,12094567,Medium Users
3437,12091924,Medium Users
1770,12089256,Medium Users
2839,12082731,Medium Users
1374,12073368,Medium Users
2980,12065400,Medium Users
665,12062761,Medium Users
2585,12062256,Medium Users
2539,12059061,Medium Users
2745,12058150,Medium Users
1968,12057546,Medium Users
3103,12048271,Medium Users
397,12042392,Medium Users
4222,12040855,Medium Users
4515,12035208,Medium Users
3639,12034611,Medium Users
3117,12034595,Medium Users
2117,12031656,Medium Users
3216,12029194,Medium Users
4711,12025802,Medium Users
3189,12021980,Medium Users
889,12018983,Medium Users
1250,12017320,Medium Users
3400,12013498,Medium Users
4078,12012831,Medium Users
1000,12012735,Medium Users
3611,12009324,Medium Users
2405,12008116,Medium Users
3951,12002025,Medium Users
1643,12001893,Medium Users
3750,11998268,Medium Users
1864,11997719,Medium Users
2594,11996212,Medium Users
1066,11995172,Medium Users
2603,11991775,Medium Users
1460,11991757,Medium Users
2384,11988430,Medium Users
3383,11981780,Medium Users
2996,11979735,Medium Users
2171,11976492,Medium Users
1909,11974539,Medium Users
198,11971090,Medium Users
4725,11970888,Medium Users
316,11967324,Medium Users
1165,11966910,Medium Users
1628,11963572,Medium Users
1641,11948584,Medium Users
824,11944585,Medium Users
3841,11940577,Medium Users
1012,11923004,Medium Users
4623,11919140,Medium Users
1385,11917276,Medium Users
3962,11903281,Medium Users
1280,11902801,Medium Users
3113,11898980,Medium Users
914,11897988,Medium Users
4098,11896244,Medium Users
4724,11895551,Medium Users
2283,11893253,Medium Users
514,11888614,Medium Users
1998,11881559,Medium Users
2596,11875906,Medium Users
4944,11873395,Medium Users
1220,11871949,Medium Users
531,11870520,Medium Users
4014,11869753,Medium Users
909,11869573,Medium Users
3291,11867154,Medium Users
3472,11865521,Medium Users
125,11861746,Medium Users
2632,11855936,Medium Users
577,11849856,Medium Users
4726,11849295,Medium Users
2278,11848947,Medium Users
1270,11844013,Medium Users
1197,11843533,Medium Users
2850,11840484,Medium Users
1654,11839739,Medium Users
1070,11817655,Medium Users
2920,11816527,Medium Users
22,11804489,Medium Users
1122,11803597,Medium Users
4114,11803175,Medium Users
1737,11801408,Medium Users
3873,11795245,Medium Users
4225,11791898,Medium Users
4580,11784914,Medium Users
3138,11780752,Medium Users
1112,11778259,Medium Users
1763,11777401,Medium Users
3136,11773779,Medium Users
3744,11771904,Medium Users
3008,11758900,Medium Users
1974,11758296,Medium Users
4754,11757402,Medium Users
1757,11756803,Medium Users
4036,11752936,Medium Users
251,11752275,Medium Users
4192,11751464,Medium Users
4597,11750681,Medium Users
373,11750481,Medium Users
366,11748717,Medium Users
3444,11743807,Medium Users
2253,11739642,Medium Users
1194,11738166,Medium Users
3354,11724113,Medium Users
3748,11722757,Medium Users
947,11718668,Medium Users
4131,11713549,Medium Users
1854,11707980,Medium Users
3272,11706387,Medium Users
3872,11703743,Medium Users
1451,11698488,Medium Users
2609,11696881,Medium Users
3385,11694785,Medium Users
1617,11692482,Medium Users
977,11682365,Medium Users
1610,11682363,Medium Users
1578,11676252,Medium Users
1037,11671705,Medium Users
718,11669266,Medium Users
2640,11667992,Medium Users
4959,11665412,Medium Users
2005,11663030,Medium Users
736,11661967,Medium Users
419,11659491,Medium Users
4293,11656533,Medium Users
884,11656315,Medium Users
721,11652076,Medium Users
2892,11647383,Medium Users
517,11646273,Medium Users
3622,11644325,Medium Users
594,11642905,Medium Users
2255,11636691,Medium Users
4563,11630030,Medium Users
4065,11628958,Medium Users
2341,11628704,Medium Users
1410,11620028,Medium Users
2261,11616427,Medium Users
2441,11610615,Medium Users
2421,11603162,Medium Users
2004,11599513,Medium Users
2956,11598848,Medium Users
4495,11598469,Medium Users
4851,11598175,Medium Users
1829,11589764,Medium Users
2995,11589490,Medium Users
4080,11583097,Medium Users
2598,11580818,Medium Users
2135,11578808,Medium Users
1315,11565887,Medium Users
2958,11560156,Medium Users
2939,11558312,Medium Users
3633,11549327,Medium Users
2593,11549207,Medium Users
3919,11535582,Medium Users
586,11531247,Medium Users
3161,11530459,Medium Users
2554,11529995,Medium Users
4299,11527307,Medium Users
4102,11526757,Medium Users
2181,11520443,Medium Users
2530,11520419,Medium Users
1697,11520125,Medium Users
707,11518741,Medium Users
4705,11515768,Medium Users
1087,11511915,Medium Users
2436,11509065,Medium Users
308,11508553,Medium Users
4460,11506399,Medium Users
1031,11505753,Medium Users
113,11498044,Medium Users
4315,11495708,Medium Users
2175,11495301,Medium Users
1612,11494616,Medium Users
4523,11484564,Medium Users
1988,11483755,Medium Users
3943,11482784,Medium Users
3192,11479595,Medium Users
4420,11479396,Medium Users
1999,11478372,Medium Users
1887,11476038,Medium Users
164,11470257,Medium Users
2785,11469881,Medium Users
2048,11468813,Medium Users
3491,11457838,Medium Users
158,11455195,Medium Users
3545,11454878,Medium Users
4117,11453209,Medium Users
3784,11450307,Medium Users
687,11449259,Medium Users
1976,11447399,Medium Users
1495,11445627,Medium Users
3539,11445288,Medium Users
3870,11444041,Medium Users
4691,11443730,Medium Users
1746,11442602,Medium Users
3752,11440230,Medium Users
4560,11439588,Medium Users
2888,11438693,Medium Users
3555,11437609,Medium Users
1524,11436958,Medium Users
574,11429190,Medium Users
3837,11425415,Medium Users
3550,11419783,Medium Users
4862,11418807,Medium Users
3269,11418231,Medium Users
2206,11415135,Medium Users
2018,11414584,Medium Users
2390,11414279,Medium Users
3747,11412815,Medium Users
3195,11406911,Medium Users
337,11403897,Medium Users
3701,11393906,Medium Users
2582,11392600,Medium Users
1875,11391548,Medium Users
763,11390225,Medium Users
3878,11389077,Medium Users
4156,11388113,Medium Users
2600,11370947,Medium Users
1227,11368247,Medium Users
2472,11365843,Medium Users
634,11365081,Medium Users
1767,11362800,Medium Users
4314,11361198,Medium Users
1426,11359928,Medium Users
1990,11356615,Medium Users
2589,11356093,Medium Users
3590,11355991,Medium Users
3606,11349868,Medium Users
735,11341512,Medium Users
67,11341321,Medium Users
3599,11336549,Medium Users
4348,11328960,Medium Users
365,11327422,Medium Users
295,11326750,Medium Users
1668,11325776,Medium Users
3060,11322970,Medium Users
1018,11320133,Medium Users
2901,11317062,Medium Users
4052,11316292,Medium Users
912,11315463,Medium Users
4751,11313449,Medium Users
4133,11310514,Medium Users
1030,11307653,Medium Users
3237,11307280,Medium Users
4235,11307234,Medium Users
1238,11305135,Medium Users
890,11299505,Medium Users
162,11297121,Medium Users
54,11291919,Medium Users
4676,11291014,Medium Users
673,11290287,Medium Users
3002,11289748,Medium Users
2271,11288998,Medium Users
3980,11275958,Medium Users
4309,11274721,Medium Users
4948,11273336,Medium Users
3256,11272067,Medium Users
4921,11269197,Medium Users
4079,11263665,Medium Users
2358,11263293,Medium Users
674,11260919,Medium Users
4331,11260054,Medium Users
2619,11258237,Medium Users
3346,11256905,Medium Users
3820,11252193,Medium Users
3816,11250394,Medium Users
4215,11244974,Medium Users
336,11222963,Medium Users
2374,11216871,Medium Users
4840,11216226,Medium Users
879,11214926,Medium Users
1002,11214875,Medium Users
2363,11203305,Medium Users
189,11193060,Medium Users
2288,11185611,Medium Users
881,11184667,Medium Users
2845,11184432,Medium Users
1951,11181484,Medium Users
3529,11178503,Medium Users
2017,11175525,Medium Users
213,11171590,Medium Users
3683,11169963,Medium Users
2843,11164471,Medium Users
1725,11160534,Medium Users
1137,11159963,Medium Users
3118,11156326,Medium Users
1521,11154975,Medium Users
2126,11154773,Medium Users
3936,11153625,Medium Users
4937,11151507,Medium Users
3184,11141762,Medium Users
3285,11139669,Medium Users
2748,11137158,Medium Users
4788,11136190,Medium Users
2187,11136062,Medium Users
440,11135060,Medium Users
3710,11132299,Medium Users
4526,11131196,Medium Users
2877,11127282,Medium Users
3345,11119498,Medium Users
4550,11115878,Medium Users
4134,11101731,Medium Users
260,11101645,Medium Users
1895,11092610,Medium Users
3848,11091821,Medium Users
3012,11079190,Medium Users
3981,11073741,Medium Users
136,11068605,Medium Users
3688,11058208,Medium Users
1611,11053574,Medium Users
1262,11050703,Medium Users
2511,11050451,Medium Users
643,11046246,Medium Users
3533,11046208,Medium Users
4362,11044607,Medium Users
4642,11044304,Medium Users
2543,11030519,Medium Users
4578,11027944,Medium Users
2180,11025584,Medium Users
4889,11025369,Medium Users
3575,11025166,Medium Users
4941,11020290,Medium Users
2647,11017605,Medium Users
2791,11014758,Medium Users
1597,11010050,Medium Users
3125,11008072,Medium Users
4277,11007846,Medium Users
4919,11005055,Medium Users
4573,11000576,Medium Users
3972,11000479,Medium Users
4369,10996528,Medium Users
4396,10993430,Medium Users
2824,10983851,Medium Users
3318,10982772,Medium Users
4465,10982557,Medium Users
159,10981293,Medium Users
4278,10976631,Medium Users
587,10976491,Medium Users
3126,10975779,Medium Users
4900,10975360,Medium Users
3292,10973032,Medium Users
4206,10967757,Medium Users
2651,10964772,Medium Users
263,10962264,Medium Users
3830,10961623,Medium Users
1459,10946396,Medium Users
825,10943278,Medium Users
4139,10939455,Medium Users
958,10936887,Medium Users
900,10935634,Medium Users
3558,10929973,Medium Users
3309,10927578,Medium Users
1255,10921035,Medium Users
195,10910817,Medium Users
1735,10910677,Medium Users
2067,10908993,Medium Users
1518,10906624,Medium Users
4736,10899623,Medium Users
1154,10896753,Medium Users
1305,10888240,Medium Users
4452,10887825,Medium Users
1899,10881510,Medium Users
3482,10873894,Medium Users
4723,10873892,Medium Users
4548,10866215,Medium Users
3458,10864581,Medium Users
2494,10864172,Medium Users
3672,10850268,Medium Users
425,10835040,Medium Users
1540,10831693,Medium Users
1690,10829371,Medium Users
3179,10825250,Medium Users
1453,10823388,Medium Users
1913,10822600,Medium Users
2021,10820544,Medium Users
775,10817185,Medium Users
2395,10813543,Medium Users
638,10809753,Medium Users
4803,10809229,Medium Users
3718,10805962,Medium Users
1402,10805394,Medium Users
4633,10804944,Medium Users
2152,10798131,Medium Users
2643,10795593,Medium Users
465,10791701,Medium Users
4136,10789113,Medium Users
796,10783518,Medium Users
1867,10782821,Medium Users
236,10782797,Medium Users
1152,10772241,Medium Users
4041,10760207,Medium Users
3822,10748075,Medium Users
1529,10735661,Medium Users
2028,10735150,Medium Users
4455,10734701,Medium Users
3246,10729353,Medium Users
4802,10728173,Medium Users
1493,10725358,Medium Users
3516,10714453,Medium Users
4109,10709510,Medium Users
3756,10707431,Medium Users
869,10705950,Medium Users
2368,10702656,Medium Users
2377,10695416,Medium Users
4196,10691879,Medium Users
4664,10690161,Medium Users
459,10689672,Medium Users
168,10686811,Medium Users
1739,10682361,Medium Users
415,10681304,Medium Users
3540,10680977,Medium Users
1585,10678532,Medium Users
2295,10678428,Medium Users
2885,10676775,Medium Users
2079,10675601,Medium Users
145,10666177,Medium Users
3957,10661142,Medium Users
3484,10660060,Medium Users
4810,10654516,Medium Users
3131,10650906,Medium Users
4908,10649807,Medium Users
4643,10645980,Medium Users
2059,10644792,Medium Users
1920,10644316,Medium Users
4592,10640814,Medium Users
3937,10638360,Medium Users
3432,10625219,Medium Users
3017,10612442,Medium Users
2380,10608528,Medium Users
2014,10604113,Medium Users
4906,10601842,Medium Users
3268,10599518,Medium Users
3479,10591089,Medium Users
1662,10585984,Medium Users
2532,10580584,Medium Users
160,10579497,Medium Users
1989,10579471,Medium Users
3492,10578169,Medium Users
3609,10577040,Medium Users
2529,10575702,Medium Users
2292,10574005,Medium Users
2761,10571099,Medium Users
1237,10567218,Medium Users
797,10563369,Medium Users
1567,10560799,Medium Users
509,10557529,Medium Users
1810,10552272,Medium Users
4418,10550215,Medium Users
1640,10549183,Medium Users
2457,10542324,Medium Users
226,10541512,Medium Users
318,10535946,Medium Users
734,10528729,Medium Users
546,10526114,Medium Users
3379,10521162,Medium Users
2156,10517752,Medium Users
3122,10515910,Medium Users
84,10512279,Medium Users
1579,10498844,Medium Users
768,10496613,Medium Users
2061,10495924,Medium Users
2681,10495015,Medium Users
2344,10494057,Medium Users
4280,10492231,Medium Users
976,10491934,Medium Users
532,10489390,Medium Users
557,10489137,Medium Users
1458,10489025,Medium Users
1191,10488677,Medium Users
2264,10485564,Medium Users
1182,10485177,Medium Users
4545,10482984,Medium Users
2471,10482372,Medium Users
1966,10470900,Medium Users
645,10466986,Medium Users
2861,10464482,Medium Users
91,10463655,Medium Users
43,10459350,Medium Users
294,10458765,Medium Users
3106,10453881,Medium Users
3009,10450409,Medium Users
2047,10448453,Medium Users
3610,10445315,Medium Users
3116,10427315,Medium Users
1278,10423890,Medium Users
269,10418882,Medium Users
3855,10413657,Medium Users
2635,10413125,Medium Users
903,10412613,Medium Users
4154,10410879,Medium Users
4743,10409527,Medium Users
2036,10409109,Medium Users
1240,10396635,Medium Users
371,10395941,Medium Users
2322,10394714,Medium Users
2317,10392800,Medium Users
487,10389055,Medium Users
3085,10388029,Medium Users
2519,10383267,Medium Users
677,10381090,Medium Users
3480,10378441,Medium Users
380,10360982,Medium Users
2141,10360658,Medium Users
1145,10353916,Medium Users
1248,10353795,Medium Users
3260,10351867,Medium Users
1213,10351080,Medium Users
4092,10337720,Medium Users
812,10329667,Medium Users
4086,10322474,Medium Users
1425,10317670,Medium Users
4397,10317366,Medium Users
1623,10316738,Medium Users
41,10315910,Medium Users
2298,10314879,Medium Users
3453,10314069,Medium Users
3597,10310937,Medium Users
2455,10307507,Medium Users
3197,10301333,Medium Users
4149,10287459,Medium Users
354,10283884,Medium Users
4569,10278835,Medium Users
4717,10273448,Medium Users
2842,10271003,Medium Users
893,10269266,Medium Users
1911,10266421,Medium Users
4066,10258461,Medium Users
1870,10255751,Medium Users
468,10250201,Medium Users
3753,10246835,Medium Users
4772,10246703,Medium Users
2727,10243760,Medium Users
3902,10242892,Medium Users
305,10240125,Medium Users
4441,10240014,Medium Users
2737,10234381,Medium Users
1609,10233739,Medium Users
1937,10233033,Medium Users
723,10230797,Medium Users
3047,10229869,Medium Users
2323,10229022,Medium Users
2908,10225900,Medium Users
1648,10220743,Medium Users
3722,10215604,Medium Users
4884,10214870,Medium Users
2733,10213236,Medium Users
1302,10207951,Medium Users
4274,10201599,Medium Users
177,10196952,Medium Users
165,10196480,Medium Users
1469,10196467,Medium Users
2116,10196320,Medium Users
4744,10193077,Medium Users
255,10192846,Medium Users
689,10191008,Medium Users
801,10186908,Medium Users
313,10182691,Medium Users
603,10176358,Medium Users
281,10174920,Medium Users
811,10171163,Medium Users
2393,10167764,Medium Users
3886,10166300,Medium Users
2916,10166031,Medium Users
4974,10166020,Medium Users
3199,10159865,Medium Users
342,10159076,Medium Users
163,10157190,Medium Users
475,10155053,Medium Users
1133,10144346,Medium Users
3679,10143628,Medium Users
4661,10143507,Medium Users
3303,10138590,Medium Users
1252,10133942,Medium Users
3768,10132059,Medium Users
2329,10130615,Medium Users
563,10128470,Medium Users
2610,10126935,Medium Users
1294,10109030,Medium Users
1408,10106632,Medium Users
2873,10106033,Medium Users
1877,10105874,Medium Users
301,10105045,Medium Users
3532,10102173,Medium Users
2234,10087579,Medium Users
1723,10084332,Medium Users
2867,10083727,Medium Users
970,10082440,Medium Users
2855,10082240,Medium Users
848,10081607,Medium Users
2760,10081349,Medium Users
2840,10080811,Medium Users
1563,10076313,Medium Users
3593,10075824,Medium Users
2139,10075574,Medium Users
4600,10068324,Medium Users
590,10066517,Medium Users
4088,10061089,Medium Users
4519,10050325,Medium Users
1881,10048639,Medium Users
3521,10048421,Medium Users
3912,10048122,Medium Users
3569,10046983,Medium Users
1535,10044147,Medium Users
4488,10043524,Medium Users
3471,10043118,Medium Users
4965,10039792,Medium Users
3546,10032184,Medium Users
1545,10030318,Medium Users
360,10029916,Medium Users
1649,10029821,Medium Users
4439,10022673,Medium Users
2312,10013144,Medium Users
697,10012536,Medium Users
2066,10012371,Medium Users
3,10010537,Medium Users
816,10008306,Medium Users
646,10002449,Medium Users
155,10001255,Medium Users
3596,10000155,Medium Users
2064,9994163,Medium Users
3648,9992564,Medium Users
2488,9987064,Medium Users
1300,9986738,Medium Users
920,9984576,Medium Users
1967,9982825,Medium Users
1502,9981295,Medium Users
727,9979933,Medium Users
3226,9976425,Medium Users
1448,9972782,Medium Users
2751,9969639,Medium Users
3252,9966841,Medium Users
4081,9963130,Medium Users
2599,9962333,Medium Users
1651,9960548,Medium Users
4939,9958500,Medium Users
4005,9957145,Medium Users
3062,9951305,Medium Users
547,9947514,Medium Users
4168,9939614,Medium Users
4581,9934072,Medium Users
2469,9933499,Medium Users
3084,9931092,Medium Users
4211,9930700,Medium Users
3689,9926955,Medium Users
3562,9921812,Medium Users
3773,9921111,Medium Users
1024,9918948,Medium Users
386,9916099,Medium Users
2572,9915352,Medium Users
2401,9913987,Medium Users
4759,9911845,Medium Users
658,9911428,Medium Users
3928,9903974,Medium Users
2755,9901913,Medium Users
2433,9901269,Medium Users
4770,9899526,Medium Users
872,9890920,Medium Users
1267,9889658,Medium Users
2688,9889298,Medium Users
4992,9887485,Medium Users
2645,9881964,Medium Users
3636,9876526,Medium Users
4880,9869875,Medium Users
4502,9868526,Medium Users
3779,9867506,Medium Users
4476,9865675,Medium Users
1785,9861055,Medium Users
1,9854599,Medium Users
4390,9851282,Medium Users
3791,9850160,Medium Users
4771,9848433,Medium Users
3911,9846895,Medium Users
4464,9845513,Medium Users
4498,9843391,Medium Users
3704,9838804,Medium Users
662,9838293,Medium Users
746,9836255,Medium Users
4127,9835751,Medium Users
2844,9835010,Medium Users
1204,9830098,Medium Users
1360,9829739,Medium Users
237,9826829,Medium Users
4342,9824182,Medium Users
1015,9823254,Medium Users
1750,9815861,Medium Users
4021,9815752,Medium Users
4484,9812940,Medium Users
1198,9807951,Medium Users
3196,9807063,Medium Users
3796,9806466,Medium Users
3405,9805167,Medium Users
3986,9804401,Medium Users
2270,9804249,Medium Users
3965,9803156,Medium Users
1843,9803154,Medium Users
3350,9800916,Medium Users
3991,9796946,Medium Users
4752,9794695,Medium Users
2774,9794028,Medium Users
2197,9788392,Medium Users
864,9783765,Medium Users
1396,9773659,Medium Users
1084,9773607,Medium Users
4552,9773280,Medium Users
4593,9771064,Medium Users
1595,9767579,Medium Users
223,9766661,Medium Users
2566,9760854,Medium Users
4818,9759661,Medium Users
4118,9759296,Medium Users
931,9757170,Medium Users
271,9754964,Medium Users
781,9749573,Medium Users
648,9742562,Medium Users
1861,9733554,Medium Users
1075,9728996,Medium Users
1975,9728018,Medium Users
3952,9727840,Medium Users
773,9726753,Medium Users
1404,9723696,Medium Users
1162,9723154,Medium Users
4025,9718425,Medium Users
3245,9713872,Medium Users
3973,9708205,Medium Users
618,9706246,Medium Users
3790,9702912,Medium Users
1772,9695747,Medium Users
538,9691496,Medium Users
3736,9691090,Medium Users
2547,9688797,Medium Users
2142,9682350,Medium Users
3795,9680282,Medium Users
2313,9676113,Medium Users
4492,9675796,Medium Users
4364,9671135,Medium Users
48,9661634,Medium Users
4886,9657431,Medium Users
578,9653202,Medium Users
1819,9651282,Medium Users
1257,9651250,Medium Users
552,9649194,Medium Users
3461,9643457,Medium Users
539,9640787,Medium Users
4343,9636926,Medium Users
3657,9629742,Medium Users
2252,9628038,Medium Users
1239,9625640,Medium Users
3169,9625211,Medium Users
2250,9615927,Medium Users
1342,9614817,Medium Users
771,9613393,Medium Users
1917,9613160,Medium Users
3913,9605784,Medium Users
227,9603481,Medium Users
3728,9603122,Medium Users
2669,9602794,Medium Users
4583,9601973,Medium Users
4084,9599932,Medium Users
3763,9594718,Medium Users
2542,9589213,Medium Users
1642,9587248,Medium Users
4822,9587154,Medium Users
4189,9577405,Medium Users
1821,9575790,Medium Users
417,9572410,Medium Users
4663,9567947,Medium Users
4321,9567226,Medium Users
2565,9562437,Medium Users
3330,9559296,Medium Users
2099,9558674,Medium Users
518,9556801,Medium Users
2973,9553513,Medium Users
3434,9551282,Medium Users
3495,9549967,Medium Users
4567,9548997,Medium Users
622,9547609,Medium Users
2697,9545298,Medium Users
758,9544671,Medium Users
3456,9528130,Medium Users
784,9525757,Medium Users
4010,9522721,Medium Users
3419,9519447,Medium Users
792,9516913,Medium Users
4163,9513802,Medium Users
1607,9512416,Medium Users
4003,9510157,Medium Users
813,9505570,Medium Users
2480,9503243,Medium Users
3411,9501280,Medium Users
1264,9496969,Medium Users
4202,9496516,Medium Users
2201,9496261,Medium Users
2700,9494852,Medium Users
2858,9491068,Medium Users
1943,9486716,Medium Users
2001,9483476,Medium Users
2257,9481992,Medium Users
4300,9478425,Medium Users
2561,9475523,Medium Users
3818,9475118,Medium Users
3286,9472756,Medium Users
45,9471300,Medium Users
4950,9460873,Medium Users
4722,9457624,Medium Users
1295,9457068,Medium Users
210,9443369,Medium Users
217,9442649,Medium Users
2523,9436896,Medium Users
4765,9433098,Medium Users
4440,9428944,Medium Users
3211,9428165,Medium Users
1764,9427732,Medium Users
2217,9427529,Medium Users
2878,9424344,Medium Users
1377,9421122,Medium Users
3561,9419245,Medium Users
4470,9418744,Medium Users
1439,9410362,Medium Users
823,9396203,Medium Users
2286,9394014,Medium Users
608,9390265,Medium Users
1775,9385730,Medium Users
4622,9378294,Medium Users
315,9377277,Medium Users
4415,9374494,Medium Users
1392,9370158,Medium Users
2675,9369074,Medium Users
2195,9369008,Medium Users
1677,9367782,Medium Users
3377,9363625,Medium Users
3042,9363572,Medium Users
2762,9360025,Medium Users
1205,9359244,Medium Users
3388,9356427,Medium Users
4506,9356324,Medium Users
4256,9353773,Medium Users
3632,9352893,Medium Users
2887,9352602,Medium Users
1249,9342150,Medium Users
4698,9336646,Medium Users
446,9335348,Medium Users
3363,9334320,Medium Users
1013,9332846,Medium Users
2321,9331300,Medium Users
368,9328638,Medium Users
1813,9327944,Medium Users
494,9326089,Medium Users
1376,9324905,Medium Users
1160,9316889,Medium Users
3185,9313285,Medium Users
3631,9306797,Medium Users
2039,9299417,Medium Users
4167,9295971,Medium Users
1185,9295295,Medium Users
524,9294445,Medium Users
533,9286844,Medium Users
4302,9280396,Medium Users
2709,9278721,Medium Users
3828,9278429,Medium Users
3474,9277230,Medium Users
369,9275333,Medium Users
1526,9270282,Medium Users
753,9270229,Medium Users
1850,9267603,Medium Users
3257,9263809,Medium Users
1207,9263574,Medium Users
2277,9260307,Medium Users
3305,9259528,Medium Users
2460,9256116,Medium Users
2212,9253085,Medium Users
1303,9253017,Medium Users
1527,9252720,Medium Users
1324,9248644,Medium Users
1972,9240127,Medium Users
2625,9237867,Medium Users
642,9232481,Medium Users
453,9231690,Medium Users
3901,9231611,Medium Users
2721,9229689,Medium Users
4522,9228246,Medium Users
4201,9226486,Medium Users
2102,9220997,Medium Users
4233,9220650,Medium Users
2325,9217548,Medium Users
50,9214982,Medium Users
1828,9211428,Medium Users
4995,9202770,Medium Users
1316,9201941,Medium Users
2950,9201040,Medium Users
683,9199751,Medium Users
3716,9196480,Medium Users
3714,9189965,Medium Users
4008,9183633,Medium Users
2574,9182709,Medium Users
1574,9182494,Medium Users
4748,9181933,Medium Users
1639,9174709,Medium Users
826,9174692,Medium Users
176,9171590,Medium Users
2960,9159055,Medium Users
4353,9155258,Medium Users
759,9153333,Medium Users
3420,9152486,Medium Users
610,9152419,Low Users
2221,9150907,Low Users
3236,9150557,Low Users
1599,9148473,Low Users
299,9145194,Low Users
3328,9141074,Low Users
1232,9131691,Low Users
1462,9129711,Low Users
614,9128656,Low Users
2588,9127989,Low Users
3557,9127917,Low Users
4265,9127899,Low Users
3391,9126961,Low Users
4804,9126815,Low Users
3907,9125555,Low Users
435,9115508,Low Users
830,9114420,Low Users
3926,9110398,Low Users
4245,9105515,Low Users
4828,9098026,Low Users
4819,9091969,Low Users
898,9091298,Low Users
999,9089243,Low Users
1195,9087552,Low Users
3180,9082019,Low Users
2924,9080694,Low Users
1118,9076626,Low Users
1234,9066268,Low Users
4294,9065092,Low Users
2968,9063316,Low Users
4186,9060834,Low Users
2375,9057811,Low Users
2085,9056054,Low Users
385,9055853,Low Users
4317,9042328,Low Users
1724,9040885,Low Users
700,9031545,Low Users
2448,9030403,Low Users
4639,9022079,Low Users
4599,9021603,Low Users
2652,9018903,Low Users
273,9015663,Low Users
81,9011935,Low Users
748,9011841,Low Users
1506,9011215,Low Users
807,9002811,Low Users
3024,8999387,Low Users
1580,8997037,Low Users
4467,8996168,Low Users
2138,8995821,Low Users
1172,8995030,Low Users
4096,8993952,Low Users
2490,8987533,Low Users
173,8985170,Low Users
4461,8981366,Low Users
1072,8975354,Low Users
3039,8970291,Low Users
4540,8968961,Low Users
3729,8968637,Low Users
1293,8968224,Low Users
3193,8962622,Low Users
741,8961388,Low Users
4208,8960699,Low Users
1590,8955426,Low Users
3939,8953287,Low Users
1494,8950702,Low Users
85,8950358,Low Users
2496,8947222,Low Users
1547,8945346,Low Users
408,8944476,Low Users
1446,8942172,Low Users
3983,8940670,Low Users
2092,8927323,Low Users
3876,8926698,Low Users
579,8926096,Low Users
364,8925408,Low Users
2614,8924699,Low Users
561,8920234,Low Users
2466,8920138,Low Users
696,8915608,Low Users
167,8911969,Low Users
4746,8901576,Low Users
2991,8890773,Low Users
3228,8889932,Low Users
3909,8881140,Low Users
1753,8879071,Low Users
4677,8878246,Low Users
1546,8877208,Low Users
4873,8867689,Low Users
416,8867485,Low Users
1179,8863555,Low Users
1158,8861668,Low Users
948,8859375,Low Users
1849,8858962,Low Users
3740,8849304,Low Users
3552,8848836,Low Users
2504,8837563,Low Users
2179,8832774,Low Users
3056,8831558,Low Users
1564,8822830,Low Users
1169,8820170,Low Users
4694,8819357,Low Users
2035,8817966,Low Users
3203,8817535,Low Users
1938,8813756,Low Users
4101,8811052,Low Users
1343,8810875,Low Users
3547,8810497,Low Users
353,8808454,Low Users
205,8807082,Low Users
3145,8805616,Low Users
2628,8798785,Low Users
1490,8798448,Low Users
2177,8796684,Low Users
831,8796476,Low Users
98,8794256,Low Users
2281,8793566,Low Users
243,8792901,Low Users
2881,8790061,Low Users
4700,8787551,Low Users
2578,8785247,Low Users
2218,8777892,Low Users
2764,8776285,Low Users
1969,8769887,Low Users
4830,8768292,Low Users
4216,8759678,Low Users
4258,8757598,Low Users
2235,8757592,Low Users
2900,8755769,Low Users
4335,8754901,Low Users
522,8753395,Low Users
4472,8749884,Low Users
3289,8748715,Low Users
4195,8747165,Low Users
1193,8746146,Low Users
2239,8745904,Low Users
2208,8743291,Low Users
4521,8742876,Low Users
844,8740052,Low Users
4444,8738561,Low Users
118,8735558,Low Users
2435,8732933,Low Users
1445,8721497,Low Users
3862,8721044,Low Users
3693,8718870,Low Users
1673,8717686,Low Users
1146,8715248,Low Users
428,8715122,Low Users
1020,8712201,Low Users
2024,8710041,Low Users
1517,8698699,Low Users
391,8697708,Low Users
1647,8692427,Low Users
4382,8683133,Low Users
668,8682511,Low Users
4611,8677506,Low Users
3623,8675825,Low Users
3857,8672904,Low Users
2781,8664183,Low Users
4706,8657225,Low Users
1033,8655712,Low Users
3331,8650279,Low Users
4162,8650092,Low Users
2003,8640656,Low Users
2105,8639354,Low Users
1173,8637973,Low Users
4249,8637486,Low Users
1463,8631081,Low Users
2416,8628577,Low Users
1394,8621406,Low Users
1006,8615538,Low Users
1756,8611985,Low Users
856,8611857,Low Users
4210,8608292,Low Users
394,8604226,Low Users
2846,8603805,Low Users
3058,8602718,Low Users
1212,8601210,Low Users
1059,8600837,Low Users
1896,8597717,Low Users
1761,8595306,Low Users
1285,8595130,Low Users
4768,8592447,Low Users
1908,8589417,Low Users
3247,8588994,Low Users
3500,8586219,Low Users
73,8583521,Low Users
274,8573794,Low Users
2073,8572995,Low Users
2658,8570498,Low Users
701,8564083,Low Users
1223,8562083,Low Users
4536,8554324,Low Users
2558,8552436,Low Users
66,8549440,Low Users
220,8548717,Low Users
4964,8548666,Low Users
1851,8547606,Low Users
2119,8547273,Low Users
2701,8544196,Low Users
1959,8543283,Low Users
239,8540977,Low Users
942,8534723,Low Users
2983,8533441,Low Users
3721,8533113,Low Users
896,8527012,Low Users
605,8514816,Low Users
151,8513287,Low Users
3417,8500849,Low Users
510,8496010,Low Users
1312,8495108,Low Users
1253,8495063,Low Users
1514,8493470,Low Users
1099,8492917,Low Users
2544,8488260,Low Users
2256,8486055,Low Users
306,8482923,Low Users
4281,8479960,Low Users
1474,8478562,Low Users
4504,8474970,Low Users
1888,8474671,Low Users
4371,8472329,Low Users
3073,8471422,Low Users
1823,8471052,Low Users
4806,8469719,Low Users
1039,8469085,Low Users
406,8468379,Low Users
4401,8465290,Low Users
4891,8463924,Low Users
20,8463619,Low Users
3130,8460454,Low Users
3727,8459664,Low Users
4793,8456870,Low Users
40,8453526,Low Users
793,8447541,Low Users
1470,8441048,Low Users
2481,8440202,Low Users
3283,8439120,Low Users
3924,8437843,Low Users
1308,8434075,Low Users
1538,8433603,Low Users
486,8431904,Low Users
3511,8430745,Low Users
2370,8430462,Low Users
1471,8428118,Low Users
1751,8427858,Low Users
2998,8426255,Low Users
1167,8424620,Low Users
3164,8421580,Low Users
3014,8413927,Low Users
2120,8410357,Low Users
4850,8408275,Low Users
1038,8406473,Low Users
1885,8403596,Low Users
4554,8394490,Low Users
1034,8392559,Low Users
3421,8390000,Low Users
240,8388997,Low Users
2827,8388919,Low Users
491,8386208,Low Users
37,8383816,Low Users
285,8383193,Low Users
1940,8381701,Low Users
381,8380123,Low Users
3358,8363904,Low Users
1795,8363171,Low Users
1361,8356792,Low Users
2054,8355944,Low Users
2903,8354619,Low Users
3994,8352777,Low Users
1330,8352397,Low Users
1539,8352381,Low Users
3110,8346982,Low Users
1281,8345093,Low Users
1275,8340170,Low Users
4090,8335933,Low Users
4561,8334158,Low Users
28,8330802,Low Users
4389,8323240,Low Users
3157,8321604,Low Users
3021,8319028,Low Users
3712,8315872,Low Users
266,8311872,Low Users
3046,8304493,Low Users
1346,8298217,Low Users
396,8296215,Low Users
4448,8291734,Low Users
4417,8283804,Low Users
4404,8281874,Low Users
3273,8271285,Low Users
2158,8270583,Low Users
4774,8267013,Low Users
3051,8266041,Low Users
298,8256830,Low Users
1932,8256442,Low Users
523,8249654,Low Users
1831,8247820,Low Users
4432,8247393,Low Users
3413,8247346,Low Users
4486,8244736,Low Users
4598,8243042,Low Users
4637,8239491,Low Users
780,8235011,Low Users
2477,8229078,Low Users
3660,8216684,Low Users
4184,8215353,Low Users
1883,8194638,Low Users
2517,8194612,Low Users
4006,8192832,Low Users
2520,8190749,Low Users
1365,8188451,Low Users
3918,8187625,Low Users
1455,8184529,Low Users
4956,8182431,Low Users
1331,8179071,Low Users
339,8175486,Low Users
4323,8172213,Low Users
2340,8171709,Low Users
4987,8167977,Low Users
2410,8165301,Low Users
1765,8163692,Low Users
2976,8159315,Low Users
2699,8159163,Low Users
1960,8155289,Low Users
2075,8151829,Low Users
4478,8148768,Low Users
1441,8146924,Low Users
2864,8144807,Low Users
2124,8144017,Low Users
1135,8143333,Low Users
4130,8140901,Low Users
3563,8140719,Low Users
117,8137264,Low Users
3746,8136543,Low Users
2606,8130708,Low Users
906,8128015,Low Users
82,8126946,Low Users
4045,8126330,Low Users
4505,8122513,Low Users
3281,8120239,Low Users
3343,8114424,Low Users
1773,8113692,Low Users
4864,8112962,Low Users
619,8110143,Low Users
452,8100961,Low Users
1476,8098209,Low Users
3576,8098088,Low Users
3376,8093043,Low Users
2990,8084637,Low Users
4769,8083292,Low Users
3984,8083119,Low Users
1048,8080223,Low Users
3284,8070433,Low Users
1354,8062826,Low Users
3374,8060411,Low Users
2952,8058215,Low Users
1050,8056600,Low Users
1789,8055662,Low Users
33,8050953,Low Users
2527,8049078,Low Users
2787,8048121,Low Users
1382,8041209,Low Users
1793,8040461,Low Users
4529,8039337,Low Users
3410,8036837,Low Users
4379,8036823,Low Users
3788,8031943,Low Users
4194,8017404,Low Users
2337,8011739,Low Users
4997,8007598,Low Users
3418,8001996,Low Users
2228,7994011,Low Users
2038,7991725,Low Users
3428,7982476,Low Users
4539,7976930,Low Users
1748,7976318,Low Users
4142,7975456,Low Users
3956,7975135,Low Users
2848,7975038,Low Users
4060,7974958,Low Users
3306,7973182,Low Users
2397,7967607,Low Users
1126,7965782,Low Users
2360,7963264,Low Users
4303,7959880,Low Users
694,7955105,Low Users
3029,7954795,Low Users
4413,7954072,Low Users
232,7945406,Low Users
742,7944762,Low Users
1862,7943950,Low Users
3842,7939031,Low Users
3043,7934597,Low Users
4266,7926154,Low Users
2856,7924243,Low Users
828,7922211,Low Users
2173,7920721,Low Users
2601,7920423,Low Users
3242,7919254,Low Users
3135,7916407,Low Users
1313,7915564,Low Users
4713,7915489,Low Users
2089,7911787,Low Users
4232,7905795,Low Users
4140,7898567,Low Users
4534,7894746,Low Users
2310,7885973,Low Users
935,7882977,Low Users
1243,7881046,Low Users
4687,7880050,Low Users
4125,7876243,Low Users
2498,7874278,Low Users
4885,7871831,Low Users
4888,7870737,Low Users
772,7869152,Low Users
2852,7859381,Low Users
4223,7857781,Low Users
138,7855903,Low Users
1079,7850286,Low Users
730,7848332,Low Users
2007,7845460,Low Users
275,7836991,Low Users
4609,7836012,Low Users
2263,7829355,Low Users
2369,7825215,Low Users
1196,7825156,Low Users
1184,7821935,Low Users
1005,7817788,Low Users
2580,7817143,Low Users
89,7816047,Low Users
4719,7811390,Low Users
272,7809936,Low Users
799,7805058,Low Users
2168,7801705,Low Users
874,7800805,Low Users
3015,7799649,Low Users
4039,7797073,Low Users
4297,7792379,Low Users
2637,7792164,Low Users
3969,7790394,Low Users
2385,7780440,Low Users
4612,7780226,Low Users
4602,7775157,Low Users
3579,7767198,Low Users
2241,7764892,Low Users
1339,7752387,Low Users
1358,7749105,Low Users
141,7744591,Low Users
2768,7740167,Low Users
3427,7740102,Low Users
2362,7740042,Low Users
4075,7733072,Low Users
3295,7731743,Low Users
2948,7729963,Low Users
4408,7724479,Low Users
2359,7723243,Low Users
4559,7721572,Low Users
1778,7718216,Low Users
1671,7711834,Low Users
349,7709519,Low Users
2835,7695121,Low Users
4836,7694457,Low Users
4619,7688651,Low Users
2667,7685972,Low Users
3175,7685353,Low Users
3313,7682395,Low Users
3102,7680315,Low Users
1583,7676072,Low Users
4250,7671901,Low Users
1344,7661125,Low Users
4473,7655359,Low Users
3372,7636755,Low Users
3691,7627566,Low Users
3454,7623919,Low Users
4044,7621184,Low Users
3975,7620643,Low Users
1996,7603943,Low Users
4792,7602511,Low Users
1325,7598414,Low Users
926,7581255,Low Users
1405,7576604,Low Users
2981,7576503,Low Users
4824,7569902,Low Users
960,7569868,Low Users
2432,7565441,Low Users
1694,7564645,Low Users
1407,7560824,Low Users
352,7554595,Low Users
2798,7544367,Low Users
1646,7520199,Low Users
68,7515036,Low Users
4779,7510598,Low Users
341,7509263,Low Users
1120,7505373,Low Users
332,7501370,Low Users
2115,7492086,Low Users
423,7489193,Low Users
504,7482389,Low Users
4141,7475992,Low Users
609,7474027,Low Users
2192,7471914,Low Users
4537,7470970,Low Users
951,7464001,Low Users
1759,7459550,Low Users
1971,7458209,Low Users
4224,7455228,Low Users
334,7453357,Low Users
2938,7451242,Low Users
2725,7442311,Low Users
3398,7438590,Low Users
4445,7434941,Low Users
1679,7433442,Low Users
1314,7424889,Low Users
4271,7424461,Low Users
1624,7421353,Low Users
2409,7420591,Low Users
2815,7419702,Low Users
4257,7413510,Low Users
4261,7404728,Low Users
4721,7394596,Low Users
2611,7392810,Low Users
2474,7391513,Low Users
2569,7389477,Low Users
3889,7389368,Low Users
1701,7384150,Low Users
4707,7381753,Low Users
3353,7377008,Low Users
3792,7375849,Low Users
1111,7375069,Low Users
4443,7374754,Low Users
1233,7367836,Low Users
1901,7364041,Low Users
2705,7363500,Low Users
2836,7363161,Low Users
3129,7361309,Low Users
1933,7361039,Low Users
3614,7355051,Low Users
485,7353630,Low Users
1852,7348694,Low Users
4789,7314322,Low Users
2959,7304726,Low Users
548,7304264,Low Users
686,7303477,Low Users
4568,7302342,Low Users
4004,7295228,Low Users
1693,7291506,Low Users
390,7290102,Low Users
1904,7284988,Low Users
941,7281570,Low Users
4367,7281188,Low Users
2222,7276121,Low Users
2118,7274369,Low Users
3338,7272239,Low Users
886,7272150,Low Users
1224,7269643,Low Users
505,7263824,Low Users
80,7262520,Low Users
4475,7259542,Low Users
4298,7257264,Low Users
712,7250994,Low Users
2082,7249893,Low Users
4433,7242843,Low Users
311,7233283,Low Users
370,7232473,Low Users
2251,7230049,Low Users
2689,7224136,Low Users
2735,7223717,Low Users
4228,7215955,Low Users
3323,7214417,Low Users
327,7212372,Low Users
3395,7210171,Low Users
1803,7206428,Low Users
3263,7206206,Low Users
1970,7205368,Low Users
2913,7204415,Low Users
983,7204241,Low Users
3618,7200567,Low Users
1216,7197045,Low Users
2330,7192719,Low Users
2734,7188391,Low Users
4212,7186878,Low Users
601,7179578,Low Users
4747,7175941,Low Users
2159,7175617,Low Users
2161,7173639,Low Users
161,7173199,Low Users
444,7167017,Low Users
361,7165916,Low Users
174,7164261,Low Users
1062,7152523,Low Users
1927,7149983,Low Users
3341,7143649,Low Users
1871,7142750,Low Users
3259,7129585,Low Users
3583,7120717,Low Users
4794,7120131,Low Users
1519,7118794,Low Users
3834,7102682,Low Users
795,7101489,Low Users
3207,7101406,Low Users
916,7097026,Low Users
3831,7083197,Low Users
4113,7082902,Low Users
1004,7082497,Low Users
1718,7081782,Low Users
1054,7081665,Low Users
3300,7077280,Low Users
1337,7074481,Low Users
72,7067805,Low Users
3625,7059733,Low Users
2671,7057723,Low Users
1420,7053929,Low Users
3003,7043445,Low Users
3010,7041435,Low Users
4422,7035028,Low Users
2851,7025963,Low Users
2946,7024767,Low Users
2612,7023057,Low Users
2304,7020676,Low Users
2765,7020558,Low Users
1236,7006067,Low Users
4049,7005092,Low Users
3023,7001616,Low Users
140,7000604,Low Users
4626,7000165,Low Users
1046,6999441,Low Users
3849,6991781,Low Users
1372,6983709,Low Users
3527,6982793,Low Users
1175,6960183,Low Users
980,6950054,Low Users
3025,6948260,Low Users
1124,6941885,Low Users
1591,6939498,Low Users
4070,6939159,Low Users
1412,6934197,Low Users
2470,6931041,Low Users
2371,6929558,Low Users
1411,6928754,Low Users
4989,6928222,Low Users
4290,6923528,Low Users
901,6919302,Low Users
4867,6914727,Low Users
4925,6911142,Low Users
296,6908479,Low Users
1787,6903581,Low Users
3838,6901606,Low Users
729,6896974,Low Users
4144,6896449,Low Users
3425,6889134,Low Users
3099,6887987,Low Users
1351,6879967,Low Users
1779,6879494,Low Users
4111,6877439,Low Users
1256,6877290,Low Users
3814,6874103,Low Users
257,6869120,Low Users
2820,6863561,Low Users
4091,6863515,Low Users
3604,6860567,Low Users
3202,6857761,Low Users
1794,6855920,Low Users
934,6850964,Low Users
1801,6847481,Low Users
362,6845017,Low Users
891,6843452,Low Users
464,6838536,Low Users
3027,6837557,Low Users
2339,6837209,Low Users
2817,6836023,Low Users
222,6835945,Low Users
4949,6828690,Low Users
1997,6824881,Low Users
1121,6818497,Low Users
1416,6815488,Low Users
202,6811439,Low Users
2189,6809968,Low Users
4594,6806896,Low Users
3646,6800999,Low Users
4755,6799117,Low Users
1333,6784232,Low Users
1492,6776315,Low Users
4376,6772939,Low Users
358,6762918,Low Users
78,6759100,Low Users
2249,6756172,Low Users
147,6754048,Low Users
1395,6752527,Low Users
2450,6749540,Low Users
3946,6739292,Low Users
952,6737949,Low Users
3615,6735679,Low Users
4857,6728356,Low Users
841,6722749,Low Users
1509,6722078,Low Users
76,6717851,Low Users
2107,6707579,Low Users
3455,6706092,Low Users
144,6688013,Low Users
767,6686466,Low Users
4197,6685556,Low Users
2962,6682804,Low Users
4837,6675628,Low Users
4616,6673740,Low Users
2573,6652569,Low Users
1857,6650001,Low Users
4002,6649190,Low Users
4644,6647613,Low Users
256,6643674,Low Users
817,6641134,Low Users
4494,6634411,Low Users
4227,6628863,Low Users
2730,6622643,Low Users
3435,6613107,Low Users
4647,6608310,Low Users
1335,6605718,Low Users
4841,6603472,Low Users
2104,6601605,Low Users
2644,6601197,Low Users
663,6597449,Low Users
2299,6591212,Low Users
3737,6585214,Low Users
2832,6585054,Low Users
3181,6583081,Low Users
3198,6570316,Low Users
3201,6567694,Low Users
820,6563989,Low Users
571,6559933,Low Users
704,6557257,Low Users
4775,6554958,Low Users
2184,6543359,Low Users
2350,6541863,Low Users
3091,6538294,Low Users
2456,6538022,Low Users
2196,6533326,Low Users
1450,6531543,Low Users
699,6530630,Low Users
4660,6526852,Low Users
2503,6518522,Low Users
927,6512502,Low Users
566,6511272,Low Users
1310,6507801,Low Users
1603,6507061,Low Users
2328,6506039,Low Users
4174,6493023,Low Users
3808,6492140,Low Users
882,6491873,Low Users
836,6490447,Low Users
3166,6489832,Low Users
4986,6489171,Low Users
123,6484184,Low Users
3903,6477199,Low Users
1853,6473344,Low Users
647,6471517,Low Users
2183,6466266,Low Users
4617,6463748,Low Users
4405,6455149,Low Users
331,6454998,Low Users
2559,6440238,Low Users
1822,6438333,Low Users
3690,6434522,Low Users
3871,6430960,Low Users
4579,6426295,Low Users
534,6423490,Low Users
2769,6417812,Low Users
3387,6413846,Low Users
4739,6411566,Low Users
262,6408744,Low Users
4846,6406445,Low Users
4027,6402136,Low Users
27,6401773,Low Users
2804,6400462,Low Users
3468,6391205,Low Users
3542,6389906,Low Users
2533,6384848,Low Users
3535,6384193,Low Users
2516,6380423,Low Users
1700,6376245,Low Users
1481,6376009,Low Users
2710,6375729,Low Users
2738,6360206,Low Users
555,6358092,Low Users
2172,6355729,Low Users
12,6352810,Low Users
2775,6328426,Low Users
3879,6325118,Low Users
4403,6317382,Low Users
4442,6306258,Low Users
2545,6304151,Low Users
1886,6296797,Low Users
181,6296107,Low Users
4324,6289715,Low Users
3223,6285581,Low Users
4126,6280634,Low Users
4967,6278800,Low Users
2127,6278566,Low Users
521,6277964,Low Users
1740,6270841,Low Users
1903,6269967,Low Users
2893,6269734,Low Users
2000,6263584,Low Users
3144,6262549,Low Users
1898,6261138,Low Users
2620,6259051,Low Users
3153,6248193,Low Users
1711,6243132,Low Users
1219,6238835,Low Users
4226,6230966,Low Users
3793,6224651,Low Users
4377,6224296,Low Users
2633,6219736,Low Users
1836,6219395,Low Users
2780,6217149,Low Users
477,6214758,Low Users
2202,6200816,Low Users
3573,6198658,Low Users
245,6198344,Low Users
75,6194522,Low Users
4320,6188115,Low Users
737,6184877,Low Users
4062,6182256,Low Users
3733,6174403,Low Users
11,6168021,Low Users
1401,6162337,Low Users
3469,6160160,Low Users
1791,6149248,Low Users
454,6140514,Low Users
4778,6135806,Low Users
693,6133367,Low Users
3336,6108492,Low Users
972,6102249,Low Users
2404,6102192,Low Users
2560,6091631,Low Users
1225,6088031,Low Users
4624,6062250,Low Users
2123,6058955,Low Users
1824,6058168,Low Users
4285,6054087,Low Users
1353,6053982,Low Users
4085,6053575,Low Users
2427,6050384,Low Users
2430,6044313,Low Users
2718,6041742,Low Users
2556,6037394,Low Users
530,6024672,Low Users
1241,6023950,Low Users
1769,6023886,Low Users
21,6021108,Low Users
3132,6009326,Low Users
2591,6008221,Low Users
1507,6007715,Low Users
4026,6006606,Low Users
537,6005610,Low Users
682,5998954,Low Users
862,5997079,Low Users
2926,5997025,Low Users
3854,5995432,Low Users
1874,5985863,Low Users
3799,5982939,Low Users
483,5974872,Low Users
488,5959242,Low Users
1326,5958945,Low Users
3496,5958004,Low Users
17,5953105,Low Users
1800,5950900,Low Users
3276,5950567,Low Users
414,5949764,Low Users
252,5947266,Low Users
1604,5942961,Low Users
1488,5934987,Low Users
1934,5927539,Low Users
3978,5924640,Low Users
2121,5923614,Low Users
1089,5916752,Low Users
4882,5910167,Low Users
664,5899839,Low Users
4124,5897926,Low Users
4728,5896458,Low Users
1299,5896017,Low Users
4657,5887438,Low Users
2602,5884416,Low Users
3985,5883113,Low Users
2205,5879717,Low Users
2866,5877445,Low Users
2002,5867846,Low Users
907,5864751,Low Users
3365,5851503,Low Users
3119,5850656,Low Users
3324,5846987,Low Users
3781,5846335,Low Users
3612,5846052,Low Users
3150,5840769,Low Users
570,5825861,Low Users
1577,5822864,Low Users
2859,5810992,Low Users
857,5802777,Low Users
462,5800370,Low Users
2707,5799648,Low Users
671,5795489,Low Users
3134,5793808,Low Users
4787,5791667,Low Users
3507,5791381,Low Users
3869,5789937,Low Users
4454,5782209,Low Users
3541,5780722,Low Users
702,5777409,Low Users
1963,5776981,Low Users
4685,5776864,Low Users
4046,5770092,Low Users
1200,5767647,Low Users
2577,5761350,Low Users
1403,5761348,Low Users
2570,5759741,Low Users
4549,5755903,Low Users
1949,5755231,Low Users
388,5750169,Low Users
2627,5743731,Low Users
1848,5741910,Low Users
3187,5741047,Low Users
3194,5730073,Low Users
3865,5728604,Low Users
4489,5725714,Low Users
3020,5725695,Low Users
1882,5725163,Low Users
2947,5722248,Low Users
1684,5706220,Low Users
392,5705974,Low Users
2982,5705513,Low Users
3882,5693362,Low Users
1953,5690628,Low Users
4716,5678338,Low Users
4796,5674047,Low Users
434,5665428,Low Users
3382,5662531,Low Users
3556,5655637,Low Users
2865,5655560,Low Users
850,5651276,Low Users
2783,5644716,Low Users
829,5644134,Low Users
2148,5639110,Low Users
1296,5633993,Low Users
1553,5632270,Low Users
943,5628704,Low Users
800,5626900,Low Users
1068,5623426,Low Users
672,5615869,Low Users
1230,5612511,Low Users
1656,5600159,Low Users
439,5593061,Low Users
1776,5590415,Low Users
2722,5582349,Low Users
1449,5579276,Low Users
685,5577359,Low Users
956,5576051,Low Users
3357,5560219,Low Users
549,5552247,Low Users
541,5551451,Low Users
630,5545739,Low Users
922,5535053,Low Users
2009,5534937,Low Users
1512,5534362,Low Users
3493,5532360,Low Users
1107,5522485,Low Users
2788,5519396,Low Users
535,5517964,Low Users
1719,5506389,Low Users
981,5491787,Low Users
2297,5475516,Low Users
4520,5472475,Low Users
3963,5469882,Low Users
1366,5455627,Low Users
2143,5451495,Low Users
1307,5448768,Low Users
4438,5448175,Low Users
3881,5447316,Low Users
1159,5443444,Low Users
2830,5442554,Low Users
3620,5437198,Low Users
2581,5433362,Low Users
3619,5430184,Low Users
4193,5429323,Low Users
588,5428068,Low Users
3065,5421890,Low Users
3700,5421732,Low Users
184,5418719,Low Users
1381,5418229,Low Users
2753,5407176,Low Users
2174,5387895,Low Users
4033,5386356,Low Users
1780,5378949,Low Users
456,5378053,Low Users
442,5372992,Low Users
1958,5368169,Low Users
2240,5367546,Low Users
2198,5357304,Low Users
2616,5348467,Low Users
2122,5323732,Low Users
3778,5313928,Low Users
4883,5309728,Low Users
4961,5307989,Low Users
1321,5301714,Low Users
2098,5301600,Low Users
2928,5292670,Low Users
3759,5291881,Low Users
921,5291371,Low Users
3774,5290160,Low Users
4960,5289116,Low Users
2692,5278543,Low Users
2749,5277237,Low Users
3075,5274546,Low Users
4311,5267854,Low Users
675,5263097,Low Users
3601,5256970,Low Users
3266,5249259,Low Users
3592,5247864,Low Users
3694,5246160,Low Users
583,5245113,Low Users
4264,5244079,Low Users
3995,5243414,Low Users
3960,5240535,Low Users
1586,5240513,Low Users
389,5233633,Low Users
4947,5230759,Low Users
503,5222244,Low Users
4220,5220151,Low Users
978,5219822,Low Users
1466,5214856,Low Users
3920,5207949,Low Users
3013,5204718,Low Users
2663,5199162,Low Users
1186,5192824,Low Users
4050,5192439,Low Users
3860,5191864,Low Users
1116,5188994,Low Users
2793,5188664,Low Users
4171,5184173,Low Users
2854,5183194,Low Users
1593,5182052,Low Users
3288,5173435,Low Users
4596,5167482,Low Users
4332,5158463,Low Users
3294,5144118,Low Users
4237,5138348,Low Users
105,5127201,Low Users
3389,5126053,Low Users
229,5121308,Low Users
1097,5119701,Low Users
1067,5118225,Low Users
4279,5117787,Low Users
1736,5114425,Low Users
1774,5098055,Low Users
4990,5085855,Low Users
345,5082994,Low Users
3755,5071526,Low Users
346,5056112,Low Users
1619,5051436,Low Users
1878,5049203,Low Users
2502,5046124,Low Users
3720,5041856,Low Users
1094,5039184,Low Users
2426,5038894,Low Users
1235,5038093,Low Users
3005,5036257,Low Users
1480,5035589,Low Users
1571,5032197,Low Users
945,5028675,Low Users
2657,5026488,Low Users
4260,5024656,Low Users
2332,5020818,Low Users
4001,5020500,Low Users
2446,5014938,Low Users
2724,5009396,Low Users
2417,5000139,Low Users
1657,4996510,Low Users
109,4995426,Low Users
1986,4990315,Low Users
1371,4988305,Low Users
4246,4986650,Low Users
2074,4984304,Low Users
490,4979771,Low Users
4056,4976914,Low Users
3589,4975904,Low Users
1987,4974554,Low Users
1485,4973369,Low Users
4865,4971646,Low Users
1261,4950573,Low Users
4666,4943960,Low Users
2045,4934900,Low Users
1575,4929113,Low Users
4969,4926017,Low Users
635,4924630,Low Users
3786,4920503,Low Users
3040,4919777,Low Users
2437,4913763,Low Users
2285,4912625,Low Users
404,4906347,Low Users
3230,4900138,Low Users
3446,4898810,Low Users
3847,4897414,Low Users
1289,4893984,Low Users
2169,4893129,Low Users
293,4892197,Low Users
3151,4888441,Low Users
1271,4887100,Low Users
1891,4878376,Low Users
457,4864448,Low Users
29,4859143,Low Users
2230,4853469,Low Users
4253,4852857,Low Users
1544,4851556,Low Users
474,4845256,Low Users
297,4844605,Low Users
937,4837526,Low Users
1340,4837461,Low Users
10,4833017,Low Users
2170,4832222,Low Users
3971,4831752,Low Users
4601,4831401,Low Users
4200,4830859,Low Users
1902,4825608,Low Users
4017,4821732,Low Users
3789,4818684,Low Users
994,4816231,Low Users
3647,4816157,Low Users
4994,4812954,Low Users
1708,4808709,Low Users
2462,4807396,Low Users
309,4796177,Low Users
1336,4779646,Low Users
3708,4768763,Low Users
4683,4768574,Low Users
2923,4761792,Low Users
2687,4756381,Low Users
4812,4749506,Low Users
2443,4748276,Low Users
4766,4746396,Low Users
3979,4738405,Low Users
1140,4735090,Low Users
1890,4731830,Low Users
711,4729677,Low Users
710,4725679,Low Users
2431,4712201,Low Users
757,4709380,Low Users
1782,4706117,Low Users
38,4698535,Low Users
4673,4695910,Low Users
4590,4692437,Low Users
1608,4690425,Low Users
4913,4686574,Low Users
4219,4680947,Low Users
1110,4680778,Low Users
2714,4674945,Low Users
3158,4669377,Low Users
4373,4669324,Low Users
4741,4668310,Low Users
3186,4665652,Low Users
4190,4654049,Low Users
2813,4635700,Low Users
4817,4619823,Low Users
2584,4617195,Low Users
1842,4609034,Low Users
3325,4608774,Low Users
2953,4600316,Low Users
637,4597990,Low Users
1710,4592162,Low Users
1820,4588666,Low Users
2739,4583513,Low Users
3028,4581718,Low Users
1499,4578630,Low Users
4073,4571666,Low Users
4316,4565883,Low Users
63,4561608,Low Users
1132,4556385,Low Users
845,4548495,Low Users
1359,4548063,Low Users
4547,4547901,Low Users
4735,4538566,Low Users
923,4538446,Low Users
1393,4537337,Low Users
4398,4529936,Low Users
3867,4520800,Low Users
1292,4520490,Low Users
79,4519312,Low Users
4764,4517375,Low Users
4904,4502121,Low Users
7,4501521,Low Users
4177,4500627,Low Users
4319,4485735,Low Users
2546,4484652,Low Users
2231,4484651,Low Users
4351,4478690,Low Users
4686,4478601,Low Users
473,4477951,Low Users
2055,4476348,Low Users
1884,4472245,Low Users
899,4459143,Low Users
2879,4451436,Low Users
873,4434470,Low Users
2114,4423268,Low Users
3681,4416414,Low Users
1047,4413552,Low Users
1584,4410600,Low Users
2052,4410393,Low Users
690,4408790,Low Users
4998,4407343,Low Users
3637,4403513,Low Users
1562,4398954,Low Users
4610,4391684,Low Users
3643,4383041,Low Users
617,4382477,Low Users
3705,4382182,Low Users
2080,4359555,Low Users
47,4352171,Low Users
2335,4339035,Low Users
4231,4321689,Low Users
399,4319273,Low Users
971,4316855,Low Users
1576,4313586,Low Users
3803,4306696,Low Users
4419,4303438,Low Users
86,4300895,Low Users
3513,4296582,Low Users
420,4294325,Low Users
2819,4292758,Low Users
4165,4280060,Low Users
2977,4276342,Low Users
4855,4276040,Low Users
2019,4275992,Low Users
4151,4275544,Low Users
3488,4275309,Low Users
204,4273640,Low Users
53,4267697,Low Users
3139,4266718,Low Users
2740,4265382,Low Users
2006,4251339,Low Users
3959,4249509,Low Users
4866,4248255,Low Users
2684,4240749,Low Users
991,4230323,Low Users
3761,4222640,Low Users
3063,4208353,Low Users
2933,4198951,Low Users
559,4197078,Low Users
100,4192824,Low Users
2919,4180333,Low Users
1088,4176075,Low Users
993,4175132,Low Users
2759,4159482,Low Users
2027,4157479,Low Users
268,4152187,Low Users
2776,4143370,Low Users
2853,4141507,Low Users
3782,4132818,Low Users
3373,4132707,Low Users
1073,4131891,Low Users
4652,4131781,Low Users
4655,4128881,Low Users
1802,4118007,Low Users
3835,4115751,Low Users
2464,4105121,Low Users
3086,4103585,Low Users
788,4095783,Low Users
1615,4085419,Low Users
4535,4071447,Low Users
1457,4071096,Low Users
3698,4063687,Low Users
4640,4061632,Low Users
2626,4049307,Low Users
798,4043280,Low Users
2167,4040950,Low Users
3607,4019587,Low Users
2487,4011143,Low Users
3320,4010999,Low Users
2163,4005898,Low Users
2823,4003569,Low Users
2562,3987783,Low Users
2949,3986004,Low Users
2081,3976736,Low Users
1409,3963940,Low Users
3248,3957967,Low Users
2607,3938089,Low Users
2729,3934108,Low Users
3182,3929475,Low Users
2346,3917174,Low Users
2860,3915996,Low Users
96,3912563,Low Users
4968,3910921,Low Users
2510,3904682,Low Users
2438,3890394,Low Users
4553,3890036,Low Users
4048,3883010,Low Users
975,3882236,Low Users
377,3877315,Low Users
3571,3877302,Low Users
728,3864410,Low Users
897,3863446,Low Users
127,3861835,Low Users
3078,3843938,Low Users
789,3828050,Low Users
3845,3816115,Low Users
3450,3804478,Low Users
2023,3804185,Low Users
4251,3802922,Low Users
3018,3793232,Low Users
112,3790468,Low Users
4374,3780597,Low Users
3254,3779137,Low Users
4243,3778670,Low Users
2660,3778294,Low Users
3487,3778109,Low Users
2091,3775692,Low Users
4328,3770654,Low Users
915,3753929,Low Users
2050,3742600,Low Users
3171,3740883,Low Users
4361,3738161,Low Users
4248,3735609,Low Users
3742,3734162,Low Users
3769,3722666,Low Users
142,3716405,Low Users
3914,3712244,Low Users
1482,3709242,Low Users
4966,3706988,Low Users
2013,3706039,Low Users
1498,3705547,Low Users
1698,3693128,Low Users
1413,3688046,Low Users
2571,3676620,Low Users
2932,3670593,Low Users
1534,3643980,Low Users
4681,3642588,Low Users
2486,3641117,Low Users
2767,3634844,Low Users
4827,3628722,Low Users
2693,3626000,Low Users
992,3610630,Low Users
2267,3610145,Low Users
499,3609529,Low Users
1939,3606348,Low Users
564,3598636,Low Users
3595,3583127,Low Users
4863,3573070,Low Users
2807,3569367,Low Users
1389,3569071,Low Users
2719,3565841,Low Users
2425,3558212,Low Users
4352,3555989,Low Users
659,3549859,Low Users
1123,3539473,Low Users
3347,3530608,Low Users
2492,3529442,Low Users
2090,3521897,Low Users
3490,3518609,Low Users
253,3506154,Low Users
3650,3477876,Low Users
2309,3462468,Low Users
225,3444635,Low Users
3070,3441247,Low Users
3843,3437564,Low Users
470,3420832,Low Users
1424,3414817,Low Users
959,3407024,Low Users
3509,3406257,Low Users
2354,3405362,Low Users
1897,3397973,Low Users
264,3391032,Low Users
178,3386818,Low Users
4871,3373387,Low Users
3958,3362554,Low Users
1245,3355119,Low Users
1418,3345970,Low Users
765,3342070,Low Users
1536,3334449,Low Users
4962,3325282,Low Users
3087,3324335,Low Users
3772,3306475,Low Users
666,3300422,Low Users
3503,3289162,Low Users
3864,3288397,Low Users
3821,3286555,Low Users
4429,3286505,Low Users
1699,3283927,Low Users
3817,3279331,Low Users
3667,3265557,Low Users
3644,3263056,Low Users
1077,3260077,Low Users
660,3252959,Low Users
1328,3252680,Low Users
2605,3250655,Low Users
3892,3242747,Low Users
193,3239901,Low Users
130,3223185,Low Users
4381,3220041,Low Users
859,3217752,Low Users
2422,3214609,Low Users
649,3175136,Low Users
1515,3171325,Low Users
2276,3164336,Low Users
3360,3157560,Low Users
1144,3150418,Low Users
1391,3144275,Low Users
3514,3135309,Low Users
463,3116935,Low Users
2872,3115181,Low Users
329,3097354,Low Users
2103,3092596,Low Users
1438,3083366,Low Users
4935,3082795,Low Users
1722,3067393,Low Users
2680,3063160,Low Users
1056,3048021,Low Users
1064,3041109,Low Users
2109,3034465,Low Users
4272,3033801,Low Users
1318,3008447,Low Users
1156,3004373,Low Users
1242,2998865,Low Users
4322,2997505,Low Users
4132,2994645,Low Users
1414,2969862,Low Users
4650,2961948,Low Users
3944,2958464,Low Users
23,2955176,Low Users
1375,2942038,Low Users
4347,2938237,Low Users
2797,2930971,Low Users
720,2925594,Low Users
572,2919154,Low Users
3538,2880631,Low Users
1284,2850788,Low Users
502,2848629,Low Users
3921,2829700,Low Users
3101,2821595,Low Users
3875,2811750,Low Users
4399,2808576,Low Users
2213,2804756,Low Users
1086,2795778,Low Users
4179,2792384,Low Users
4431,2791916,Low Users
2934,2784461,Low Users
4518,2779731,Low Users
3955,2774890,Low Users
3231,2771412,Low Users
4512,2767870,Low Users
4053,2763333,Low Users
621,2760759,Low Users
967,2758620,Low Users
2070,2757928,Low Users
930,2757698,Low Users
214,2753647,Low Users
4387,2752479,Low Users
3342,2748711,Low Users
4517,2738985,Low Users
1364,2729902,Low Users
132,2728849,Low Users
171,2721761,Low Users
1510,2715099,Low Users
4927,2710267,Low Users
4678,2704885,Low Users
3475,2687680,Low Users
4304,2684713,Low Users
3885,2678194,Low Users
1108,2652308,Low Users
3438,2649644,Low Users
2030,2623875,Low Users
3430,2612132,Low Users
3812,2611669,Low Users
822,2596478,Low Users
2194,2587497,Low Users
1134,2583577,Low Users
3551,2575321,Low Users
1840,2570980,Low Users
2869,2567552,Low Users
2736,2559032,Low Users
2365,2550126,Low Users
2986,2539475,Low Users
2461,2518512,Low Users
4942,2515905,Low Users
4821,2515063,Low Users
4284,2514892,Low Users
3910,2513467,Low Users
224,2496251,Low Users
376,2492537,Low Users
154,2472773,Low Users
3528,2462636,Low Users
1814,2458291,Low Users
1090,2457519,Low Users
1211,2455256,Low Users
300,2452482,Low Users
681,2449793,Low Users
1916,2449191,Low Users
2101,2440383,Low Users
4909,2437024,Low Users
433,2424578,Low Users
3367,2424451,Low Users
4267,2419355,Low Users
4667,2395580,Low Users
277,2376447,Low Users
194,2366920,Low Users
250,2347706,Low Users
4009,2343186,Low Users
4421,2330787,Low Users
1669,2309712,Low Users
4971,2308753,Low Users
59,2303300,Low Users
1600,2296954,Low Users
1681,2241257,Low Users
2157,2240215,Low Users
1804,2225180,Low Users
3566,2220882,Low Users
1981,2211122,Low Users
2837,2206123,Low Users
403,2202844,Low Users
2146,2199447,Low Users
3200,2181969,Low Users
1834,2174967,Low Users
4958,2154759,Low Users
2246,2111336,Low Users
842,2097684,Low Users
626,2070759,Low Users
1125,2045998,Low Users
1879,2040805,Low Users
1456,2016451,Low Users
790,1980280,Low Users
4038,1979496,Low Users
3898,1965870,Low Users
4585,1954115,Low Users
3764,1949532,Low Users
436,1887768,Low Users
1468,1883065,Low Users
2376,1882930,Low Users
4943,1874467,Low Users
599,1860406,Low Users
4356,1854642,Low Users
791,1829287,Low Users
401,1822277,Low Users
1260,1803629,Low Users
4024,1793225,Low Users
2915,1705081,Low Users
2209,1699188,Low Users
3613,1695758,Low Users
4847,1676697,Low Users
4157,1671821,Low Users
4031,1661525,Low Users
722,1659817,Low Users
3530,1651135,Low Users
77,1646299,Low Users
3565,1645363,Low Users
1855,1642004,Low Users
247,1624338,Low Users
3649,1606814,Low Users
4511,1601679,Low Users
4087,1592124,Low Users
1288,1557954,Low Users
4984,1552668,Low Users
3666,1537313,Low Users
2514,1517461,Low Users
4613,1515712,Low Users
4931,1506238,Low Users
2971,1487332,Low Users
3416,1477510,Low Users
4514,1475685,Low Users
602,1465992,Low Users
1026,1458822,Low Users
3402,1419757,Low Users
4023,1416589,Low Users
3054,1389872,Low Users
1298,1382316,Low Users
2033,1380303,Low Users
3414,1365470,Low Users
4878,1330726,Low Users
1912,1322025,Low Users
1752,1302139,Low Users
4020,1297128,Low Users
2818,1290047,Low Users
3859,1282877,Low Users
1809,1280379,Low Users
4703,1250822,Low Users
3123,1238570,Low Users
1049,1238269,Low Users
4757,1225280,Low Users
835,1224126,Low Users
747,1219277,Low Users
4991,1196752,Low Users
3443,1191575,Low Users
2549,1188417,Low Users
4659,1143199,Low Users
1749,1133894,Low Users
657,1088149,Low Users
731,1049240,Low Users
2650,1045065,Low Users
3608,1027840,Low Users
2726,1021712,Low Users
1206,1017912,Low Users
4035,1002474,Low Users
3026,992532,Low Users
3676,982861,Low Users
1189,968079,Low Users
2381,915032,Low Users
3738,895490,Low Users
4582,807375,Low Users
4503,794998,Low Users
3036,757066,Low Users
4933,725816,Low Users
2586,718177,Low Users
3767,694693,Low Users
4632,641290,Low Users
2715,639972,Low Users
455,625842,Low Users
3651,586849,Low Users
3798,576267,Low Users
71,553915,Low Users
1720,547695,Low Users
4621,484852,Low Users
3992,467738,Low Users
1164,418959,Low Users
938,402900,Low Users
2398,401544,Low Users
1065,371026,Low Users
3758,345739,Low Users
2809,320114,Low Users
1440,300676,Low Users
1644,292056,Low Users
3850,290832,Low Users
550,239595,Low Users
2654,229767,Low Users
3407,219673,Low Users
2447,177669,Low Users
1811,161301,Low Users
2378,98173,Low Users
2411,92591,Low Users
2144,88221,Low Users
3536,87367,Low Users
1589,47063,Low Users
4037,38824,Low Users
93,0,Low Users
116,0,Low Users
357,0,Low Users
553,0,Low Users
761,0,Low Users
849,0,Low Users
985,0,Low Users
1009,0,Low Users
1442,0,Low Users
1596,0,Low Users
1602,0,Low Users
1667,0,Low Users
1838,0,Low Users
1873,0,Low Users
1945,0,Low Users
2290,0,Low Users
2555,0,Low Users
2937,0,Low Users
3030,0,Low Users
3114,0,Low Users
3787,0,Low Users
3811,0,Low Users
3982,0,Low Users
4169,0,Low Users
4477,0,Low Users
4531,0,Low Users
4595,0,Low Users
4651,0,Low Users
4658,0,Low Users
4684,0,Low Users
4894,0,Low Users
